subID,...1,answer,questionStage,taskN,questionNo,question,taskCond,intCond,timepoint
sub_71412,1,67,postBlock3,0,1,"During the last block, how much did you
FEEL PLEASED
when you collected the coins?


Please rate from 0 to 100 on the scale
below, where

  0 =             and            100 = 
 ""not at all""                    ""most possible""",rew-eff-first,CR,0
sub_71412,2,83,postBlock1,0,1,"During the last block, how much did you
FEEL PLEASED
when you collected the coins?


Please rate from 0 to 100 on the scale
below, where

  0 =             and            100 = 
 ""not at all""                    ""most possible""",rew-eff-first,CR,0
sub_71412,3,84,postBlock2,0,1,"During the last block, how much did you
FEEL PLEASED
when you collected the coins?


Please rate from 0 to 100 on the scale
below, where

  0 =             and            100 = 
 ""not at all""                    ""most possible""",rew-eff-first,CR,0
sub_71412,4,100,postBlock0,0,1,"During the last block, how much did you
FEEL PLEASED
when you collected the coins?


Please rate from 0 to 100 on the scale
below, where

  0 =             and            100 = 
 ""not at all""                    ""most possible""",rew-eff-first,CR,0
sub_71412,5,100,postBlock0,0,2,"During the last block, how much did you
FEEL A SENSE OF ACHIEVEMENT when you
sucessfully hit the required power level?


Please rate from 0 to 100 on the scale
below, where

  0 =             and            100 = 
 ""not at all""                    ""most possible""",rew-eff-first,CR,0
sub_71412,6,62,postBlock3,0,2,"During the last block, how much did you
FEEL A SENSE OF ACHIEVEMENT when you
sucessfully hit the required power level?


Please rate from 0 to 100 on the scale
below, where

  0 =             and            100 = 
 ""not at all""                    ""most possible""",rew-eff-first,CR,0
sub_71412,7,77,postBlock1,0,2,"During the last block, how much did you
FEEL A SENSE OF ACHIEVEMENT when you
sucessfully hit the required power level?


Please rate from 0 to 100 on the scale
below, where

  0 =             and            100 = 
 ""not at all""                    ""most possible""",rew-eff-first,CR,0
sub_71412,8,69,postBlock2,0,2,"During the last block, how much did you
FEEL A SENSE OF ACHIEVEMENT when you
sucessfully hit the required power level?


Please rate from 0 to 100 on the scale
below, where

  0 =             and            100 = 
 ""not at all""                    ""most possible""",rew-eff-first,CR,0
sub_71412,9,0,postBlock0,0,3,"During the last block, how much did you
FEEL BORED?
Please rate from 0 to 100 on the scale
below, where

  0 =             and            100 = 
 ""not at all""                    ""most possible""",rew-eff-first,CR,0
sub_71412,10,55,postBlock1,0,3,"During the last block, how much did you
FEEL BORED?
Please rate from 0 to 100 on the scale
below, where

  0 =             and            100 = 
 ""not at all""                    ""most possible""",rew-eff-first,CR,0
sub_71412,11,75,postBlock3,0,3,"During the last block, how much did you
FEEL BORED?
Please rate from 0 to 100 on the scale
below, where

  0 =             and            100 = 
 ""not at all""                    ""most possible""",rew-eff-first,CR,0
sub_71412,12,63,postBlock2,0,3,"During the last block, how much did you
FEEL BORED?
Please rate from 0 to 100 on the scale
below, where

  0 =             and            100 = 
 ""not at all""                    ""most possible""",rew-eff-first,CR,0
sub_64424,13,53,postBlock3,0,1,"During the last block, how much did you
FEEL PLEASED
when you collected the coins?


Please rate from 0 to 100 on the scale
below, where

  0 =             and            100 = 
 ""not at all""                    ""most possible""",rew-eff-first,BA,0
sub_64424,14,82,postBlock1,0,1,"During the last block, how much did you
FEEL PLEASED
when you collected the coins?


Please rate from 0 to 100 on the scale
below, where

  0 =             and            100 = 
 ""not at all""                    ""most possible""",rew-eff-first,BA,0
sub_64424,15,66,postBlock2,0,1,"During the last block, how much did you
FEEL PLEASED
when you collected the coins?


Please rate from 0 to 100 on the scale
below, where

  0 =             and            100 = 
 ""not at all""                    ""most possible""",rew-eff-first,BA,0
sub_64424,16,73,postBlock0,0,1,"During the last block, how much did you
FEEL PLEASED
when you collected the coins?


Please rate from 0 to 100 on the scale
below, where

  0 =             and            100 = 
 ""not at all""                    ""most possible""",rew-eff-first,BA,0
sub_64424,17,83,postBlock0,0,2,"During the last block, how much did you
FEEL A SENSE OF ACHIEVEMENT when you
sucessfully hit the required power level?


Please rate from 0 to 100 on the scale
below, where

  0 =             and            100 = 
 ""not at all""                    ""most possible""",rew-eff-first,BA,0
sub_64424,18,59,postBlock3,0,2,"During the last block, how much did you
FEEL A SENSE OF ACHIEVEMENT when you
sucessfully hit the required power level?


Please rate from 0 to 100 on the scale
below, where

  0 =             and            100 = 
 ""not at all""                    ""most possible""",rew-eff-first,BA,0
sub_64424,19,66,postBlock1,0,2,"During the last block, how much did you
FEEL A SENSE OF ACHIEVEMENT when you
sucessfully hit the required power level?


Please rate from 0 to 100 on the scale
below, where

  0 =             and            100 = 
 ""not at all""                    ""most possible""",rew-eff-first,BA,0
sub_64424,20,58,postBlock2,0,2,"During the last block, how much did you
FEEL A SENSE OF ACHIEVEMENT when you
sucessfully hit the required power level?


Please rate from 0 to 100 on the scale
below, where

  0 =             and            100 = 
 ""not at all""                    ""most possible""",rew-eff-first,BA,0
sub_64424,21,40,postBlock0,0,3,"During the last block, how much did you
FEEL BORED?
Please rate from 0 to 100 on the scale
below, where

  0 =             and            100 = 
 ""not at all""                    ""most possible""",rew-eff-first,BA,0
sub_64424,22,23,postBlock1,0,3,"During the last block, how much did you
FEEL BORED?
Please rate from 0 to 100 on the scale
below, where

  0 =             and            100 = 
 ""not at all""                    ""most possible""",rew-eff-first,BA,0
sub_64424,23,55,postBlock3,0,3,"During the last block, how much did you
FEEL BORED?
Please rate from 0 to 100 on the scale
below, where

  0 =             and            100 = 
 ""not at all""                    ""most possible""",rew-eff-first,BA,0
sub_64424,24,46,postBlock2,0,3,"During the last block, how much did you
FEEL BORED?
Please rate from 0 to 100 on the scale
below, where

  0 =             and            100 = 
 ""not at all""                    ""most possible""",rew-eff-first,BA,0
sub_84361,25,73,postBlock3,0,1,"During the last block, how much did you
FEEL PLEASED
when you collected the coins?


Please rate from 0 to 100 on the scale
below, where

  0 =             and            100 = 
 ""not at all""                    ""most possible""",rew-eff-first,CR,0
sub_84361,26,77,postBlock1,0,1,"During the last block, how much did you
FEEL PLEASED
when you collected the coins?


Please rate from 0 to 100 on the scale
below, where

  0 =             and            100 = 
 ""not at all""                    ""most possible""",rew-eff-first,CR,0
sub_84361,27,63,postBlock2,0,1,"During the last block, how much did you
FEEL PLEASED
when you collected the coins?


Please rate from 0 to 100 on the scale
below, where

  0 =             and            100 = 
 ""not at all""                    ""most possible""",rew-eff-first,CR,0
sub_84361,28,76,postBlock0,0,1,"During the last block, how much did you
FEEL PLEASED
when you collected the coins?


Please rate from 0 to 100 on the scale
below, where

  0 =             and            100 = 
 ""not at all""                    ""most possible""",rew-eff-first,CR,0
sub_84361,29,54,postBlock0,0,2,"During the last block, how much did you
FEEL A SENSE OF ACHIEVEMENT when you
sucessfully hit the required power level?


Please rate from 0 to 100 on the scale
below, where

  0 =             and            100 = 
 ""not at all""                    ""most possible""",rew-eff-first,CR,0
sub_84361,30,82,postBlock3,0,2,"During the last block, how much did you
FEEL A SENSE OF ACHIEVEMENT when you
sucessfully hit the required power level?


Please rate from 0 to 100 on the scale
below, where

  0 =             and            100 = 
 ""not at all""                    ""most possible""",rew-eff-first,CR,0
sub_84361,31,57,postBlock1,0,2,"During the last block, how much did you
FEEL A SENSE OF ACHIEVEMENT when you
sucessfully hit the required power level?


Please rate from 0 to 100 on the scale
below, where

  0 =             and            100 = 
 ""not at all""                    ""most possible""",rew-eff-first,CR,0
sub_84361,32,53,postBlock2,0,2,"During the last block, how much did you
FEEL A SENSE OF ACHIEVEMENT when you
sucessfully hit the required power level?


Please rate from 0 to 100 on the scale
below, where

  0 =             and            100 = 
 ""not at all""                    ""most possible""",rew-eff-first,CR,0
sub_84361,33,44,postBlock0,0,3,"During the last block, how much did you
FEEL BORED?
Please rate from 0 to 100 on the scale
below, where

  0 =             and            100 = 
 ""not at all""                    ""most possible""",rew-eff-first,CR,0
sub_84361,34,36,postBlock1,0,3,"During the last block, how much did you
FEEL BORED?
Please rate from 0 to 100 on the scale
below, where

  0 =             and            100 = 
 ""not at all""                    ""most possible""",rew-eff-first,CR,0
sub_84361,35,34,postBlock3,0,3,"During the last block, how much did you
FEEL BORED?
Please rate from 0 to 100 on the scale
below, where

  0 =             and            100 = 
 ""not at all""                    ""most possible""",rew-eff-first,CR,0
sub_84361,36,41,postBlock2,0,3,"During the last block, how much did you
FEEL BORED?
Please rate from 0 to 100 on the scale
below, where

  0 =             and            100 = 
 ""not at all""                    ""most possible""",rew-eff-first,CR,0
sub_56207,37,85,postBlock3,0,1,"During the last block, how much did you
FEEL PLEASED
when you collected the coins?


Please rate from 0 to 100 on the scale
below, where

  0 =             and            100 = 
 ""not at all""                    ""most possible""",rew-eff-first,BA,0
sub_56207,38,85,postBlock1,0,1,"During the last block, how much did you
FEEL PLEASED
when you collected the coins?


Please rate from 0 to 100 on the scale
below, where

  0 =             and            100 = 
 ""not at all""                    ""most possible""",rew-eff-first,BA,0
sub_56207,39,72,postBlock2,0,1,"During the last block, how much did you
FEEL PLEASED
when you collected the coins?


Please rate from 0 to 100 on the scale
below, where

  0 =             and            100 = 
 ""not at all""                    ""most possible""",rew-eff-first,BA,0
sub_56207,40,73,postBlock0,0,1,"During the last block, how much did you
FEEL PLEASED
when you collected the coins?


Please rate from 0 to 100 on the scale
below, where

  0 =             and            100 = 
 ""not at all""                    ""most possible""",rew-eff-first,BA,0
sub_56207,41,85,postBlock0,0,2,"During the last block, how much did you
FEEL A SENSE OF ACHIEVEMENT when you
sucessfully hit the required power level?


Please rate from 0 to 100 on the scale
below, where

  0 =             and            100 = 
 ""not at all""                    ""most possible""",rew-eff-first,BA,0
sub_56207,42,89,postBlock3,0,2,"During the last block, how much did you
FEEL A SENSE OF ACHIEVEMENT when you
sucessfully hit the required power level?


Please rate from 0 to 100 on the scale
below, where

  0 =             and            100 = 
 ""not at all""                    ""most possible""",rew-eff-first,BA,0
sub_56207,43,80,postBlock1,0,2,"During the last block, how much did you
FEEL A SENSE OF ACHIEVEMENT when you
sucessfully hit the required power level?


Please rate from 0 to 100 on the scale
below, where

  0 =             and            100 = 
 ""not at all""                    ""most possible""",rew-eff-first,BA,0
sub_56207,44,73,postBlock2,0,2,"During the last block, how much did you
FEEL A SENSE OF ACHIEVEMENT when you
sucessfully hit the required power level?


Please rate from 0 to 100 on the scale
below, where

  0 =             and            100 = 
 ""not at all""                    ""most possible""",rew-eff-first,BA,0
sub_56207,45,17,postBlock0,0,3,"During the last block, how much did you
FEEL BORED?
Please rate from 0 to 100 on the scale
below, where

  0 =             and            100 = 
 ""not at all""                    ""most possible""",rew-eff-first,BA,0
sub_56207,46,12,postBlock1,0,3,"During the last block, how much did you
FEEL BORED?
Please rate from 0 to 100 on the scale
below, where

  0 =             and            100 = 
 ""not at all""                    ""most possible""",rew-eff-first,BA,0
sub_56207,47,7,postBlock3,0,3,"During the last block, how much did you
FEEL BORED?
Please rate from 0 to 100 on the scale
below, where

  0 =             and            100 = 
 ""not at all""                    ""most possible""",rew-eff-first,BA,0
sub_56207,48,16,postBlock2,0,3,"During the last block, how much did you
FEEL BORED?
Please rate from 0 to 100 on the scale
below, where

  0 =             and            100 = 
 ""not at all""                    ""most possible""",rew-eff-first,BA,0
sub_57127,49,55,postBlock3,0,1,"During the last block, how much did you
FEEL PLEASED
when you collected the coins?


Please rate from 0 to 100 on the scale
below, where

  0 =             and            100 = 
 ""not at all""                    ""most possible""",rew-eff-first,BA,0
sub_57127,50,85,postBlock1,0,1,"During the last block, how much did you
FEEL PLEASED
when you collected the coins?


Please rate from 0 to 100 on the scale
below, where

  0 =             and            100 = 
 ""not at all""                    ""most possible""",rew-eff-first,BA,0
sub_57127,51,70,postBlock2,0,1,"During the last block, how much did you
FEEL PLEASED
when you collected the coins?


Please rate from 0 to 100 on the scale
below, where

  0 =             and            100 = 
 ""not at all""                    ""most possible""",rew-eff-first,BA,0
sub_57127,52,80,postBlock0,0,1,"During the last block, how much did you
FEEL PLEASED
when you collected the coins?


Please rate from 0 to 100 on the scale
below, where

  0 =             and            100 = 
 ""not at all""                    ""most possible""",rew-eff-first,BA,0
sub_57127,53,75,postBlock0,0,2,"During the last block, how much did you
FEEL A SENSE OF ACHIEVEMENT when you
sucessfully hit the required power level?


Please rate from 0 to 100 on the scale
below, where

  0 =             and            100 = 
 ""not at all""                    ""most possible""",rew-eff-first,BA,0
sub_57127,54,50,postBlock3,0,2,"During the last block, how much did you
FEEL A SENSE OF ACHIEVEMENT when you
sucessfully hit the required power level?


Please rate from 0 to 100 on the scale
below, where

  0 =             and            100 = 
 ""not at all""                    ""most possible""",rew-eff-first,BA,0
sub_57127,55,75,postBlock1,0,2,"During the last block, how much did you
FEEL A SENSE OF ACHIEVEMENT when you
sucessfully hit the required power level?


Please rate from 0 to 100 on the scale
below, where

  0 =             and            100 = 
 ""not at all""                    ""most possible""",rew-eff-first,BA,0
sub_57127,56,60,postBlock2,0,2,"During the last block, how much did you
FEEL A SENSE OF ACHIEVEMENT when you
sucessfully hit the required power level?


Please rate from 0 to 100 on the scale
below, where

  0 =             and            100 = 
 ""not at all""                    ""most possible""",rew-eff-first,BA,0
sub_57127,57,4,postBlock0,0,3,"During the last block, how much did you
FEEL BORED?
Please rate from 0 to 100 on the scale
below, where

  0 =             and            100 = 
 ""not at all""                    ""most possible""",rew-eff-first,BA,0
sub_57127,58,1,postBlock1,0,3,"During the last block, how much did you
FEEL BORED?
Please rate from 0 to 100 on the scale
below, where

  0 =             and            100 = 
 ""not at all""                    ""most possible""",rew-eff-first,BA,0
sub_57127,59,15,postBlock3,0,3,"During the last block, how much did you
FEEL BORED?
Please rate from 0 to 100 on the scale
below, where

  0 =             and            100 = 
 ""not at all""                    ""most possible""",rew-eff-first,BA,0
sub_57127,60,10,postBlock2,0,3,"During the last block, how much did you
FEEL BORED?
Please rate from 0 to 100 on the scale
below, where

  0 =             and            100 = 
 ""not at all""                    ""most possible""",rew-eff-first,BA,0
sub_26739,61,66,postBlock3,0,1,"During the last block, how much did you
FEEL PLEASED
when you collected the coins?


Please rate from 0 to 100 on the scale
below, where

  0 =             and            100 = 
 ""not at all""                    ""most possible""",causal-attr-first,BA,0
sub_26739,62,96,postBlock1,0,1,"During the last block, how much did you
FEEL PLEASED
when you collected the coins?


Please rate from 0 to 100 on the scale
below, where

  0 =             and            100 = 
 ""not at all""                    ""most possible""",causal-attr-first,BA,0
sub_26739,63,80,postBlock2,0,1,"During the last block, how much did you
FEEL PLEASED
when you collected the coins?


Please rate from 0 to 100 on the scale
below, where

  0 =             and            100 = 
 ""not at all""                    ""most possible""",causal-attr-first,BA,0
sub_26739,64,94,postBlock0,0,1,"During the last block, how much did you
FEEL PLEASED
when you collected the coins?


Please rate from 0 to 100 on the scale
below, where

  0 =             and            100 = 
 ""not at all""                    ""most possible""",causal-attr-first,BA,0
sub_26739,65,85,postBlock0,0,2,"During the last block, how much did you
FEEL A SENSE OF ACHIEVEMENT when you
sucessfully hit the required power level?


Please rate from 0 to 100 on the scale
below, where

  0 =             and            100 = 
 ""not at all""                    ""most possible""",causal-attr-first,BA,0
sub_26739,66,53,postBlock3,0,2,"During the last block, how much did you
FEEL A SENSE OF ACHIEVEMENT when you
sucessfully hit the required power level?


Please rate from 0 to 100 on the scale
below, where

  0 =             and            100 = 
 ""not at all""                    ""most possible""",causal-attr-first,BA,0
sub_26739,67,97,postBlock1,0,2,"During the last block, how much did you
FEEL A SENSE OF ACHIEVEMENT when you
sucessfully hit the required power level?


Please rate from 0 to 100 on the scale
below, where

  0 =             and            100 = 
 ""not at all""                    ""most possible""",causal-attr-first,BA,0
sub_26739,68,73,postBlock2,0,2,"During the last block, how much did you
FEEL A SENSE OF ACHIEVEMENT when you
sucessfully hit the required power level?


Please rate from 0 to 100 on the scale
below, where

  0 =             and            100 = 
 ""not at all""                    ""most possible""",causal-attr-first,BA,0
sub_26739,69,5,postBlock0,0,3,"During the last block, how much did you
FEEL BORED?
Please rate from 0 to 100 on the scale
below, where

  0 =             and            100 = 
 ""not at all""                    ""most possible""",causal-attr-first,BA,0
sub_26739,70,17,postBlock1,0,3,"During the last block, how much did you
FEEL BORED?
Please rate from 0 to 100 on the scale
below, where

  0 =             and            100 = 
 ""not at all""                    ""most possible""",causal-attr-first,BA,0
sub_26739,71,42,postBlock3,0,3,"During the last block, how much did you
FEEL BORED?
Please rate from 0 to 100 on the scale
below, where

  0 =             and            100 = 
 ""not at all""                    ""most possible""",causal-attr-first,BA,0
sub_26739,72,29,postBlock2,0,3,"During the last block, how much did you
FEEL BORED?
Please rate from 0 to 100 on the scale
below, where

  0 =             and            100 = 
 ""not at all""                    ""most possible""",causal-attr-first,BA,0
sub_71604,73,70,postBlock3,0,1,"During the last block, how much did you
FEEL PLEASED
when you collected the coins?


Please rate from 0 to 100 on the scale
below, where

  0 =             and            100 = 
 ""not at all""                    ""most possible""",rew-eff-first,CR,0
sub_71604,74,82,postBlock1,0,1,"During the last block, how much did you
FEEL PLEASED
when you collected the coins?


Please rate from 0 to 100 on the scale
below, where

  0 =             and            100 = 
 ""not at all""                    ""most possible""",rew-eff-first,CR,0
sub_71604,75,99,postBlock2,0,1,"During the last block, how much did you
FEEL PLEASED
when you collected the coins?


Please rate from 0 to 100 on the scale
below, where

  0 =             and            100 = 
 ""not at all""                    ""most possible""",rew-eff-first,CR,0
sub_71604,76,89,postBlock0,0,1,"During the last block, how much did you
FEEL PLEASED
when you collected the coins?


Please rate from 0 to 100 on the scale
below, where

  0 =             and            100 = 
 ""not at all""                    ""most possible""",rew-eff-first,CR,0
sub_71604,77,82,postBlock0,0,2,"During the last block, how much did you
FEEL A SENSE OF ACHIEVEMENT when you
sucessfully hit the required power level?


Please rate from 0 to 100 on the scale
below, where

  0 =             and            100 = 
 ""not at all""                    ""most possible""",rew-eff-first,CR,0
sub_71604,78,53,postBlock3,0,2,"During the last block, how much did you
FEEL A SENSE OF ACHIEVEMENT when you
sucessfully hit the required power level?


Please rate from 0 to 100 on the scale
below, where

  0 =             and            100 = 
 ""not at all""                    ""most possible""",rew-eff-first,CR,0
sub_71604,79,68,postBlock1,0,2,"During the last block, how much did you
FEEL A SENSE OF ACHIEVEMENT when you
sucessfully hit the required power level?


Please rate from 0 to 100 on the scale
below, where

  0 =             and            100 = 
 ""not at all""                    ""most possible""",rew-eff-first,CR,0
sub_71604,80,82,postBlock2,0,2,"During the last block, how much did you
FEEL A SENSE OF ACHIEVEMENT when you
sucessfully hit the required power level?


Please rate from 0 to 100 on the scale
below, where

  0 =             and            100 = 
 ""not at all""                    ""most possible""",rew-eff-first,CR,0
sub_71604,81,81,postBlock0,0,3,"During the last block, how much did you
FEEL BORED?
Please rate from 0 to 100 on the scale
below, where

  0 =             and            100 = 
 ""not at all""                    ""most possible""",rew-eff-first,CR,0
sub_71604,82,30,postBlock1,0,3,"During the last block, how much did you
FEEL BORED?
Please rate from 0 to 100 on the scale
below, where

  0 =             and            100 = 
 ""not at all""                    ""most possible""",rew-eff-first,CR,0
sub_71604,83,77,postBlock3,0,3,"During the last block, how much did you
FEEL BORED?
Please rate from 0 to 100 on the scale
below, where

  0 =             and            100 = 
 ""not at all""                    ""most possible""",rew-eff-first,CR,0
sub_71604,84,13,postBlock2,0,3,"During the last block, how much did you
FEEL BORED?
Please rate from 0 to 100 on the scale
below, where

  0 =             and            100 = 
 ""not at all""                    ""most possible""",rew-eff-first,CR,0
sub_83235,85,78,postBlock3,0,1,"During the last block, how much did you
FEEL PLEASED
when you collected the coins?


Please rate from 0 to 100 on the scale
below, where

  0 =             and            100 = 
 ""not at all""                    ""most possible""",rew-eff-first,CR,0
sub_83235,86,99,postBlock1,0,1,"During the last block, how much did you
FEEL PLEASED
when you collected the coins?


Please rate from 0 to 100 on the scale
below, where

  0 =             and            100 = 
 ""not at all""                    ""most possible""",rew-eff-first,CR,0
sub_83235,87,93,postBlock2,0,1,"During the last block, how much did you
FEEL PLEASED
when you collected the coins?


Please rate from 0 to 100 on the scale
below, where

  0 =             and            100 = 
 ""not at all""                    ""most possible""",rew-eff-first,CR,0
sub_83235,88,100,postBlock0,0,1,"During the last block, how much did you
FEEL PLEASED
when you collected the coins?


Please rate from 0 to 100 on the scale
below, where

  0 =             and            100 = 
 ""not at all""                    ""most possible""",rew-eff-first,CR,0
sub_83235,89,100,postBlock0,0,2,"During the last block, how much did you
FEEL A SENSE OF ACHIEVEMENT when you
sucessfully hit the required power level?


Please rate from 0 to 100 on the scale
below, where

  0 =             and            100 = 
 ""not at all""                    ""most possible""",rew-eff-first,CR,0
sub_83235,90,69,postBlock3,0,2,"During the last block, how much did you
FEEL A SENSE OF ACHIEVEMENT when you
sucessfully hit the required power level?


Please rate from 0 to 100 on the scale
below, where

  0 =             and            100 = 
 ""not at all""                    ""most possible""",rew-eff-first,CR,0
sub_83235,91,94,postBlock1,0,2,"During the last block, how much did you
FEEL A SENSE OF ACHIEVEMENT when you
sucessfully hit the required power level?


Please rate from 0 to 100 on the scale
below, where

  0 =             and            100 = 
 ""not at all""                    ""most possible""",rew-eff-first,CR,0
sub_83235,92,79,postBlock2,0,2,"During the last block, how much did you
FEEL A SENSE OF ACHIEVEMENT when you
sucessfully hit the required power level?


Please rate from 0 to 100 on the scale
below, where

  0 =             and            100 = 
 ""not at all""                    ""most possible""",rew-eff-first,CR,0
sub_83235,93,62,postBlock0,0,3,"During the last block, how much did you
FEEL BORED?
Please rate from 0 to 100 on the scale
below, where

  0 =             and            100 = 
 ""not at all""                    ""most possible""",rew-eff-first,CR,0
sub_83235,94,64,postBlock1,0,3,"During the last block, how much did you
FEEL BORED?
Please rate from 0 to 100 on the scale
below, where

  0 =             and            100 = 
 ""not at all""                    ""most possible""",rew-eff-first,CR,0
sub_83235,95,62,postBlock3,0,3,"During the last block, how much did you
FEEL BORED?
Please rate from 0 to 100 on the scale
below, where

  0 =             and            100 = 
 ""not at all""                    ""most possible""",rew-eff-first,CR,0
sub_83235,96,66,postBlock2,0,3,"During the last block, how much did you
FEEL BORED?
Please rate from 0 to 100 on the scale
below, where

  0 =             and            100 = 
 ""not at all""                    ""most possible""",rew-eff-first,CR,0
sub_19090,97,100,postBlock3,0,1,"During the last block, how much did you
FEEL PLEASED
when you collected the coins?


Please rate from 0 to 100 on the scale
below, where

  0 =             and            100 = 
 ""not at all""                    ""most possible""",causal-attr-first,CR,0
sub_19090,98,100,postBlock1,0,1,"During the last block, how much did you
FEEL PLEASED
when you collected the coins?


Please rate from 0 to 100 on the scale
below, where

  0 =             and            100 = 
 ""not at all""                    ""most possible""",causal-attr-first,CR,0
sub_19090,99,100,postBlock2,0,1,"During the last block, how much did you
FEEL PLEASED
when you collected the coins?


Please rate from 0 to 100 on the scale
below, where

  0 =             and            100 = 
 ""not at all""                    ""most possible""",causal-attr-first,CR,0
sub_19090,100,99,postBlock0,0,1,"During the last block, how much did you
FEEL PLEASED
when you collected the coins?


Please rate from 0 to 100 on the scale
below, where

  0 =             and            100 = 
 ""not at all""                    ""most possible""",causal-attr-first,CR,0
sub_19090,101,100,postBlock0,0,2,"During the last block, how much did you
FEEL A SENSE OF ACHIEVEMENT when you
sucessfully hit the required power level?


Please rate from 0 to 100 on the scale
below, where

  0 =             and            100 = 
 ""not at all""                    ""most possible""",causal-attr-first,CR,0
sub_19090,102,100,postBlock3,0,2,"During the last block, how much did you
FEEL A SENSE OF ACHIEVEMENT when you
sucessfully hit the required power level?


Please rate from 0 to 100 on the scale
below, where

  0 =             and            100 = 
 ""not at all""                    ""most possible""",causal-attr-first,CR,0
sub_19090,103,100,postBlock1,0,2,"During the last block, how much did you
FEEL A SENSE OF ACHIEVEMENT when you
sucessfully hit the required power level?


Please rate from 0 to 100 on the scale
below, where

  0 =             and            100 = 
 ""not at all""                    ""most possible""",causal-attr-first,CR,0
sub_19090,104,100,postBlock2,0,2,"During the last block, how much did you
FEEL A SENSE OF ACHIEVEMENT when you
sucessfully hit the required power level?


Please rate from 0 to 100 on the scale
below, where

  0 =             and            100 = 
 ""not at all""                    ""most possible""",causal-attr-first,CR,0
sub_19090,105,1,postBlock0,0,3,"During the last block, how much did you
FEEL BORED?
Please rate from 0 to 100 on the scale
below, where

  0 =             and            100 = 
 ""not at all""                    ""most possible""",causal-attr-first,CR,0
sub_19090,106,0,postBlock1,0,3,"During the last block, how much did you
FEEL BORED?
Please rate from 0 to 100 on the scale
below, where

  0 =             and            100 = 
 ""not at all""                    ""most possible""",causal-attr-first,CR,0
sub_19090,107,0,postBlock3,0,3,"During the last block, how much did you
FEEL BORED?
Please rate from 0 to 100 on the scale
below, where

  0 =             and            100 = 
 ""not at all""                    ""most possible""",causal-attr-first,CR,0
sub_19090,108,0,postBlock2,0,3,"During the last block, how much did you
FEEL BORED?
Please rate from 0 to 100 on the scale
below, where

  0 =             and            100 = 
 ""not at all""                    ""most possible""",causal-attr-first,CR,0
sub_72040,109,74,postBlock3,0,1,"During the last block, how much did you
FEEL PLEASED
when you collected the coins?


Please rate from 0 to 100 on the scale
below, where

  0 =             and            100 = 
 ""not at all""                    ""most possible""",causal-attr-first,CR,0
sub_72040,110,74,postBlock1,0,1,"During the last block, how much did you
FEEL PLEASED
when you collected the coins?


Please rate from 0 to 100 on the scale
below, where

  0 =             and            100 = 
 ""not at all""                    ""most possible""",causal-attr-first,CR,0
sub_72040,111,74,postBlock2,0,1,"During the last block, how much did you
FEEL PLEASED
when you collected the coins?


Please rate from 0 to 100 on the scale
below, where

  0 =             and            100 = 
 ""not at all""                    ""most possible""",causal-attr-first,CR,0
sub_72040,112,76,postBlock0,0,1,"During the last block, how much did you
FEEL PLEASED
when you collected the coins?


Please rate from 0 to 100 on the scale
below, where

  0 =             and            100 = 
 ""not at all""                    ""most possible""",causal-attr-first,CR,0
sub_72040,113,70,postBlock0,0,2,"During the last block, how much did you
FEEL A SENSE OF ACHIEVEMENT when you
sucessfully hit the required power level?


Please rate from 0 to 100 on the scale
below, where

  0 =             and            100 = 
 ""not at all""                    ""most possible""",causal-attr-first,CR,0
sub_72040,114,72,postBlock3,0,2,"During the last block, how much did you
FEEL A SENSE OF ACHIEVEMENT when you
sucessfully hit the required power level?


Please rate from 0 to 100 on the scale
below, where

  0 =             and            100 = 
 ""not at all""                    ""most possible""",causal-attr-first,CR,0
sub_72040,115,76,postBlock1,0,2,"During the last block, how much did you
FEEL A SENSE OF ACHIEVEMENT when you
sucessfully hit the required power level?


Please rate from 0 to 100 on the scale
below, where

  0 =             and            100 = 
 ""not at all""                    ""most possible""",causal-attr-first,CR,0
sub_72040,116,79,postBlock2,0,2,"During the last block, how much did you
FEEL A SENSE OF ACHIEVEMENT when you
sucessfully hit the required power level?


Please rate from 0 to 100 on the scale
below, where

  0 =             and            100 = 
 ""not at all""                    ""most possible""",causal-attr-first,CR,0
sub_72040,117,37,postBlock0,0,3,"During the last block, how much did you
FEEL BORED?
Please rate from 0 to 100 on the scale
below, where

  0 =             and            100 = 
 ""not at all""                    ""most possible""",causal-attr-first,CR,0
sub_72040,118,31,postBlock1,0,3,"During the last block, how much did you
FEEL BORED?
Please rate from 0 to 100 on the scale
below, where

  0 =             and            100 = 
 ""not at all""                    ""most possible""",causal-attr-first,CR,0
sub_72040,119,42,postBlock3,0,3,"During the last block, how much did you
FEEL BORED?
Please rate from 0 to 100 on the scale
below, where

  0 =             and            100 = 
 ""not at all""                    ""most possible""",causal-attr-first,CR,0
sub_72040,120,31,postBlock2,0,3,"During the last block, how much did you
FEEL BORED?
Please rate from 0 to 100 on the scale
below, where

  0 =             and            100 = 
 ""not at all""                    ""most possible""",causal-attr-first,CR,0
sub_43699,121,38,postBlock3,0,1,"During the last block, how much did you
FEEL PLEASED
when you collected the coins?


Please rate from 0 to 100 on the scale
below, where

  0 =             and            100 = 
 ""not at all""                    ""most possible""",rew-eff-first,CR,0
sub_43699,122,75,postBlock1,0,1,"During the last block, how much did you
FEEL PLEASED
when you collected the coins?


Please rate from 0 to 100 on the scale
below, where

  0 =             and            100 = 
 ""not at all""                    ""most possible""",rew-eff-first,CR,0
sub_43699,123,55,postBlock2,0,1,"During the last block, how much did you
FEEL PLEASED
when you collected the coins?


Please rate from 0 to 100 on the scale
below, where

  0 =             and            100 = 
 ""not at all""                    ""most possible""",rew-eff-first,CR,0
sub_43699,124,61,postBlock0,0,1,"During the last block, how much did you
FEEL PLEASED
when you collected the coins?


Please rate from 0 to 100 on the scale
below, where

  0 =             and            100 = 
 ""not at all""                    ""most possible""",rew-eff-first,CR,0
sub_43699,125,58,postBlock0,0,2,"During the last block, how much did you
FEEL A SENSE OF ACHIEVEMENT when you
sucessfully hit the required power level?


Please rate from 0 to 100 on the scale
below, where

  0 =             and            100 = 
 ""not at all""                    ""most possible""",rew-eff-first,CR,0
sub_43699,126,55,postBlock3,0,2,"During the last block, how much did you
FEEL A SENSE OF ACHIEVEMENT when you
sucessfully hit the required power level?


Please rate from 0 to 100 on the scale
below, where

  0 =             and            100 = 
 ""not at all""                    ""most possible""",rew-eff-first,CR,0
sub_43699,127,68,postBlock1,0,2,"During the last block, how much did you
FEEL A SENSE OF ACHIEVEMENT when you
sucessfully hit the required power level?


Please rate from 0 to 100 on the scale
below, where

  0 =             and            100 = 
 ""not at all""                    ""most possible""",rew-eff-first,CR,0
sub_43699,128,35,postBlock2,0,2,"During the last block, how much did you
FEEL A SENSE OF ACHIEVEMENT when you
sucessfully hit the required power level?


Please rate from 0 to 100 on the scale
below, where

  0 =             and            100 = 
 ""not at all""                    ""most possible""",rew-eff-first,CR,0
sub_43699,129,29,postBlock0,0,3,"During the last block, how much did you
FEEL BORED?
Please rate from 0 to 100 on the scale
below, where

  0 =             and            100 = 
 ""not at all""                    ""most possible""",rew-eff-first,CR,0
sub_43699,130,13,postBlock1,0,3,"During the last block, how much did you
FEEL BORED?
Please rate from 0 to 100 on the scale
below, where

  0 =             and            100 = 
 ""not at all""                    ""most possible""",rew-eff-first,CR,0
sub_43699,131,43,postBlock3,0,3,"During the last block, how much did you
FEEL BORED?
Please rate from 0 to 100 on the scale
below, where

  0 =             and            100 = 
 ""not at all""                    ""most possible""",rew-eff-first,CR,0
sub_43699,132,21,postBlock2,0,3,"During the last block, how much did you
FEEL BORED?
Please rate from 0 to 100 on the scale
below, where

  0 =             and            100 = 
 ""not at all""                    ""most possible""",rew-eff-first,CR,0
sub_69358,133,96,postBlock3,0,1,"During the last block, how much did you
FEEL PLEASED
when you collected the coins?


Please rate from 0 to 100 on the scale
below, where

  0 =             and            100 = 
 ""not at all""                    ""most possible""",rew-eff-first,CR,0
sub_69358,134,97,postBlock1,0,1,"During the last block, how much did you
FEEL PLEASED
when you collected the coins?


Please rate from 0 to 100 on the scale
below, where

  0 =             and            100 = 
 ""not at all""                    ""most possible""",rew-eff-first,CR,0
sub_69358,135,95,postBlock2,0,1,"During the last block, how much did you
FEEL PLEASED
when you collected the coins?


Please rate from 0 to 100 on the scale
below, where

  0 =             and            100 = 
 ""not at all""                    ""most possible""",rew-eff-first,CR,0
sub_69358,136,96,postBlock0,0,1,"During the last block, how much did you
FEEL PLEASED
when you collected the coins?


Please rate from 0 to 100 on the scale
below, where

  0 =             and            100 = 
 ""not at all""                    ""most possible""",rew-eff-first,CR,0
sub_69358,137,99,postBlock0,0,2,"During the last block, how much did you
FEEL A SENSE OF ACHIEVEMENT when you
sucessfully hit the required power level?


Please rate from 0 to 100 on the scale
below, where

  0 =             and            100 = 
 ""not at all""                    ""most possible""",rew-eff-first,CR,0
sub_69358,138,96,postBlock3,0,2,"During the last block, how much did you
FEEL A SENSE OF ACHIEVEMENT when you
sucessfully hit the required power level?


Please rate from 0 to 100 on the scale
below, where

  0 =             and            100 = 
 ""not at all""                    ""most possible""",rew-eff-first,CR,0
sub_69358,139,99,postBlock1,0,2,"During the last block, how much did you
FEEL A SENSE OF ACHIEVEMENT when you
sucessfully hit the required power level?


Please rate from 0 to 100 on the scale
below, where

  0 =             and            100 = 
 ""not at all""                    ""most possible""",rew-eff-first,CR,0
sub_69358,140,97,postBlock2,0,2,"During the last block, how much did you
FEEL A SENSE OF ACHIEVEMENT when you
sucessfully hit the required power level?


Please rate from 0 to 100 on the scale
below, where

  0 =             and            100 = 
 ""not at all""                    ""most possible""",rew-eff-first,CR,0
sub_69358,141,10,postBlock0,0,3,"During the last block, how much did you
FEEL BORED?
Please rate from 0 to 100 on the scale
below, where

  0 =             and            100 = 
 ""not at all""                    ""most possible""",rew-eff-first,CR,0
sub_69358,142,1,postBlock1,0,3,"During the last block, how much did you
FEEL BORED?
Please rate from 0 to 100 on the scale
below, where

  0 =             and            100 = 
 ""not at all""                    ""most possible""",rew-eff-first,CR,0
sub_69358,143,10,postBlock3,0,3,"During the last block, how much did you
FEEL BORED?
Please rate from 0 to 100 on the scale
below, where

  0 =             and            100 = 
 ""not at all""                    ""most possible""",rew-eff-first,CR,0
sub_69358,144,2,postBlock2,0,3,"During the last block, how much did you
FEEL BORED?
Please rate from 0 to 100 on the scale
below, where

  0 =             and            100 = 
 ""not at all""                    ""most possible""",rew-eff-first,CR,0
sub_64788,145,100,postBlock3,0,1,"During the last block, how much did you
FEEL PLEASED
when you collected the coins?


Please rate from 0 to 100 on the scale
below, where

  0 =             and            100 = 
 ""not at all""                    ""most possible""",causal-attr-first,BA,0
sub_64788,146,100,postBlock1,0,1,"During the last block, how much did you
FEEL PLEASED
when you collected the coins?


Please rate from 0 to 100 on the scale
below, where

  0 =             and            100 = 
 ""not at all""                    ""most possible""",causal-attr-first,BA,0
sub_64788,147,100,postBlock2,0,1,"During the last block, how much did you
FEEL PLEASED
when you collected the coins?


Please rate from 0 to 100 on the scale
below, where

  0 =             and            100 = 
 ""not at all""                    ""most possible""",causal-attr-first,BA,0
sub_64788,148,99,postBlock0,0,1,"During the last block, how much did you
FEEL PLEASED
when you collected the coins?


Please rate from 0 to 100 on the scale
below, where

  0 =             and            100 = 
 ""not at all""                    ""most possible""",causal-attr-first,BA,0
sub_64788,149,97,postBlock0,0,2,"During the last block, how much did you
FEEL A SENSE OF ACHIEVEMENT when you
sucessfully hit the required power level?


Please rate from 0 to 100 on the scale
below, where

  0 =             and            100 = 
 ""not at all""                    ""most possible""",causal-attr-first,BA,0
sub_64788,150,100,postBlock3,0,2,"During the last block, how much did you
FEEL A SENSE OF ACHIEVEMENT when you
sucessfully hit the required power level?


Please rate from 0 to 100 on the scale
below, where

  0 =             and            100 = 
 ""not at all""                    ""most possible""",causal-attr-first,BA,0
sub_64788,151,100,postBlock1,0,2,"During the last block, how much did you
FEEL A SENSE OF ACHIEVEMENT when you
sucessfully hit the required power level?


Please rate from 0 to 100 on the scale
below, where

  0 =             and            100 = 
 ""not at all""                    ""most possible""",causal-attr-first,BA,0
sub_64788,152,100,postBlock2,0,2,"During the last block, how much did you
FEEL A SENSE OF ACHIEVEMENT when you
sucessfully hit the required power level?


Please rate from 0 to 100 on the scale
below, where

  0 =             and            100 = 
 ""not at all""                    ""most possible""",causal-attr-first,BA,0
sub_64788,153,4,postBlock0,0,3,"During the last block, how much did you
FEEL BORED?
Please rate from 0 to 100 on the scale
below, where

  0 =             and            100 = 
 ""not at all""                    ""most possible""",causal-attr-first,BA,0
sub_64788,154,6,postBlock1,0,3,"During the last block, how much did you
FEEL BORED?
Please rate from 0 to 100 on the scale
below, where

  0 =             and            100 = 
 ""not at all""                    ""most possible""",causal-attr-first,BA,0
sub_64788,155,1,postBlock3,0,3,"During the last block, how much did you
FEEL BORED?
Please rate from 0 to 100 on the scale
below, where

  0 =             and            100 = 
 ""not at all""                    ""most possible""",causal-attr-first,BA,0
sub_64788,156,0,postBlock2,0,3,"During the last block, how much did you
FEEL BORED?
Please rate from 0 to 100 on the scale
below, where

  0 =             and            100 = 
 ""not at all""                    ""most possible""",causal-attr-first,BA,0
sub_64585,157,96,postBlock3,0,1,"During the last block, how much did you
FEEL PLEASED
when you collected the coins?


Please rate from 0 to 100 on the scale
below, where

  0 =             and            100 = 
 ""not at all""                    ""most possible""",causal-attr-first,CR,0
sub_64585,158,100,postBlock1,0,1,"During the last block, how much did you
FEEL PLEASED
when you collected the coins?


Please rate from 0 to 100 on the scale
below, where

  0 =             and            100 = 
 ""not at all""                    ""most possible""",causal-attr-first,CR,0
sub_64585,159,94,postBlock2,0,1,"During the last block, how much did you
FEEL PLEASED
when you collected the coins?


Please rate from 0 to 100 on the scale
below, where

  0 =             and            100 = 
 ""not at all""                    ""most possible""",causal-attr-first,CR,0
sub_64585,160,93,postBlock0,0,1,"During the last block, how much did you
FEEL PLEASED
when you collected the coins?


Please rate from 0 to 100 on the scale
below, where

  0 =             and            100 = 
 ""not at all""                    ""most possible""",causal-attr-first,CR,0
sub_64585,161,91,postBlock0,0,2,"During the last block, how much did you
FEEL A SENSE OF ACHIEVEMENT when you
sucessfully hit the required power level?


Please rate from 0 to 100 on the scale
below, where

  0 =             and            100 = 
 ""not at all""                    ""most possible""",causal-attr-first,CR,0
sub_64585,162,93,postBlock3,0,2,"During the last block, how much did you
FEEL A SENSE OF ACHIEVEMENT when you
sucessfully hit the required power level?


Please rate from 0 to 100 on the scale
below, where

  0 =             and            100 = 
 ""not at all""                    ""most possible""",causal-attr-first,CR,0
sub_64585,163,98,postBlock1,0,2,"During the last block, how much did you
FEEL A SENSE OF ACHIEVEMENT when you
sucessfully hit the required power level?


Please rate from 0 to 100 on the scale
below, where

  0 =             and            100 = 
 ""not at all""                    ""most possible""",causal-attr-first,CR,0
sub_64585,164,95,postBlock2,0,2,"During the last block, how much did you
FEEL A SENSE OF ACHIEVEMENT when you
sucessfully hit the required power level?


Please rate from 0 to 100 on the scale
below, where

  0 =             and            100 = 
 ""not at all""                    ""most possible""",causal-attr-first,CR,0
sub_64585,165,7,postBlock0,0,3,"During the last block, how much did you
FEEL BORED?
Please rate from 0 to 100 on the scale
below, where

  0 =             and            100 = 
 ""not at all""                    ""most possible""",causal-attr-first,CR,0
sub_64585,166,4,postBlock1,0,3,"During the last block, how much did you
FEEL BORED?
Please rate from 0 to 100 on the scale
below, where

  0 =             and            100 = 
 ""not at all""                    ""most possible""",causal-attr-first,CR,0
sub_64585,167,0,postBlock3,0,3,"During the last block, how much did you
FEEL BORED?
Please rate from 0 to 100 on the scale
below, where

  0 =             and            100 = 
 ""not at all""                    ""most possible""",causal-attr-first,CR,0
sub_64585,168,3,postBlock2,0,3,"During the last block, how much did you
FEEL BORED?
Please rate from 0 to 100 on the scale
below, where

  0 =             and            100 = 
 ""not at all""                    ""most possible""",causal-attr-first,CR,0
sub_23609,169,94,postBlock3,0,1,"During the last block, how much did you
FEEL PLEASED
when you collected the coins?


Please rate from 0 to 100 on the scale
below, where

  0 =             and            100 = 
 ""not at all""                    ""most possible""",rew-eff-first,CR,0
sub_23609,170,99,postBlock1,0,1,"During the last block, how much did you
FEEL PLEASED
when you collected the coins?


Please rate from 0 to 100 on the scale
below, where

  0 =             and            100 = 
 ""not at all""                    ""most possible""",rew-eff-first,CR,0
sub_23609,171,91,postBlock2,0,1,"During the last block, how much did you
FEEL PLEASED
when you collected the coins?


Please rate from 0 to 100 on the scale
below, where

  0 =             and            100 = 
 ""not at all""                    ""most possible""",rew-eff-first,CR,0
sub_23609,172,98,postBlock0,0,1,"During the last block, how much did you
FEEL PLEASED
when you collected the coins?


Please rate from 0 to 100 on the scale
below, where

  0 =             and            100 = 
 ""not at all""                    ""most possible""",rew-eff-first,CR,0
sub_23609,173,100,postBlock0,0,2,"During the last block, how much did you
FEEL A SENSE OF ACHIEVEMENT when you
sucessfully hit the required power level?


Please rate from 0 to 100 on the scale
below, where

  0 =             and            100 = 
 ""not at all""                    ""most possible""",rew-eff-first,CR,0
sub_23609,174,94,postBlock3,0,2,"During the last block, how much did you
FEEL A SENSE OF ACHIEVEMENT when you
sucessfully hit the required power level?


Please rate from 0 to 100 on the scale
below, where

  0 =             and            100 = 
 ""not at all""                    ""most possible""",rew-eff-first,CR,0
sub_23609,175,98,postBlock1,0,2,"During the last block, how much did you
FEEL A SENSE OF ACHIEVEMENT when you
sucessfully hit the required power level?


Please rate from 0 to 100 on the scale
below, where

  0 =             and            100 = 
 ""not at all""                    ""most possible""",rew-eff-first,CR,0
sub_23609,176,92,postBlock2,0,2,"During the last block, how much did you
FEEL A SENSE OF ACHIEVEMENT when you
sucessfully hit the required power level?


Please rate from 0 to 100 on the scale
below, where

  0 =             and            100 = 
 ""not at all""                    ""most possible""",rew-eff-first,CR,0
sub_23609,177,8,postBlock0,0,3,"During the last block, how much did you
FEEL BORED?
Please rate from 0 to 100 on the scale
below, where

  0 =             and            100 = 
 ""not at all""                    ""most possible""",rew-eff-first,CR,0
sub_23609,178,45,postBlock1,0,3,"During the last block, how much did you
FEEL BORED?
Please rate from 0 to 100 on the scale
below, where

  0 =             and            100 = 
 ""not at all""                    ""most possible""",rew-eff-first,CR,0
sub_23609,179,63,postBlock3,0,3,"During the last block, how much did you
FEEL BORED?
Please rate from 0 to 100 on the scale
below, where

  0 =             and            100 = 
 ""not at all""                    ""most possible""",rew-eff-first,CR,0
sub_23609,180,58,postBlock2,0,3,"During the last block, how much did you
FEEL BORED?
Please rate from 0 to 100 on the scale
below, where

  0 =             and            100 = 
 ""not at all""                    ""most possible""",rew-eff-first,CR,0
sub_38558,181,49,postBlock3,0,1,"During the last block, how much did you
FEEL PLEASED
when you collected the coins?


Please rate from 0 to 100 on the scale
below, where

  0 =             and            100 = 
 ""not at all""                    ""most possible""",causal-attr-first,CR,0
sub_38558,182,79,postBlock1,0,1,"During the last block, how much did you
FEEL PLEASED
when you collected the coins?


Please rate from 0 to 100 on the scale
below, where

  0 =             and            100 = 
 ""not at all""                    ""most possible""",causal-attr-first,CR,0
sub_38558,183,48,postBlock2,0,1,"During the last block, how much did you
FEEL PLEASED
when you collected the coins?


Please rate from 0 to 100 on the scale
below, where

  0 =             and            100 = 
 ""not at all""                    ""most possible""",causal-attr-first,CR,0
sub_38558,184,80,postBlock0,0,1,"During the last block, how much did you
FEEL PLEASED
when you collected the coins?


Please rate from 0 to 100 on the scale
below, where

  0 =             and            100 = 
 ""not at all""                    ""most possible""",causal-attr-first,CR,0
sub_38558,185,80,postBlock0,0,2,"During the last block, how much did you
FEEL A SENSE OF ACHIEVEMENT when you
sucessfully hit the required power level?


Please rate from 0 to 100 on the scale
below, where

  0 =             and            100 = 
 ""not at all""                    ""most possible""",causal-attr-first,CR,0
sub_38558,186,49,postBlock3,0,2,"During the last block, how much did you
FEEL A SENSE OF ACHIEVEMENT when you
sucessfully hit the required power level?


Please rate from 0 to 100 on the scale
below, where

  0 =             and            100 = 
 ""not at all""                    ""most possible""",causal-attr-first,CR,0
sub_38558,187,77,postBlock1,0,2,"During the last block, how much did you
FEEL A SENSE OF ACHIEVEMENT when you
sucessfully hit the required power level?


Please rate from 0 to 100 on the scale
below, where

  0 =             and            100 = 
 ""not at all""                    ""most possible""",causal-attr-first,CR,0
sub_38558,188,47,postBlock2,0,2,"During the last block, how much did you
FEEL A SENSE OF ACHIEVEMENT when you
sucessfully hit the required power level?


Please rate from 0 to 100 on the scale
below, where

  0 =             and            100 = 
 ""not at all""                    ""most possible""",causal-attr-first,CR,0
sub_38558,189,50,postBlock0,0,3,"During the last block, how much did you
FEEL BORED?
Please rate from 0 to 100 on the scale
below, where

  0 =             and            100 = 
 ""not at all""                    ""most possible""",causal-attr-first,CR,0
sub_38558,190,85,postBlock1,0,3,"During the last block, how much did you
FEEL BORED?
Please rate from 0 to 100 on the scale
below, where

  0 =             and            100 = 
 ""not at all""                    ""most possible""",causal-attr-first,CR,0
sub_38558,191,83,postBlock3,0,3,"During the last block, how much did you
FEEL BORED?
Please rate from 0 to 100 on the scale
below, where

  0 =             and            100 = 
 ""not at all""                    ""most possible""",causal-attr-first,CR,0
sub_38558,192,82,postBlock2,0,3,"During the last block, how much did you
FEEL BORED?
Please rate from 0 to 100 on the scale
below, where

  0 =             and            100 = 
 ""not at all""                    ""most possible""",causal-attr-first,CR,0
sub_98260,193,96,postBlock3,0,1,"During the last block, how much did you
FEEL PLEASED
when you collected the coins?


Please rate from 0 to 100 on the scale
below, where

  0 =             and            100 = 
 ""not at all""                    ""most possible""",causal-attr-first,BA,0
sub_98260,194,87,postBlock1,0,1,"During the last block, how much did you
FEEL PLEASED
when you collected the coins?


Please rate from 0 to 100 on the scale
below, where

  0 =             and            100 = 
 ""not at all""                    ""most possible""",causal-attr-first,BA,0
sub_98260,195,91,postBlock2,0,1,"During the last block, how much did you
FEEL PLEASED
when you collected the coins?


Please rate from 0 to 100 on the scale
below, where

  0 =             and            100 = 
 ""not at all""                    ""most possible""",causal-attr-first,BA,0
sub_98260,196,85,postBlock0,0,1,"During the last block, how much did you
FEEL PLEASED
when you collected the coins?


Please rate from 0 to 100 on the scale
below, where

  0 =             and            100 = 
 ""not at all""                    ""most possible""",causal-attr-first,BA,0
sub_98260,197,97,postBlock0,0,2,"During the last block, how much did you
FEEL A SENSE OF ACHIEVEMENT when you
sucessfully hit the required power level?


Please rate from 0 to 100 on the scale
below, where

  0 =             and            100 = 
 ""not at all""                    ""most possible""",causal-attr-first,BA,0
sub_98260,198,98,postBlock3,0,2,"During the last block, how much did you
FEEL A SENSE OF ACHIEVEMENT when you
sucessfully hit the required power level?


Please rate from 0 to 100 on the scale
below, where

  0 =             and            100 = 
 ""not at all""                    ""most possible""",causal-attr-first,BA,0
sub_98260,199,98,postBlock1,0,2,"During the last block, how much did you
FEEL A SENSE OF ACHIEVEMENT when you
sucessfully hit the required power level?


Please rate from 0 to 100 on the scale
below, where

  0 =             and            100 = 
 ""not at all""                    ""most possible""",causal-attr-first,BA,0
sub_98260,200,91,postBlock2,0,2,"During the last block, how much did you
FEEL A SENSE OF ACHIEVEMENT when you
sucessfully hit the required power level?


Please rate from 0 to 100 on the scale
below, where

  0 =             and            100 = 
 ""not at all""                    ""most possible""",causal-attr-first,BA,0
sub_98260,201,1,postBlock0,0,3,"During the last block, how much did you
FEEL BORED?
Please rate from 0 to 100 on the scale
below, where

  0 =             and            100 = 
 ""not at all""                    ""most possible""",causal-attr-first,BA,0
sub_98260,202,2,postBlock1,0,3,"During the last block, how much did you
FEEL BORED?
Please rate from 0 to 100 on the scale
below, where

  0 =             and            100 = 
 ""not at all""                    ""most possible""",causal-attr-first,BA,0
sub_98260,203,2,postBlock3,0,3,"During the last block, how much did you
FEEL BORED?
Please rate from 0 to 100 on the scale
below, where

  0 =             and            100 = 
 ""not at all""                    ""most possible""",causal-attr-first,BA,0
sub_98260,204,12,postBlock2,0,3,"During the last block, how much did you
FEEL BORED?
Please rate from 0 to 100 on the scale
below, where

  0 =             and            100 = 
 ""not at all""                    ""most possible""",causal-attr-first,BA,0
sub_21223,205,21,postBlock3,0,1,"During the last block, how much did you
FEEL PLEASED
when you collected the coins?


Please rate from 0 to 100 on the scale
below, where

  0 =             and            100 = 
 ""not at all""                    ""most possible""",causal-attr-first,CR,0
sub_21223,206,28,postBlock1,0,1,"During the last block, how much did you
FEEL PLEASED
when you collected the coins?


Please rate from 0 to 100 on the scale
below, where

  0 =             and            100 = 
 ""not at all""                    ""most possible""",causal-attr-first,CR,0
sub_21223,207,22,postBlock2,0,1,"During the last block, how much did you
FEEL PLEASED
when you collected the coins?


Please rate from 0 to 100 on the scale
below, where

  0 =             and            100 = 
 ""not at all""                    ""most possible""",causal-attr-first,CR,0
sub_21223,208,42,postBlock0,0,1,"During the last block, how much did you
FEEL PLEASED
when you collected the coins?


Please rate from 0 to 100 on the scale
below, where

  0 =             and            100 = 
 ""not at all""                    ""most possible""",causal-attr-first,CR,0
sub_21223,209,51,postBlock0,0,2,"During the last block, how much did you
FEEL A SENSE OF ACHIEVEMENT when you
sucessfully hit the required power level?


Please rate from 0 to 100 on the scale
below, where

  0 =             and            100 = 
 ""not at all""                    ""most possible""",causal-attr-first,CR,0
sub_21223,210,24,postBlock3,0,2,"During the last block, how much did you
FEEL A SENSE OF ACHIEVEMENT when you
sucessfully hit the required power level?


Please rate from 0 to 100 on the scale
below, where

  0 =             and            100 = 
 ""not at all""                    ""most possible""",causal-attr-first,CR,0
sub_21223,211,25,postBlock1,0,2,"During the last block, how much did you
FEEL A SENSE OF ACHIEVEMENT when you
sucessfully hit the required power level?


Please rate from 0 to 100 on the scale
below, where

  0 =             and            100 = 
 ""not at all""                    ""most possible""",causal-attr-first,CR,0
sub_21223,212,19,postBlock2,0,2,"During the last block, how much did you
FEEL A SENSE OF ACHIEVEMENT when you
sucessfully hit the required power level?


Please rate from 0 to 100 on the scale
below, where

  0 =             and            100 = 
 ""not at all""                    ""most possible""",causal-attr-first,CR,0
sub_21223,213,51,postBlock0,0,3,"During the last block, how much did you
FEEL BORED?
Please rate from 0 to 100 on the scale
below, where

  0 =             and            100 = 
 ""not at all""                    ""most possible""",causal-attr-first,CR,0
sub_21223,214,59,postBlock1,0,3,"During the last block, how much did you
FEEL BORED?
Please rate from 0 to 100 on the scale
below, where

  0 =             and            100 = 
 ""not at all""                    ""most possible""",causal-attr-first,CR,0
sub_21223,215,60,postBlock3,0,3,"During the last block, how much did you
FEEL BORED?
Please rate from 0 to 100 on the scale
below, where

  0 =             and            100 = 
 ""not at all""                    ""most possible""",causal-attr-first,CR,0
sub_21223,216,69,postBlock2,0,3,"During the last block, how much did you
FEEL BORED?
Please rate from 0 to 100 on the scale
below, where

  0 =             and            100 = 
 ""not at all""                    ""most possible""",causal-attr-first,CR,0
sub_43712,217,100,postBlock3,0,1,"During the last block, how much did you
FEEL PLEASED
when you collected the coins?


Please rate from 0 to 100 on the scale
below, where

  0 =             and            100 = 
 ""not at all""                    ""most possible""",rew-eff-first,CR,0
sub_43712,218,100,postBlock1,0,1,"During the last block, how much did you
FEEL PLEASED
when you collected the coins?


Please rate from 0 to 100 on the scale
below, where

  0 =             and            100 = 
 ""not at all""                    ""most possible""",rew-eff-first,CR,0
sub_43712,219,100,postBlock2,0,1,"During the last block, how much did you
FEEL PLEASED
when you collected the coins?


Please rate from 0 to 100 on the scale
below, where

  0 =             and            100 = 
 ""not at all""                    ""most possible""",rew-eff-first,CR,0
sub_43712,220,100,postBlock0,0,1,"During the last block, how much did you
FEEL PLEASED
when you collected the coins?


Please rate from 0 to 100 on the scale
below, where

  0 =             and            100 = 
 ""not at all""                    ""most possible""",rew-eff-first,CR,0
sub_43712,221,100,postBlock0,0,2,"During the last block, how much did you
FEEL A SENSE OF ACHIEVEMENT when you
sucessfully hit the required power level?


Please rate from 0 to 100 on the scale
below, where

  0 =             and            100 = 
 ""not at all""                    ""most possible""",rew-eff-first,CR,0
sub_43712,222,100,postBlock3,0,2,"During the last block, how much did you
FEEL A SENSE OF ACHIEVEMENT when you
sucessfully hit the required power level?


Please rate from 0 to 100 on the scale
below, where

  0 =             and            100 = 
 ""not at all""                    ""most possible""",rew-eff-first,CR,0
sub_43712,223,100,postBlock1,0,2,"During the last block, how much did you
FEEL A SENSE OF ACHIEVEMENT when you
sucessfully hit the required power level?


Please rate from 0 to 100 on the scale
below, where

  0 =             and            100 = 
 ""not at all""                    ""most possible""",rew-eff-first,CR,0
sub_43712,224,100,postBlock2,0,2,"During the last block, how much did you
FEEL A SENSE OF ACHIEVEMENT when you
sucessfully hit the required power level?


Please rate from 0 to 100 on the scale
below, where

  0 =             and            100 = 
 ""not at all""                    ""most possible""",rew-eff-first,CR,0
sub_43712,225,0,postBlock0,0,3,"During the last block, how much did you
FEEL BORED?
Please rate from 0 to 100 on the scale
below, where

  0 =             and            100 = 
 ""not at all""                    ""most possible""",rew-eff-first,CR,0
sub_43712,226,0,postBlock1,0,3,"During the last block, how much did you
FEEL BORED?
Please rate from 0 to 100 on the scale
below, where

  0 =             and            100 = 
 ""not at all""                    ""most possible""",rew-eff-first,CR,0
sub_43712,227,15,postBlock3,0,3,"During the last block, how much did you
FEEL BORED?
Please rate from 0 to 100 on the scale
below, where

  0 =             and            100 = 
 ""not at all""                    ""most possible""",rew-eff-first,CR,0
sub_43712,228,10,postBlock2,0,3,"During the last block, how much did you
FEEL BORED?
Please rate from 0 to 100 on the scale
below, where

  0 =             and            100 = 
 ""not at all""                    ""most possible""",rew-eff-first,CR,0
sub_74409,229,91,postBlock3,0,1,"During the last block, how much did you
FEEL PLEASED
when you collected the coins?


Please rate from 0 to 100 on the scale
below, where

  0 =             and            100 = 
 ""not at all""                    ""most possible""",causal-attr-first,CR,0
sub_74409,230,92,postBlock1,0,1,"During the last block, how much did you
FEEL PLEASED
when you collected the coins?


Please rate from 0 to 100 on the scale
below, where

  0 =             and            100 = 
 ""not at all""                    ""most possible""",causal-attr-first,CR,0
sub_74409,231,93,postBlock2,0,1,"During the last block, how much did you
FEEL PLEASED
when you collected the coins?


Please rate from 0 to 100 on the scale
below, where

  0 =             and            100 = 
 ""not at all""                    ""most possible""",causal-attr-first,CR,0
sub_74409,232,93,postBlock0,0,1,"During the last block, how much did you
FEEL PLEASED
when you collected the coins?


Please rate from 0 to 100 on the scale
below, where

  0 =             and            100 = 
 ""not at all""                    ""most possible""",causal-attr-first,CR,0
sub_74409,233,88,postBlock0,0,2,"During the last block, how much did you
FEEL A SENSE OF ACHIEVEMENT when you
sucessfully hit the required power level?


Please rate from 0 to 100 on the scale
below, where

  0 =             and            100 = 
 ""not at all""                    ""most possible""",causal-attr-first,CR,0
sub_74409,234,93,postBlock3,0,2,"During the last block, how much did you
FEEL A SENSE OF ACHIEVEMENT when you
sucessfully hit the required power level?


Please rate from 0 to 100 on the scale
below, where

  0 =             and            100 = 
 ""not at all""                    ""most possible""",causal-attr-first,CR,0
sub_74409,235,89,postBlock1,0,2,"During the last block, how much did you
FEEL A SENSE OF ACHIEVEMENT when you
sucessfully hit the required power level?


Please rate from 0 to 100 on the scale
below, where

  0 =             and            100 = 
 ""not at all""                    ""most possible""",causal-attr-first,CR,0
sub_74409,236,90,postBlock2,0,2,"During the last block, how much did you
FEEL A SENSE OF ACHIEVEMENT when you
sucessfully hit the required power level?


Please rate from 0 to 100 on the scale
below, where

  0 =             and            100 = 
 ""not at all""                    ""most possible""",causal-attr-first,CR,0
sub_74409,237,9,postBlock0,0,3,"During the last block, how much did you
FEEL BORED?
Please rate from 0 to 100 on the scale
below, where

  0 =             and            100 = 
 ""not at all""                    ""most possible""",causal-attr-first,CR,0
sub_74409,238,3,postBlock1,0,3,"During the last block, how much did you
FEEL BORED?
Please rate from 0 to 100 on the scale
below, where

  0 =             and            100 = 
 ""not at all""                    ""most possible""",causal-attr-first,CR,0
sub_74409,239,5,postBlock3,0,3,"During the last block, how much did you
FEEL BORED?
Please rate from 0 to 100 on the scale
below, where

  0 =             and            100 = 
 ""not at all""                    ""most possible""",causal-attr-first,CR,0
sub_74409,240,3,postBlock2,0,3,"During the last block, how much did you
FEEL BORED?
Please rate from 0 to 100 on the scale
below, where

  0 =             and            100 = 
 ""not at all""                    ""most possible""",causal-attr-first,CR,0
sub_87953,241,40,postBlock3,0,1,"During the last block, how much did you
FEEL PLEASED
when you collected the coins?


Please rate from 0 to 100 on the scale
below, where

  0 =             and            100 = 
 ""not at all""                    ""most possible""",rew-eff-first,CR,0
sub_87953,242,60,postBlock1,0,1,"During the last block, how much did you
FEEL PLEASED
when you collected the coins?


Please rate from 0 to 100 on the scale
below, where

  0 =             and            100 = 
 ""not at all""                    ""most possible""",rew-eff-first,CR,0
sub_87953,243,60,postBlock2,0,1,"During the last block, how much did you
FEEL PLEASED
when you collected the coins?


Please rate from 0 to 100 on the scale
below, where

  0 =             and            100 = 
 ""not at all""                    ""most possible""",rew-eff-first,CR,0
sub_87953,244,70,postBlock0,0,1,"During the last block, how much did you
FEEL PLEASED
when you collected the coins?


Please rate from 0 to 100 on the scale
below, where

  0 =             and            100 = 
 ""not at all""                    ""most possible""",rew-eff-first,CR,0
sub_87953,245,70,postBlock0,0,2,"During the last block, how much did you
FEEL A SENSE OF ACHIEVEMENT when you
sucessfully hit the required power level?


Please rate from 0 to 100 on the scale
below, where

  0 =             and            100 = 
 ""not at all""                    ""most possible""",rew-eff-first,CR,0
sub_87953,246,40,postBlock3,0,2,"During the last block, how much did you
FEEL A SENSE OF ACHIEVEMENT when you
sucessfully hit the required power level?


Please rate from 0 to 100 on the scale
below, where

  0 =             and            100 = 
 ""not at all""                    ""most possible""",rew-eff-first,CR,0
sub_87953,247,60,postBlock1,0,2,"During the last block, how much did you
FEEL A SENSE OF ACHIEVEMENT when you
sucessfully hit the required power level?


Please rate from 0 to 100 on the scale
below, where

  0 =             and            100 = 
 ""not at all""                    ""most possible""",rew-eff-first,CR,0
sub_87953,248,60,postBlock2,0,2,"During the last block, how much did you
FEEL A SENSE OF ACHIEVEMENT when you
sucessfully hit the required power level?


Please rate from 0 to 100 on the scale
below, where

  0 =             and            100 = 
 ""not at all""                    ""most possible""",rew-eff-first,CR,0
sub_87953,249,50,postBlock0,0,3,"During the last block, how much did you
FEEL BORED?
Please rate from 0 to 100 on the scale
below, where

  0 =             and            100 = 
 ""not at all""                    ""most possible""",rew-eff-first,CR,0
sub_87953,250,50,postBlock1,0,3,"During the last block, how much did you
FEEL BORED?
Please rate from 0 to 100 on the scale
below, where

  0 =             and            100 = 
 ""not at all""                    ""most possible""",rew-eff-first,CR,0
sub_87953,251,30,postBlock3,0,3,"During the last block, how much did you
FEEL BORED?
Please rate from 0 to 100 on the scale
below, where

  0 =             and            100 = 
 ""not at all""                    ""most possible""",rew-eff-first,CR,0
sub_87953,252,40,postBlock2,0,3,"During the last block, how much did you
FEEL BORED?
Please rate from 0 to 100 on the scale
below, where

  0 =             and            100 = 
 ""not at all""                    ""most possible""",rew-eff-first,CR,0
sub_91300,253,87,postBlock3,0,1,"During the last block, how much did you
FEEL PLEASED
when you collected the coins?


Please rate from 0 to 100 on the scale
below, where

  0 =             and            100 = 
 ""not at all""                    ""most possible""",causal-attr-first,CR,0
sub_91300,254,73,postBlock1,0,1,"During the last block, how much did you
FEEL PLEASED
when you collected the coins?


Please rate from 0 to 100 on the scale
below, where

  0 =             and            100 = 
 ""not at all""                    ""most possible""",causal-attr-first,CR,0
sub_91300,255,78,postBlock2,0,1,"During the last block, how much did you
FEEL PLEASED
when you collected the coins?


Please rate from 0 to 100 on the scale
below, where

  0 =             and            100 = 
 ""not at all""                    ""most possible""",causal-attr-first,CR,0
sub_91300,256,73,postBlock0,0,1,"During the last block, how much did you
FEEL PLEASED
when you collected the coins?


Please rate from 0 to 100 on the scale
below, where

  0 =             and            100 = 
 ""not at all""                    ""most possible""",causal-attr-first,CR,0
sub_91300,257,73,postBlock0,0,2,"During the last block, how much did you
FEEL A SENSE OF ACHIEVEMENT when you
sucessfully hit the required power level?


Please rate from 0 to 100 on the scale
below, where

  0 =             and            100 = 
 ""not at all""                    ""most possible""",causal-attr-first,CR,0
sub_91300,258,86,postBlock3,0,2,"During the last block, how much did you
FEEL A SENSE OF ACHIEVEMENT when you
sucessfully hit the required power level?


Please rate from 0 to 100 on the scale
below, where

  0 =             and            100 = 
 ""not at all""                    ""most possible""",causal-attr-first,CR,0
sub_91300,259,80,postBlock1,0,2,"During the last block, how much did you
FEEL A SENSE OF ACHIEVEMENT when you
sucessfully hit the required power level?


Please rate from 0 to 100 on the scale
below, where

  0 =             and            100 = 
 ""not at all""                    ""most possible""",causal-attr-first,CR,0
sub_91300,260,80,postBlock2,0,2,"During the last block, how much did you
FEEL A SENSE OF ACHIEVEMENT when you
sucessfully hit the required power level?


Please rate from 0 to 100 on the scale
below, where

  0 =             and            100 = 
 ""not at all""                    ""most possible""",causal-attr-first,CR,0
sub_91300,261,12,postBlock0,0,3,"During the last block, how much did you
FEEL BORED?
Please rate from 0 to 100 on the scale
below, where

  0 =             and            100 = 
 ""not at all""                    ""most possible""",causal-attr-first,CR,0
sub_91300,262,15,postBlock1,0,3,"During the last block, how much did you
FEEL BORED?
Please rate from 0 to 100 on the scale
below, where

  0 =             and            100 = 
 ""not at all""                    ""most possible""",causal-attr-first,CR,0
sub_91300,263,48,postBlock3,0,3,"During the last block, how much did you
FEEL BORED?
Please rate from 0 to 100 on the scale
below, where

  0 =             and            100 = 
 ""not at all""                    ""most possible""",causal-attr-first,CR,0
sub_91300,264,20,postBlock2,0,3,"During the last block, how much did you
FEEL BORED?
Please rate from 0 to 100 on the scale
below, where

  0 =             and            100 = 
 ""not at all""                    ""most possible""",causal-attr-first,CR,0
sub_84742,265,24,postBlock3,0,1,"During the last block, how much did you
FEEL PLEASED
when you collected the coins?


Please rate from 0 to 100 on the scale
below, where

  0 =             and            100 = 
 ""not at all""                    ""most possible""",causal-attr-first,BA,0
sub_84742,266,45,postBlock1,0,1,"During the last block, how much did you
FEEL PLEASED
when you collected the coins?


Please rate from 0 to 100 on the scale
below, where

  0 =             and            100 = 
 ""not at all""                    ""most possible""",causal-attr-first,BA,0
sub_84742,267,95,postBlock2,0,1,"During the last block, how much did you
FEEL PLEASED
when you collected the coins?


Please rate from 0 to 100 on the scale
below, where

  0 =             and            100 = 
 ""not at all""                    ""most possible""",causal-attr-first,BA,0
sub_84742,268,97,postBlock0,0,1,"During the last block, how much did you
FEEL PLEASED
when you collected the coins?


Please rate from 0 to 100 on the scale
below, where

  0 =             and            100 = 
 ""not at all""                    ""most possible""",causal-attr-first,BA,0
sub_84742,269,99,postBlock0,0,2,"During the last block, how much did you
FEEL A SENSE OF ACHIEVEMENT when you
sucessfully hit the required power level?


Please rate from 0 to 100 on the scale
below, where

  0 =             and            100 = 
 ""not at all""                    ""most possible""",causal-attr-first,BA,0
sub_84742,270,24,postBlock3,0,2,"During the last block, how much did you
FEEL A SENSE OF ACHIEVEMENT when you
sucessfully hit the required power level?


Please rate from 0 to 100 on the scale
below, where

  0 =             and            100 = 
 ""not at all""                    ""most possible""",causal-attr-first,BA,0
sub_84742,271,64,postBlock1,0,2,"During the last block, how much did you
FEEL A SENSE OF ACHIEVEMENT when you
sucessfully hit the required power level?


Please rate from 0 to 100 on the scale
below, where

  0 =             and            100 = 
 ""not at all""                    ""most possible""",causal-attr-first,BA,0
sub_84742,272,92,postBlock2,0,2,"During the last block, how much did you
FEEL A SENSE OF ACHIEVEMENT when you
sucessfully hit the required power level?


Please rate from 0 to 100 on the scale
below, where

  0 =             and            100 = 
 ""not at all""                    ""most possible""",causal-attr-first,BA,0
sub_84742,273,2,postBlock0,0,3,"During the last block, how much did you
FEEL BORED?
Please rate from 0 to 100 on the scale
below, where

  0 =             and            100 = 
 ""not at all""                    ""most possible""",causal-attr-first,BA,0
sub_84742,274,12,postBlock1,0,3,"During the last block, how much did you
FEEL BORED?
Please rate from 0 to 100 on the scale
below, where

  0 =             and            100 = 
 ""not at all""                    ""most possible""",causal-attr-first,BA,0
sub_84742,275,97,postBlock3,0,3,"During the last block, how much did you
FEEL BORED?
Please rate from 0 to 100 on the scale
below, where

  0 =             and            100 = 
 ""not at all""                    ""most possible""",causal-attr-first,BA,0
sub_84742,276,75,postBlock2,0,3,"During the last block, how much did you
FEEL BORED?
Please rate from 0 to 100 on the scale
below, where

  0 =             and            100 = 
 ""not at all""                    ""most possible""",causal-attr-first,BA,0
sub_34608,277,100,postBlock3,0,1,"During the last block, how much did you
FEEL PLEASED
when you collected the coins?


Please rate from 0 to 100 on the scale
below, where

  0 =             and            100 = 
 ""not at all""                    ""most possible""",rew-eff-first,BA,0
sub_34608,278,96,postBlock1,0,1,"During the last block, how much did you
FEEL PLEASED
when you collected the coins?


Please rate from 0 to 100 on the scale
below, where

  0 =             and            100 = 
 ""not at all""                    ""most possible""",rew-eff-first,BA,0
sub_34608,279,98,postBlock2,0,1,"During the last block, how much did you
FEEL PLEASED
when you collected the coins?


Please rate from 0 to 100 on the scale
below, where

  0 =             and            100 = 
 ""not at all""                    ""most possible""",rew-eff-first,BA,0
sub_34608,280,100,postBlock0,0,1,"During the last block, how much did you
FEEL PLEASED
when you collected the coins?


Please rate from 0 to 100 on the scale
below, where

  0 =             and            100 = 
 ""not at all""                    ""most possible""",rew-eff-first,BA,0
sub_34608,281,99,postBlock0,0,2,"During the last block, how much did you
FEEL A SENSE OF ACHIEVEMENT when you
sucessfully hit the required power level?


Please rate from 0 to 100 on the scale
below, where

  0 =             and            100 = 
 ""not at all""                    ""most possible""",rew-eff-first,BA,0
sub_34608,282,95,postBlock3,0,2,"During the last block, how much did you
FEEL A SENSE OF ACHIEVEMENT when you
sucessfully hit the required power level?


Please rate from 0 to 100 on the scale
below, where

  0 =             and            100 = 
 ""not at all""                    ""most possible""",rew-eff-first,BA,0
sub_34608,283,95,postBlock1,0,2,"During the last block, how much did you
FEEL A SENSE OF ACHIEVEMENT when you
sucessfully hit the required power level?


Please rate from 0 to 100 on the scale
below, where

  0 =             and            100 = 
 ""not at all""                    ""most possible""",rew-eff-first,BA,0
sub_34608,284,92,postBlock2,0,2,"During the last block, how much did you
FEEL A SENSE OF ACHIEVEMENT when you
sucessfully hit the required power level?


Please rate from 0 to 100 on the scale
below, where

  0 =             and            100 = 
 ""not at all""                    ""most possible""",rew-eff-first,BA,0
sub_34608,285,14,postBlock0,0,3,"During the last block, how much did you
FEEL BORED?
Please rate from 0 to 100 on the scale
below, where

  0 =             and            100 = 
 ""not at all""                    ""most possible""",rew-eff-first,BA,0
sub_34608,286,9,postBlock1,0,3,"During the last block, how much did you
FEEL BORED?
Please rate from 0 to 100 on the scale
below, where

  0 =             and            100 = 
 ""not at all""                    ""most possible""",rew-eff-first,BA,0
sub_34608,287,4,postBlock3,0,3,"During the last block, how much did you
FEEL BORED?
Please rate from 0 to 100 on the scale
below, where

  0 =             and            100 = 
 ""not at all""                    ""most possible""",rew-eff-first,BA,0
sub_34608,288,8,postBlock2,0,3,"During the last block, how much did you
FEEL BORED?
Please rate from 0 to 100 on the scale
below, where

  0 =             and            100 = 
 ""not at all""                    ""most possible""",rew-eff-first,BA,0
sub_10102,289,64,postBlock3,0,1,"During the last block, how much did you
FEEL PLEASED
when you collected the coins?


Please rate from 0 to 100 on the scale
below, where

  0 =             and            100 = 
 ""not at all""                    ""most possible""",causal-attr-first,CR,0
sub_10102,290,79,postBlock1,0,1,"During the last block, how much did you
FEEL PLEASED
when you collected the coins?


Please rate from 0 to 100 on the scale
below, where

  0 =             and            100 = 
 ""not at all""                    ""most possible""",causal-attr-first,CR,0
sub_10102,291,13,postBlock2,0,1,"During the last block, how much did you
FEEL PLEASED
when you collected the coins?


Please rate from 0 to 100 on the scale
below, where

  0 =             and            100 = 
 ""not at all""                    ""most possible""",causal-attr-first,CR,0
sub_10102,292,70,postBlock0,0,1,"During the last block, how much did you
FEEL PLEASED
when you collected the coins?


Please rate from 0 to 100 on the scale
below, where

  0 =             and            100 = 
 ""not at all""                    ""most possible""",causal-attr-first,CR,0
sub_10102,293,60,postBlock0,0,2,"During the last block, how much did you
FEEL A SENSE OF ACHIEVEMENT when you
sucessfully hit the required power level?


Please rate from 0 to 100 on the scale
below, where

  0 =             and            100 = 
 ""not at all""                    ""most possible""",causal-attr-first,CR,0
sub_10102,294,55,postBlock3,0,2,"During the last block, how much did you
FEEL A SENSE OF ACHIEVEMENT when you
sucessfully hit the required power level?


Please rate from 0 to 100 on the scale
below, where

  0 =             and            100 = 
 ""not at all""                    ""most possible""",causal-attr-first,CR,0
sub_10102,295,81,postBlock1,0,2,"During the last block, how much did you
FEEL A SENSE OF ACHIEVEMENT when you
sucessfully hit the required power level?


Please rate from 0 to 100 on the scale
below, where

  0 =             and            100 = 
 ""not at all""                    ""most possible""",causal-attr-first,CR,0
sub_10102,296,12,postBlock2,0,2,"During the last block, how much did you
FEEL A SENSE OF ACHIEVEMENT when you
sucessfully hit the required power level?


Please rate from 0 to 100 on the scale
below, where

  0 =             and            100 = 
 ""not at all""                    ""most possible""",causal-attr-first,CR,0
sub_10102,297,36,postBlock0,0,3,"During the last block, how much did you
FEEL BORED?
Please rate from 0 to 100 on the scale
below, where

  0 =             and            100 = 
 ""not at all""                    ""most possible""",causal-attr-first,CR,0
sub_10102,298,30,postBlock1,0,3,"During the last block, how much did you
FEEL BORED?
Please rate from 0 to 100 on the scale
below, where

  0 =             and            100 = 
 ""not at all""                    ""most possible""",causal-attr-first,CR,0
sub_10102,299,40,postBlock3,0,3,"During the last block, how much did you
FEEL BORED?
Please rate from 0 to 100 on the scale
below, where

  0 =             and            100 = 
 ""not at all""                    ""most possible""",causal-attr-first,CR,0
sub_10102,300,26,postBlock2,0,3,"During the last block, how much did you
FEEL BORED?
Please rate from 0 to 100 on the scale
below, where

  0 =             and            100 = 
 ""not at all""                    ""most possible""",causal-attr-first,CR,0
sub_85884,301,62,postBlock3,0,1,"During the last block, how much did you
FEEL PLEASED
when you collected the coins?


Please rate from 0 to 100 on the scale
below, where

  0 =             and            100 = 
 ""not at all""                    ""most possible""",causal-attr-first,BA,0
sub_85884,302,65,postBlock1,0,1,"During the last block, how much did you
FEEL PLEASED
when you collected the coins?


Please rate from 0 to 100 on the scale
below, where

  0 =             and            100 = 
 ""not at all""                    ""most possible""",causal-attr-first,BA,0
sub_85884,303,66,postBlock2,0,1,"During the last block, how much did you
FEEL PLEASED
when you collected the coins?


Please rate from 0 to 100 on the scale
below, where

  0 =             and            100 = 
 ""not at all""                    ""most possible""",causal-attr-first,BA,0
sub_85884,304,81,postBlock0,0,1,"During the last block, how much did you
FEEL PLEASED
when you collected the coins?


Please rate from 0 to 100 on the scale
below, where

  0 =             and            100 = 
 ""not at all""                    ""most possible""",causal-attr-first,BA,0
sub_85884,305,65,postBlock0,0,2,"During the last block, how much did you
FEEL A SENSE OF ACHIEVEMENT when you
sucessfully hit the required power level?


Please rate from 0 to 100 on the scale
below, where

  0 =             and            100 = 
 ""not at all""                    ""most possible""",causal-attr-first,BA,0
sub_85884,306,54,postBlock3,0,2,"During the last block, how much did you
FEEL A SENSE OF ACHIEVEMENT when you
sucessfully hit the required power level?


Please rate from 0 to 100 on the scale
below, where

  0 =             and            100 = 
 ""not at all""                    ""most possible""",causal-attr-first,BA,0
sub_85884,307,64,postBlock1,0,2,"During the last block, how much did you
FEEL A SENSE OF ACHIEVEMENT when you
sucessfully hit the required power level?


Please rate from 0 to 100 on the scale
below, where

  0 =             and            100 = 
 ""not at all""                    ""most possible""",causal-attr-first,BA,0
sub_85884,308,60,postBlock2,0,2,"During the last block, how much did you
FEEL A SENSE OF ACHIEVEMENT when you
sucessfully hit the required power level?


Please rate from 0 to 100 on the scale
below, where

  0 =             and            100 = 
 ""not at all""                    ""most possible""",causal-attr-first,BA,0
sub_85884,309,42,postBlock0,0,3,"During the last block, how much did you
FEEL BORED?
Please rate from 0 to 100 on the scale
below, where

  0 =             and            100 = 
 ""not at all""                    ""most possible""",causal-attr-first,BA,0
sub_85884,310,47,postBlock1,0,3,"During the last block, how much did you
FEEL BORED?
Please rate from 0 to 100 on the scale
below, where

  0 =             and            100 = 
 ""not at all""                    ""most possible""",causal-attr-first,BA,0
sub_85884,311,54,postBlock3,0,3,"During the last block, how much did you
FEEL BORED?
Please rate from 0 to 100 on the scale
below, where

  0 =             and            100 = 
 ""not at all""                    ""most possible""",causal-attr-first,BA,0
sub_85884,312,53,postBlock2,0,3,"During the last block, how much did you
FEEL BORED?
Please rate from 0 to 100 on the scale
below, where

  0 =             and            100 = 
 ""not at all""                    ""most possible""",causal-attr-first,BA,0
sub_46939,313,100,postBlock3,0,1,"During the last block, how much did you
FEEL PLEASED
when you collected the coins?


Please rate from 0 to 100 on the scale
below, where

  0 =             and            100 = 
 ""not at all""                    ""most possible""",rew-eff-first,CR,0
sub_46939,314,0,postBlock1,0,1,"During the last block, how much did you
FEEL PLEASED
when you collected the coins?


Please rate from 0 to 100 on the scale
below, where

  0 =             and            100 = 
 ""not at all""                    ""most possible""",rew-eff-first,CR,0
sub_46939,315,1,postBlock2,0,1,"During the last block, how much did you
FEEL PLEASED
when you collected the coins?


Please rate from 0 to 100 on the scale
below, where

  0 =             and            100 = 
 ""not at all""                    ""most possible""",rew-eff-first,CR,0
sub_46939,316,41,postBlock0,0,1,"During the last block, how much did you
FEEL PLEASED
when you collected the coins?


Please rate from 0 to 100 on the scale
below, where

  0 =             and            100 = 
 ""not at all""                    ""most possible""",rew-eff-first,CR,0
sub_46939,317,29,postBlock0,0,2,"During the last block, how much did you
FEEL A SENSE OF ACHIEVEMENT when you
sucessfully hit the required power level?


Please rate from 0 to 100 on the scale
below, where

  0 =             and            100 = 
 ""not at all""                    ""most possible""",rew-eff-first,CR,0
sub_46939,318,81,postBlock3,0,2,"During the last block, how much did you
FEEL A SENSE OF ACHIEVEMENT when you
sucessfully hit the required power level?


Please rate from 0 to 100 on the scale
below, where

  0 =             and            100 = 
 ""not at all""                    ""most possible""",rew-eff-first,CR,0
sub_46939,319,3,postBlock1,0,2,"During the last block, how much did you
FEEL A SENSE OF ACHIEVEMENT when you
sucessfully hit the required power level?


Please rate from 0 to 100 on the scale
below, where

  0 =             and            100 = 
 ""not at all""                    ""most possible""",rew-eff-first,CR,0
sub_46939,320,0,postBlock2,0,2,"During the last block, how much did you
FEEL A SENSE OF ACHIEVEMENT when you
sucessfully hit the required power level?


Please rate from 0 to 100 on the scale
below, where

  0 =             and            100 = 
 ""not at all""                    ""most possible""",rew-eff-first,CR,0
sub_46939,321,100,postBlock0,0,3,"During the last block, how much did you
FEEL BORED?
Please rate from 0 to 100 on the scale
below, where

  0 =             and            100 = 
 ""not at all""                    ""most possible""",rew-eff-first,CR,0
sub_46939,322,100,postBlock1,0,3,"During the last block, how much did you
FEEL BORED?
Please rate from 0 to 100 on the scale
below, where

  0 =             and            100 = 
 ""not at all""                    ""most possible""",rew-eff-first,CR,0
sub_46939,323,100,postBlock3,0,3,"During the last block, how much did you
FEEL BORED?
Please rate from 0 to 100 on the scale
below, where

  0 =             and            100 = 
 ""not at all""                    ""most possible""",rew-eff-first,CR,0
sub_46939,324,100,postBlock2,0,3,"During the last block, how much did you
FEEL BORED?
Please rate from 0 to 100 on the scale
below, where

  0 =             and            100 = 
 ""not at all""                    ""most possible""",rew-eff-first,CR,0
sub_81432,325,53,postBlock3,0,1,"During the last block, how much did you
FEEL PLEASED
when you collected the coins?


Please rate from 0 to 100 on the scale
below, where

  0 =             and            100 = 
 ""not at all""                    ""most possible""",causal-attr-first,BA,0
sub_81432,326,54,postBlock1,0,1,"During the last block, how much did you
FEEL PLEASED
when you collected the coins?


Please rate from 0 to 100 on the scale
below, where

  0 =             and            100 = 
 ""not at all""                    ""most possible""",causal-attr-first,BA,0
sub_81432,327,58,postBlock2,0,1,"During the last block, how much did you
FEEL PLEASED
when you collected the coins?


Please rate from 0 to 100 on the scale
below, where

  0 =             and            100 = 
 ""not at all""                    ""most possible""",causal-attr-first,BA,0
sub_81432,328,69,postBlock0,0,1,"During the last block, how much did you
FEEL PLEASED
when you collected the coins?


Please rate from 0 to 100 on the scale
below, where

  0 =             and            100 = 
 ""not at all""                    ""most possible""",causal-attr-first,BA,0
sub_81432,329,64,postBlock0,0,2,"During the last block, how much did you
FEEL A SENSE OF ACHIEVEMENT when you
sucessfully hit the required power level?


Please rate from 0 to 100 on the scale
below, where

  0 =             and            100 = 
 ""not at all""                    ""most possible""",causal-attr-first,BA,0
sub_81432,330,52,postBlock3,0,2,"During the last block, how much did you
FEEL A SENSE OF ACHIEVEMENT when you
sucessfully hit the required power level?


Please rate from 0 to 100 on the scale
below, where

  0 =             and            100 = 
 ""not at all""                    ""most possible""",causal-attr-first,BA,0
sub_81432,331,39,postBlock1,0,2,"During the last block, how much did you
FEEL A SENSE OF ACHIEVEMENT when you
sucessfully hit the required power level?


Please rate from 0 to 100 on the scale
below, where

  0 =             and            100 = 
 ""not at all""                    ""most possible""",causal-attr-first,BA,0
sub_81432,332,58,postBlock2,0,2,"During the last block, how much did you
FEEL A SENSE OF ACHIEVEMENT when you
sucessfully hit the required power level?


Please rate from 0 to 100 on the scale
below, where

  0 =             and            100 = 
 ""not at all""                    ""most possible""",causal-attr-first,BA,0
sub_81432,333,25,postBlock0,0,3,"During the last block, how much did you
FEEL BORED?
Please rate from 0 to 100 on the scale
below, where

  0 =             and            100 = 
 ""not at all""                    ""most possible""",causal-attr-first,BA,0
sub_81432,334,30,postBlock1,0,3,"During the last block, how much did you
FEEL BORED?
Please rate from 0 to 100 on the scale
below, where

  0 =             and            100 = 
 ""not at all""                    ""most possible""",causal-attr-first,BA,0
sub_81432,335,10,postBlock3,0,3,"During the last block, how much did you
FEEL BORED?
Please rate from 0 to 100 on the scale
below, where

  0 =             and            100 = 
 ""not at all""                    ""most possible""",causal-attr-first,BA,0
sub_81432,336,24,postBlock2,0,3,"During the last block, how much did you
FEEL BORED?
Please rate from 0 to 100 on the scale
below, where

  0 =             and            100 = 
 ""not at all""                    ""most possible""",causal-attr-first,BA,0
sub_30002,337,94,postBlock3,0,1,"During the last block, how much did you
FEEL PLEASED
when you collected the coins?


Please rate from 0 to 100 on the scale
below, where

  0 =             and            100 = 
 ""not at all""                    ""most possible""",causal-attr-first,CR,0
sub_30002,338,85,postBlock1,0,1,"During the last block, how much did you
FEEL PLEASED
when you collected the coins?


Please rate from 0 to 100 on the scale
below, where

  0 =             and            100 = 
 ""not at all""                    ""most possible""",causal-attr-first,CR,0
sub_30002,339,82,postBlock2,0,1,"During the last block, how much did you
FEEL PLEASED
when you collected the coins?


Please rate from 0 to 100 on the scale
below, where

  0 =             and            100 = 
 ""not at all""                    ""most possible""",causal-attr-first,CR,0
sub_30002,340,95,postBlock0,0,1,"During the last block, how much did you
FEEL PLEASED
when you collected the coins?


Please rate from 0 to 100 on the scale
below, where

  0 =             and            100 = 
 ""not at all""                    ""most possible""",causal-attr-first,CR,0
sub_30002,341,98,postBlock0,0,2,"During the last block, how much did you
FEEL A SENSE OF ACHIEVEMENT when you
sucessfully hit the required power level?


Please rate from 0 to 100 on the scale
below, where

  0 =             and            100 = 
 ""not at all""                    ""most possible""",causal-attr-first,CR,0
sub_30002,342,92,postBlock3,0,2,"During the last block, how much did you
FEEL A SENSE OF ACHIEVEMENT when you
sucessfully hit the required power level?


Please rate from 0 to 100 on the scale
below, where

  0 =             and            100 = 
 ""not at all""                    ""most possible""",causal-attr-first,CR,0
sub_30002,343,90,postBlock1,0,2,"During the last block, how much did you
FEEL A SENSE OF ACHIEVEMENT when you
sucessfully hit the required power level?


Please rate from 0 to 100 on the scale
below, where

  0 =             and            100 = 
 ""not at all""                    ""most possible""",causal-attr-first,CR,0
sub_30002,344,85,postBlock2,0,2,"During the last block, how much did you
FEEL A SENSE OF ACHIEVEMENT when you
sucessfully hit the required power level?


Please rate from 0 to 100 on the scale
below, where

  0 =             and            100 = 
 ""not at all""                    ""most possible""",causal-attr-first,CR,0
sub_30002,345,5,postBlock0,0,3,"During the last block, how much did you
FEEL BORED?
Please rate from 0 to 100 on the scale
below, where

  0 =             and            100 = 
 ""not at all""                    ""most possible""",causal-attr-first,CR,0
sub_30002,346,30,postBlock1,0,3,"During the last block, how much did you
FEEL BORED?
Please rate from 0 to 100 on the scale
below, where

  0 =             and            100 = 
 ""not at all""                    ""most possible""",causal-attr-first,CR,0
sub_30002,347,35,postBlock3,0,3,"During the last block, how much did you
FEEL BORED?
Please rate from 0 to 100 on the scale
below, where

  0 =             and            100 = 
 ""not at all""                    ""most possible""",causal-attr-first,CR,0
sub_30002,348,42,postBlock2,0,3,"During the last block, how much did you
FEEL BORED?
Please rate from 0 to 100 on the scale
below, where

  0 =             and            100 = 
 ""not at all""                    ""most possible""",causal-attr-first,CR,0
sub_10015,349,97,postBlock3,0,1,"During the last block, how much did you
FEEL PLEASED
when you collected the coins?


Please rate from 0 to 100 on the scale
below, where

  0 =             and            100 = 
 ""not at all""                    ""most possible""",rew-eff-first,BA,0
sub_10015,350,82,postBlock1,0,1,"During the last block, how much did you
FEEL PLEASED
when you collected the coins?


Please rate from 0 to 100 on the scale
below, where

  0 =             and            100 = 
 ""not at all""                    ""most possible""",rew-eff-first,BA,0
sub_10015,351,94,postBlock2,0,1,"During the last block, how much did you
FEEL PLEASED
when you collected the coins?


Please rate from 0 to 100 on the scale
below, where

  0 =             and            100 = 
 ""not at all""                    ""most possible""",rew-eff-first,BA,0
sub_10015,352,75,postBlock0,0,1,"During the last block, how much did you
FEEL PLEASED
when you collected the coins?


Please rate from 0 to 100 on the scale
below, where

  0 =             and            100 = 
 ""not at all""                    ""most possible""",rew-eff-first,BA,0
sub_10015,353,59,postBlock0,0,2,"During the last block, how much did you
FEEL A SENSE OF ACHIEVEMENT when you
sucessfully hit the required power level?


Please rate from 0 to 100 on the scale
below, where

  0 =             and            100 = 
 ""not at all""                    ""most possible""",rew-eff-first,BA,0
sub_10015,354,94,postBlock3,0,2,"During the last block, how much did you
FEEL A SENSE OF ACHIEVEMENT when you
sucessfully hit the required power level?


Please rate from 0 to 100 on the scale
below, where

  0 =             and            100 = 
 ""not at all""                    ""most possible""",rew-eff-first,BA,0
sub_10015,355,74,postBlock1,0,2,"During the last block, how much did you
FEEL A SENSE OF ACHIEVEMENT when you
sucessfully hit the required power level?


Please rate from 0 to 100 on the scale
below, where

  0 =             and            100 = 
 ""not at all""                    ""most possible""",rew-eff-first,BA,0
sub_10015,356,95,postBlock2,0,2,"During the last block, how much did you
FEEL A SENSE OF ACHIEVEMENT when you
sucessfully hit the required power level?


Please rate from 0 to 100 on the scale
below, where

  0 =             and            100 = 
 ""not at all""                    ""most possible""",rew-eff-first,BA,0
sub_10015,357,16,postBlock0,0,3,"During the last block, how much did you
FEEL BORED?
Please rate from 0 to 100 on the scale
below, where

  0 =             and            100 = 
 ""not at all""                    ""most possible""",rew-eff-first,BA,0
sub_10015,358,5,postBlock1,0,3,"During the last block, how much did you
FEEL BORED?
Please rate from 0 to 100 on the scale
below, where

  0 =             and            100 = 
 ""not at all""                    ""most possible""",rew-eff-first,BA,0
sub_10015,359,1,postBlock3,0,3,"During the last block, how much did you
FEEL BORED?
Please rate from 0 to 100 on the scale
below, where

  0 =             and            100 = 
 ""not at all""                    ""most possible""",rew-eff-first,BA,0
sub_10015,360,2,postBlock2,0,3,"During the last block, how much did you
FEEL BORED?
Please rate from 0 to 100 on the scale
below, where

  0 =             and            100 = 
 ""not at all""                    ""most possible""",rew-eff-first,BA,0
sub_71147,361,39,postBlock3,0,1,"During the last block, how much did you
FEEL PLEASED
when you collected the coins?


Please rate from 0 to 100 on the scale
below, where

  0 =             and            100 = 
 ""not at all""                    ""most possible""",causal-attr-first,CR,0
sub_71147,362,22,postBlock1,0,1,"During the last block, how much did you
FEEL PLEASED
when you collected the coins?


Please rate from 0 to 100 on the scale
below, where

  0 =             and            100 = 
 ""not at all""                    ""most possible""",causal-attr-first,CR,0
sub_71147,363,36,postBlock2,0,1,"During the last block, how much did you
FEEL PLEASED
when you collected the coins?


Please rate from 0 to 100 on the scale
below, where

  0 =             and            100 = 
 ""not at all""                    ""most possible""",causal-attr-first,CR,0
sub_71147,364,30,postBlock0,0,1,"During the last block, how much did you
FEEL PLEASED
when you collected the coins?


Please rate from 0 to 100 on the scale
below, where

  0 =             and            100 = 
 ""not at all""                    ""most possible""",causal-attr-first,CR,0
sub_71147,365,48,postBlock0,0,2,"During the last block, how much did you
FEEL A SENSE OF ACHIEVEMENT when you
sucessfully hit the required power level?


Please rate from 0 to 100 on the scale
below, where

  0 =             and            100 = 
 ""not at all""                    ""most possible""",causal-attr-first,CR,0
sub_71147,366,36,postBlock3,0,2,"During the last block, how much did you
FEEL A SENSE OF ACHIEVEMENT when you
sucessfully hit the required power level?


Please rate from 0 to 100 on the scale
below, where

  0 =             and            100 = 
 ""not at all""                    ""most possible""",causal-attr-first,CR,0
sub_71147,367,21,postBlock1,0,2,"During the last block, how much did you
FEEL A SENSE OF ACHIEVEMENT when you
sucessfully hit the required power level?


Please rate from 0 to 100 on the scale
below, where

  0 =             and            100 = 
 ""not at all""                    ""most possible""",causal-attr-first,CR,0
sub_71147,368,42,postBlock2,0,2,"During the last block, how much did you
FEEL A SENSE OF ACHIEVEMENT when you
sucessfully hit the required power level?


Please rate from 0 to 100 on the scale
below, where

  0 =             and            100 = 
 ""not at all""                    ""most possible""",causal-attr-first,CR,0
sub_71147,369,87,postBlock0,0,3,"During the last block, how much did you
FEEL BORED?
Please rate from 0 to 100 on the scale
below, where

  0 =             and            100 = 
 ""not at all""                    ""most possible""",causal-attr-first,CR,0
sub_71147,370,99,postBlock1,0,3,"During the last block, how much did you
FEEL BORED?
Please rate from 0 to 100 on the scale
below, where

  0 =             and            100 = 
 ""not at all""                    ""most possible""",causal-attr-first,CR,0
sub_71147,371,89,postBlock3,0,3,"During the last block, how much did you
FEEL BORED?
Please rate from 0 to 100 on the scale
below, where

  0 =             and            100 = 
 ""not at all""                    ""most possible""",causal-attr-first,CR,0
sub_71147,372,100,postBlock2,0,3,"During the last block, how much did you
FEEL BORED?
Please rate from 0 to 100 on the scale
below, where

  0 =             and            100 = 
 ""not at all""                    ""most possible""",causal-attr-first,CR,0
sub_43755,373,71,postBlock3,0,1,"During the last block, how much did you
FEEL PLEASED
when you collected the coins?


Please rate from 0 to 100 on the scale
below, where

  0 =             and            100 = 
 ""not at all""                    ""most possible""",causal-attr-first,CR,0
sub_43755,374,99,postBlock1,0,1,"During the last block, how much did you
FEEL PLEASED
when you collected the coins?


Please rate from 0 to 100 on the scale
below, where

  0 =             and            100 = 
 ""not at all""                    ""most possible""",causal-attr-first,CR,0
sub_43755,375,92,postBlock2,0,1,"During the last block, how much did you
FEEL PLEASED
when you collected the coins?


Please rate from 0 to 100 on the scale
below, where

  0 =             and            100 = 
 ""not at all""                    ""most possible""",causal-attr-first,CR,0
sub_43755,376,84,postBlock0,0,1,"During the last block, how much did you
FEEL PLEASED
when you collected the coins?


Please rate from 0 to 100 on the scale
below, where

  0 =             and            100 = 
 ""not at all""                    ""most possible""",causal-attr-first,CR,0
sub_43755,377,87,postBlock0,0,2,"During the last block, how much did you
FEEL A SENSE OF ACHIEVEMENT when you
sucessfully hit the required power level?


Please rate from 0 to 100 on the scale
below, where

  0 =             and            100 = 
 ""not at all""                    ""most possible""",causal-attr-first,CR,0
sub_43755,378,66,postBlock3,0,2,"During the last block, how much did you
FEEL A SENSE OF ACHIEVEMENT when you
sucessfully hit the required power level?


Please rate from 0 to 100 on the scale
below, where

  0 =             and            100 = 
 ""not at all""                    ""most possible""",causal-attr-first,CR,0
sub_43755,379,82,postBlock1,0,2,"During the last block, how much did you
FEEL A SENSE OF ACHIEVEMENT when you
sucessfully hit the required power level?


Please rate from 0 to 100 on the scale
below, where

  0 =             and            100 = 
 ""not at all""                    ""most possible""",causal-attr-first,CR,0
sub_43755,380,89,postBlock2,0,2,"During the last block, how much did you
FEEL A SENSE OF ACHIEVEMENT when you
sucessfully hit the required power level?


Please rate from 0 to 100 on the scale
below, where

  0 =             and            100 = 
 ""not at all""                    ""most possible""",causal-attr-first,CR,0
sub_43755,381,0,postBlock0,0,3,"During the last block, how much did you
FEEL BORED?
Please rate from 0 to 100 on the scale
below, where

  0 =             and            100 = 
 ""not at all""                    ""most possible""",causal-attr-first,CR,0
sub_43755,382,2,postBlock1,0,3,"During the last block, how much did you
FEEL BORED?
Please rate from 0 to 100 on the scale
below, where

  0 =             and            100 = 
 ""not at all""                    ""most possible""",causal-attr-first,CR,0
sub_43755,383,19,postBlock3,0,3,"During the last block, how much did you
FEEL BORED?
Please rate from 0 to 100 on the scale
below, where

  0 =             and            100 = 
 ""not at all""                    ""most possible""",causal-attr-first,CR,0
sub_43755,384,5,postBlock2,0,3,"During the last block, how much did you
FEEL BORED?
Please rate from 0 to 100 on the scale
below, where

  0 =             and            100 = 
 ""not at all""                    ""most possible""",causal-attr-first,CR,0
sub_89767,385,70,postBlock3,0,1,"During the last block, how much did you
FEEL PLEASED
when you collected the coins?


Please rate from 0 to 100 on the scale
below, where

  0 =             and            100 = 
 ""not at all""                    ""most possible""",causal-attr-first,CR,0
sub_89767,386,100,postBlock1,0,1,"During the last block, how much did you
FEEL PLEASED
when you collected the coins?


Please rate from 0 to 100 on the scale
below, where

  0 =             and            100 = 
 ""not at all""                    ""most possible""",causal-attr-first,CR,0
sub_89767,387,97,postBlock2,0,1,"During the last block, how much did you
FEEL PLEASED
when you collected the coins?


Please rate from 0 to 100 on the scale
below, where

  0 =             and            100 = 
 ""not at all""                    ""most possible""",causal-attr-first,CR,0
sub_89767,388,45,postBlock0,0,1,"During the last block, how much did you
FEEL PLEASED
when you collected the coins?


Please rate from 0 to 100 on the scale
below, where

  0 =             and            100 = 
 ""not at all""                    ""most possible""",causal-attr-first,CR,0
sub_89767,389,100,postBlock0,0,2,"During the last block, how much did you
FEEL A SENSE OF ACHIEVEMENT when you
sucessfully hit the required power level?


Please rate from 0 to 100 on the scale
below, where

  0 =             and            100 = 
 ""not at all""                    ""most possible""",causal-attr-first,CR,0
sub_89767,390,70,postBlock3,0,2,"During the last block, how much did you
FEEL A SENSE OF ACHIEVEMENT when you
sucessfully hit the required power level?


Please rate from 0 to 100 on the scale
below, where

  0 =             and            100 = 
 ""not at all""                    ""most possible""",causal-attr-first,CR,0
sub_89767,391,85,postBlock1,0,2,"During the last block, how much did you
FEEL A SENSE OF ACHIEVEMENT when you
sucessfully hit the required power level?


Please rate from 0 to 100 on the scale
below, where

  0 =             and            100 = 
 ""not at all""                    ""most possible""",causal-attr-first,CR,0
sub_89767,392,90,postBlock2,0,2,"During the last block, how much did you
FEEL A SENSE OF ACHIEVEMENT when you
sucessfully hit the required power level?


Please rate from 0 to 100 on the scale
below, where

  0 =             and            100 = 
 ""not at all""                    ""most possible""",causal-attr-first,CR,0
sub_89767,393,20,postBlock0,0,3,"During the last block, how much did you
FEEL BORED?
Please rate from 0 to 100 on the scale
below, where

  0 =             and            100 = 
 ""not at all""                    ""most possible""",causal-attr-first,CR,0
sub_89767,394,10,postBlock1,0,3,"During the last block, how much did you
FEEL BORED?
Please rate from 0 to 100 on the scale
below, where

  0 =             and            100 = 
 ""not at all""                    ""most possible""",causal-attr-first,CR,0
sub_89767,395,30,postBlock3,0,3,"During the last block, how much did you
FEEL BORED?
Please rate from 0 to 100 on the scale
below, where

  0 =             and            100 = 
 ""not at all""                    ""most possible""",causal-attr-first,CR,0
sub_89767,396,18,postBlock2,0,3,"During the last block, how much did you
FEEL BORED?
Please rate from 0 to 100 on the scale
below, where

  0 =             and            100 = 
 ""not at all""                    ""most possible""",causal-attr-first,CR,0
sub_35489,397,89,postBlock3,0,1,"During the last block, how much did you
FEEL PLEASED
when you collected the coins?


Please rate from 0 to 100 on the scale
below, where

  0 =             and            100 = 
 ""not at all""                    ""most possible""",rew-eff-first,BA,0
sub_35489,398,93,postBlock1,0,1,"During the last block, how much did you
FEEL PLEASED
when you collected the coins?


Please rate from 0 to 100 on the scale
below, where

  0 =             and            100 = 
 ""not at all""                    ""most possible""",rew-eff-first,BA,0
sub_35489,399,90,postBlock2,0,1,"During the last block, how much did you
FEEL PLEASED
when you collected the coins?


Please rate from 0 to 100 on the scale
below, where

  0 =             and            100 = 
 ""not at all""                    ""most possible""",rew-eff-first,BA,0
sub_35489,400,89,postBlock0,0,1,"During the last block, how much did you
FEEL PLEASED
when you collected the coins?


Please rate from 0 to 100 on the scale
below, where

  0 =             and            100 = 
 ""not at all""                    ""most possible""",rew-eff-first,BA,0
sub_35489,401,92,postBlock0,0,2,"During the last block, how much did you
FEEL A SENSE OF ACHIEVEMENT when you
sucessfully hit the required power level?


Please rate from 0 to 100 on the scale
below, where

  0 =             and            100 = 
 ""not at all""                    ""most possible""",rew-eff-first,BA,0
sub_35489,402,87,postBlock3,0,2,"During the last block, how much did you
FEEL A SENSE OF ACHIEVEMENT when you
sucessfully hit the required power level?


Please rate from 0 to 100 on the scale
below, where

  0 =             and            100 = 
 ""not at all""                    ""most possible""",rew-eff-first,BA,0
sub_35489,403,86,postBlock1,0,2,"During the last block, how much did you
FEEL A SENSE OF ACHIEVEMENT when you
sucessfully hit the required power level?


Please rate from 0 to 100 on the scale
below, where

  0 =             and            100 = 
 ""not at all""                    ""most possible""",rew-eff-first,BA,0
sub_35489,404,89,postBlock2,0,2,"During the last block, how much did you
FEEL A SENSE OF ACHIEVEMENT when you
sucessfully hit the required power level?


Please rate from 0 to 100 on the scale
below, where

  0 =             and            100 = 
 ""not at all""                    ""most possible""",rew-eff-first,BA,0
sub_35489,405,10,postBlock0,0,3,"During the last block, how much did you
FEEL BORED?
Please rate from 0 to 100 on the scale
below, where

  0 =             and            100 = 
 ""not at all""                    ""most possible""",rew-eff-first,BA,0
sub_35489,406,15,postBlock1,0,3,"During the last block, how much did you
FEEL BORED?
Please rate from 0 to 100 on the scale
below, where

  0 =             and            100 = 
 ""not at all""                    ""most possible""",rew-eff-first,BA,0
sub_35489,407,8,postBlock3,0,3,"During the last block, how much did you
FEEL BORED?
Please rate from 0 to 100 on the scale
below, where

  0 =             and            100 = 
 ""not at all""                    ""most possible""",rew-eff-first,BA,0
sub_35489,408,5,postBlock2,0,3,"During the last block, how much did you
FEEL BORED?
Please rate from 0 to 100 on the scale
below, where

  0 =             and            100 = 
 ""not at all""                    ""most possible""",rew-eff-first,BA,0
sub_73085,409,80,postBlock3,0,1,"During the last block, how much did you
FEEL PLEASED
when you collected the coins?


Please rate from 0 to 100 on the scale
below, where

  0 =             and            100 = 
 ""not at all""                    ""most possible""",rew-eff-first,CR,0
sub_73085,410,83,postBlock1,0,1,"During the last block, how much did you
FEEL PLEASED
when you collected the coins?


Please rate from 0 to 100 on the scale
below, where

  0 =             and            100 = 
 ""not at all""                    ""most possible""",rew-eff-first,CR,0
sub_73085,411,80,postBlock2,0,1,"During the last block, how much did you
FEEL PLEASED
when you collected the coins?


Please rate from 0 to 100 on the scale
below, where

  0 =             and            100 = 
 ""not at all""                    ""most possible""",rew-eff-first,CR,0
sub_73085,412,78,postBlock0,0,1,"During the last block, how much did you
FEEL PLEASED
when you collected the coins?


Please rate from 0 to 100 on the scale
below, where

  0 =             and            100 = 
 ""not at all""                    ""most possible""",rew-eff-first,CR,0
sub_73085,413,86,postBlock0,0,2,"During the last block, how much did you
FEEL A SENSE OF ACHIEVEMENT when you
sucessfully hit the required power level?


Please rate from 0 to 100 on the scale
below, where

  0 =             and            100 = 
 ""not at all""                    ""most possible""",rew-eff-first,CR,0
sub_73085,414,83,postBlock3,0,2,"During the last block, how much did you
FEEL A SENSE OF ACHIEVEMENT when you
sucessfully hit the required power level?


Please rate from 0 to 100 on the scale
below, where

  0 =             and            100 = 
 ""not at all""                    ""most possible""",rew-eff-first,CR,0
sub_73085,415,75,postBlock1,0,2,"During the last block, how much did you
FEEL A SENSE OF ACHIEVEMENT when you
sucessfully hit the required power level?


Please rate from 0 to 100 on the scale
below, where

  0 =             and            100 = 
 ""not at all""                    ""most possible""",rew-eff-first,CR,0
sub_73085,416,74,postBlock2,0,2,"During the last block, how much did you
FEEL A SENSE OF ACHIEVEMENT when you
sucessfully hit the required power level?


Please rate from 0 to 100 on the scale
below, where

  0 =             and            100 = 
 ""not at all""                    ""most possible""",rew-eff-first,CR,0
sub_73085,417,42,postBlock0,0,3,"During the last block, how much did you
FEEL BORED?
Please rate from 0 to 100 on the scale
below, where

  0 =             and            100 = 
 ""not at all""                    ""most possible""",rew-eff-first,CR,0
sub_73085,418,33,postBlock1,0,3,"During the last block, how much did you
FEEL BORED?
Please rate from 0 to 100 on the scale
below, where

  0 =             and            100 = 
 ""not at all""                    ""most possible""",rew-eff-first,CR,0
sub_73085,419,31,postBlock3,0,3,"During the last block, how much did you
FEEL BORED?
Please rate from 0 to 100 on the scale
below, where

  0 =             and            100 = 
 ""not at all""                    ""most possible""",rew-eff-first,CR,0
sub_73085,420,38,postBlock2,0,3,"During the last block, how much did you
FEEL BORED?
Please rate from 0 to 100 on the scale
below, where

  0 =             and            100 = 
 ""not at all""                    ""most possible""",rew-eff-first,CR,0
sub_75684,421,94,postBlock3,0,1,"During the last block, how much did you
FEEL PLEASED
when you collected the coins?


Please rate from 0 to 100 on the scale
below, where

  0 =             and            100 = 
 ""not at all""                    ""most possible""",causal-attr-first,BA,0
sub_75684,422,100,postBlock1,0,1,"During the last block, how much did you
FEEL PLEASED
when you collected the coins?


Please rate from 0 to 100 on the scale
below, where

  0 =             and            100 = 
 ""not at all""                    ""most possible""",causal-attr-first,BA,0
sub_75684,423,95,postBlock2,0,1,"During the last block, how much did you
FEEL PLEASED
when you collected the coins?


Please rate from 0 to 100 on the scale
below, where

  0 =             and            100 = 
 ""not at all""                    ""most possible""",causal-attr-first,BA,0
sub_75684,424,100,postBlock0,0,1,"During the last block, how much did you
FEEL PLEASED
when you collected the coins?


Please rate from 0 to 100 on the scale
below, where

  0 =             and            100 = 
 ""not at all""                    ""most possible""",causal-attr-first,BA,0
sub_75684,425,100,postBlock0,0,2,"During the last block, how much did you
FEEL A SENSE OF ACHIEVEMENT when you
sucessfully hit the required power level?


Please rate from 0 to 100 on the scale
below, where

  0 =             and            100 = 
 ""not at all""                    ""most possible""",causal-attr-first,BA,0
sub_75684,426,97,postBlock3,0,2,"During the last block, how much did you
FEEL A SENSE OF ACHIEVEMENT when you
sucessfully hit the required power level?


Please rate from 0 to 100 on the scale
below, where

  0 =             and            100 = 
 ""not at all""                    ""most possible""",causal-attr-first,BA,0
sub_75684,427,99,postBlock1,0,2,"During the last block, how much did you
FEEL A SENSE OF ACHIEVEMENT when you
sucessfully hit the required power level?


Please rate from 0 to 100 on the scale
below, where

  0 =             and            100 = 
 ""not at all""                    ""most possible""",causal-attr-first,BA,0
sub_75684,428,94,postBlock2,0,2,"During the last block, how much did you
FEEL A SENSE OF ACHIEVEMENT when you
sucessfully hit the required power level?


Please rate from 0 to 100 on the scale
below, where

  0 =             and            100 = 
 ""not at all""                    ""most possible""",causal-attr-first,BA,0
sub_75684,429,1,postBlock0,0,3,"During the last block, how much did you
FEEL BORED?
Please rate from 0 to 100 on the scale
below, where

  0 =             and            100 = 
 ""not at all""                    ""most possible""",causal-attr-first,BA,0
sub_75684,430,0,postBlock1,0,3,"During the last block, how much did you
FEEL BORED?
Please rate from 0 to 100 on the scale
below, where

  0 =             and            100 = 
 ""not at all""                    ""most possible""",causal-attr-first,BA,0
sub_75684,431,15,postBlock3,0,3,"During the last block, how much did you
FEEL BORED?
Please rate from 0 to 100 on the scale
below, where

  0 =             and            100 = 
 ""not at all""                    ""most possible""",causal-attr-first,BA,0
sub_75684,432,11,postBlock2,0,3,"During the last block, how much did you
FEEL BORED?
Please rate from 0 to 100 on the scale
below, where

  0 =             and            100 = 
 ""not at all""                    ""most possible""",causal-attr-first,BA,0
sub_33308,433,44,postBlock3,0,1,"During the last block, how much did you
FEEL PLEASED
when you collected the coins?


Please rate from 0 to 100 on the scale
below, where

  0 =             and            100 = 
 ""not at all""                    ""most possible""",rew-eff-first,CR,0
sub_33308,434,71,postBlock1,0,1,"During the last block, how much did you
FEEL PLEASED
when you collected the coins?


Please rate from 0 to 100 on the scale
below, where

  0 =             and            100 = 
 ""not at all""                    ""most possible""",rew-eff-first,CR,0
sub_33308,435,35,postBlock2,0,1,"During the last block, how much did you
FEEL PLEASED
when you collected the coins?


Please rate from 0 to 100 on the scale
below, where

  0 =             and            100 = 
 ""not at all""                    ""most possible""",rew-eff-first,CR,0
sub_33308,436,62,postBlock0,0,1,"During the last block, how much did you
FEEL PLEASED
when you collected the coins?


Please rate from 0 to 100 on the scale
below, where

  0 =             and            100 = 
 ""not at all""                    ""most possible""",rew-eff-first,CR,0
sub_33308,437,65,postBlock0,0,2,"During the last block, how much did you
FEEL A SENSE OF ACHIEVEMENT when you
sucessfully hit the required power level?


Please rate from 0 to 100 on the scale
below, where

  0 =             and            100 = 
 ""not at all""                    ""most possible""",rew-eff-first,CR,0
sub_33308,438,13,postBlock3,0,2,"During the last block, how much did you
FEEL A SENSE OF ACHIEVEMENT when you
sucessfully hit the required power level?


Please rate from 0 to 100 on the scale
below, where

  0 =             and            100 = 
 ""not at all""                    ""most possible""",rew-eff-first,CR,0
sub_33308,439,73,postBlock1,0,2,"During the last block, how much did you
FEEL A SENSE OF ACHIEVEMENT when you
sucessfully hit the required power level?


Please rate from 0 to 100 on the scale
below, where

  0 =             and            100 = 
 ""not at all""                    ""most possible""",rew-eff-first,CR,0
sub_33308,440,42,postBlock2,0,2,"During the last block, how much did you
FEEL A SENSE OF ACHIEVEMENT when you
sucessfully hit the required power level?


Please rate from 0 to 100 on the scale
below, where

  0 =             and            100 = 
 ""not at all""                    ""most possible""",rew-eff-first,CR,0
sub_33308,441,52,postBlock0,0,3,"During the last block, how much did you
FEEL BORED?
Please rate from 0 to 100 on the scale
below, where

  0 =             and            100 = 
 ""not at all""                    ""most possible""",rew-eff-first,CR,0
sub_33308,442,85,postBlock1,0,3,"During the last block, how much did you
FEEL BORED?
Please rate from 0 to 100 on the scale
below, where

  0 =             and            100 = 
 ""not at all""                    ""most possible""",rew-eff-first,CR,0
sub_33308,443,87,postBlock3,0,3,"During the last block, how much did you
FEEL BORED?
Please rate from 0 to 100 on the scale
below, where

  0 =             and            100 = 
 ""not at all""                    ""most possible""",rew-eff-first,CR,0
sub_33308,444,55,postBlock2,0,3,"During the last block, how much did you
FEEL BORED?
Please rate from 0 to 100 on the scale
below, where

  0 =             and            100 = 
 ""not at all""                    ""most possible""",rew-eff-first,CR,0
sub_64325,445,80,postBlock3,0,1,"During the last block, how much did you
FEEL PLEASED
when you collected the coins?


Please rate from 0 to 100 on the scale
below, where

  0 =             and            100 = 
 ""not at all""                    ""most possible""",rew-eff-first,BA,0
sub_64325,446,80,postBlock1,0,1,"During the last block, how much did you
FEEL PLEASED
when you collected the coins?


Please rate from 0 to 100 on the scale
below, where

  0 =             and            100 = 
 ""not at all""                    ""most possible""",rew-eff-first,BA,0
sub_64325,447,80,postBlock2,0,1,"During the last block, how much did you
FEEL PLEASED
when you collected the coins?


Please rate from 0 to 100 on the scale
below, where

  0 =             and            100 = 
 ""not at all""                    ""most possible""",rew-eff-first,BA,0
sub_64325,448,90,postBlock0,0,1,"During the last block, how much did you
FEEL PLEASED
when you collected the coins?


Please rate from 0 to 100 on the scale
below, where

  0 =             and            100 = 
 ""not at all""                    ""most possible""",rew-eff-first,BA,0
sub_64325,449,90,postBlock0,0,2,"During the last block, how much did you
FEEL A SENSE OF ACHIEVEMENT when you
sucessfully hit the required power level?


Please rate from 0 to 100 on the scale
below, where

  0 =             and            100 = 
 ""not at all""                    ""most possible""",rew-eff-first,BA,0
sub_64325,450,80,postBlock3,0,2,"During the last block, how much did you
FEEL A SENSE OF ACHIEVEMENT when you
sucessfully hit the required power level?


Please rate from 0 to 100 on the scale
below, where

  0 =             and            100 = 
 ""not at all""                    ""most possible""",rew-eff-first,BA,0
sub_64325,451,80,postBlock1,0,2,"During the last block, how much did you
FEEL A SENSE OF ACHIEVEMENT when you
sucessfully hit the required power level?


Please rate from 0 to 100 on the scale
below, where

  0 =             and            100 = 
 ""not at all""                    ""most possible""",rew-eff-first,BA,0
sub_64325,452,80,postBlock2,0,2,"During the last block, how much did you
FEEL A SENSE OF ACHIEVEMENT when you
sucessfully hit the required power level?


Please rate from 0 to 100 on the scale
below, where

  0 =             and            100 = 
 ""not at all""                    ""most possible""",rew-eff-first,BA,0
sub_64325,453,40,postBlock0,0,3,"During the last block, how much did you
FEEL BORED?
Please rate from 0 to 100 on the scale
below, where

  0 =             and            100 = 
 ""not at all""                    ""most possible""",rew-eff-first,BA,0
sub_64325,454,50,postBlock1,0,3,"During the last block, how much did you
FEEL BORED?
Please rate from 0 to 100 on the scale
below, where

  0 =             and            100 = 
 ""not at all""                    ""most possible""",rew-eff-first,BA,0
sub_64325,455,50,postBlock3,0,3,"During the last block, how much did you
FEEL BORED?
Please rate from 0 to 100 on the scale
below, where

  0 =             and            100 = 
 ""not at all""                    ""most possible""",rew-eff-first,BA,0
sub_64325,456,50,postBlock2,0,3,"During the last block, how much did you
FEEL BORED?
Please rate from 0 to 100 on the scale
below, where

  0 =             and            100 = 
 ""not at all""                    ""most possible""",rew-eff-first,BA,0
sub_36911,457,13,postBlock3,0,1,"During the last block, how much did you
FEEL PLEASED
when you collected the coins?


Please rate from 0 to 100 on the scale
below, where

  0 =             and            100 = 
 ""not at all""                    ""most possible""",causal-attr-first,BA,0
sub_36911,458,19,postBlock1,0,1,"During the last block, how much did you
FEEL PLEASED
when you collected the coins?


Please rate from 0 to 100 on the scale
below, where

  0 =             and            100 = 
 ""not at all""                    ""most possible""",causal-attr-first,BA,0
sub_36911,459,12,postBlock2,0,1,"During the last block, how much did you
FEEL PLEASED
when you collected the coins?


Please rate from 0 to 100 on the scale
below, where

  0 =             and            100 = 
 ""not at all""                    ""most possible""",causal-attr-first,BA,0
sub_36911,460,16,postBlock0,0,1,"During the last block, how much did you
FEEL PLEASED
when you collected the coins?


Please rate from 0 to 100 on the scale
below, where

  0 =             and            100 = 
 ""not at all""                    ""most possible""",causal-attr-first,BA,0
sub_36911,461,25,postBlock0,0,2,"During the last block, how much did you
FEEL A SENSE OF ACHIEVEMENT when you
sucessfully hit the required power level?


Please rate from 0 to 100 on the scale
below, where

  0 =             and            100 = 
 ""not at all""                    ""most possible""",causal-attr-first,BA,0
sub_36911,462,10,postBlock3,0,2,"During the last block, how much did you
FEEL A SENSE OF ACHIEVEMENT when you
sucessfully hit the required power level?


Please rate from 0 to 100 on the scale
below, where

  0 =             and            100 = 
 ""not at all""                    ""most possible""",causal-attr-first,BA,0
sub_36911,463,22,postBlock1,0,2,"During the last block, how much did you
FEEL A SENSE OF ACHIEVEMENT when you
sucessfully hit the required power level?


Please rate from 0 to 100 on the scale
below, where

  0 =             and            100 = 
 ""not at all""                    ""most possible""",causal-attr-first,BA,0
sub_36911,464,10,postBlock2,0,2,"During the last block, how much did you
FEEL A SENSE OF ACHIEVEMENT when you
sucessfully hit the required power level?


Please rate from 0 to 100 on the scale
below, where

  0 =             and            100 = 
 ""not at all""                    ""most possible""",causal-attr-first,BA,0
sub_36911,465,1,postBlock0,0,3,"During the last block, how much did you
FEEL BORED?
Please rate from 0 to 100 on the scale
below, where

  0 =             and            100 = 
 ""not at all""                    ""most possible""",causal-attr-first,BA,0
sub_36911,466,1,postBlock1,0,3,"During the last block, how much did you
FEEL BORED?
Please rate from 0 to 100 on the scale
below, where

  0 =             and            100 = 
 ""not at all""                    ""most possible""",causal-attr-first,BA,0
sub_36911,467,3,postBlock3,0,3,"During the last block, how much did you
FEEL BORED?
Please rate from 0 to 100 on the scale
below, where

  0 =             and            100 = 
 ""not at all""                    ""most possible""",causal-attr-first,BA,0
sub_36911,468,8,postBlock2,0,3,"During the last block, how much did you
FEEL BORED?
Please rate from 0 to 100 on the scale
below, where

  0 =             and            100 = 
 ""not at all""                    ""most possible""",causal-attr-first,BA,0
sub_73083,469,98,postBlock3,0,1,"During the last block, how much did you
FEEL PLEASED
when you collected the coins?


Please rate from 0 to 100 on the scale
below, where

  0 =             and            100 = 
 ""not at all""                    ""most possible""",causal-attr-first,BA,0
sub_73083,470,85,postBlock1,0,1,"During the last block, how much did you
FEEL PLEASED
when you collected the coins?


Please rate from 0 to 100 on the scale
below, where

  0 =             and            100 = 
 ""not at all""                    ""most possible""",causal-attr-first,BA,0
sub_73083,471,90,postBlock2,0,1,"During the last block, how much did you
FEEL PLEASED
when you collected the coins?


Please rate from 0 to 100 on the scale
below, where

  0 =             and            100 = 
 ""not at all""                    ""most possible""",causal-attr-first,BA,0
sub_73083,472,90,postBlock0,0,1,"During the last block, how much did you
FEEL PLEASED
when you collected the coins?


Please rate from 0 to 100 on the scale
below, where

  0 =             and            100 = 
 ""not at all""                    ""most possible""",causal-attr-first,BA,0
sub_73083,473,65,postBlock0,0,2,"During the last block, how much did you
FEEL A SENSE OF ACHIEVEMENT when you
sucessfully hit the required power level?


Please rate from 0 to 100 on the scale
below, where

  0 =             and            100 = 
 ""not at all""                    ""most possible""",causal-attr-first,BA,0
sub_73083,474,91,postBlock3,0,2,"During the last block, how much did you
FEEL A SENSE OF ACHIEVEMENT when you
sucessfully hit the required power level?


Please rate from 0 to 100 on the scale
below, where

  0 =             and            100 = 
 ""not at all""                    ""most possible""",causal-attr-first,BA,0
sub_73083,475,85,postBlock1,0,2,"During the last block, how much did you
FEEL A SENSE OF ACHIEVEMENT when you
sucessfully hit the required power level?


Please rate from 0 to 100 on the scale
below, where

  0 =             and            100 = 
 ""not at all""                    ""most possible""",causal-attr-first,BA,0
sub_73083,476,90,postBlock2,0,2,"During the last block, how much did you
FEEL A SENSE OF ACHIEVEMENT when you
sucessfully hit the required power level?


Please rate from 0 to 100 on the scale
below, where

  0 =             and            100 = 
 ""not at all""                    ""most possible""",causal-attr-first,BA,0
sub_73083,477,0,postBlock0,0,3,"During the last block, how much did you
FEEL BORED?
Please rate from 0 to 100 on the scale
below, where

  0 =             and            100 = 
 ""not at all""                    ""most possible""",causal-attr-first,BA,0
sub_73083,478,2,postBlock1,0,3,"During the last block, how much did you
FEEL BORED?
Please rate from 0 to 100 on the scale
below, where

  0 =             and            100 = 
 ""not at all""                    ""most possible""",causal-attr-first,BA,0
sub_73083,479,0,postBlock3,0,3,"During the last block, how much did you
FEEL BORED?
Please rate from 0 to 100 on the scale
below, where

  0 =             and            100 = 
 ""not at all""                    ""most possible""",causal-attr-first,BA,0
sub_73083,480,0,postBlock2,0,3,"During the last block, how much did you
FEEL BORED?
Please rate from 0 to 100 on the scale
below, where

  0 =             and            100 = 
 ""not at all""                    ""most possible""",causal-attr-first,BA,0
sub_57480,481,51,postBlock3,0,1,"During the last block, how much did you
FEEL PLEASED
when you collected the coins?


Please rate from 0 to 100 on the scale
below, where

  0 =             and            100 = 
 ""not at all""                    ""most possible""",causal-attr-first,CR,0
sub_57480,482,63,postBlock1,0,1,"During the last block, how much did you
FEEL PLEASED
when you collected the coins?


Please rate from 0 to 100 on the scale
below, where

  0 =             and            100 = 
 ""not at all""                    ""most possible""",causal-attr-first,CR,0
sub_57480,483,59,postBlock2,0,1,"During the last block, how much did you
FEEL PLEASED
when you collected the coins?


Please rate from 0 to 100 on the scale
below, where

  0 =             and            100 = 
 ""not at all""                    ""most possible""",causal-attr-first,CR,0
sub_57480,484,70,postBlock0,0,1,"During the last block, how much did you
FEEL PLEASED
when you collected the coins?


Please rate from 0 to 100 on the scale
below, where

  0 =             and            100 = 
 ""not at all""                    ""most possible""",causal-attr-first,CR,0
sub_57480,485,64,postBlock0,0,2,"During the last block, how much did you
FEEL A SENSE OF ACHIEVEMENT when you
sucessfully hit the required power level?


Please rate from 0 to 100 on the scale
below, where

  0 =             and            100 = 
 ""not at all""                    ""most possible""",causal-attr-first,CR,0
sub_57480,486,52,postBlock3,0,2,"During the last block, how much did you
FEEL A SENSE OF ACHIEVEMENT when you
sucessfully hit the required power level?


Please rate from 0 to 100 on the scale
below, where

  0 =             and            100 = 
 ""not at all""                    ""most possible""",causal-attr-first,CR,0
sub_57480,487,60,postBlock1,0,2,"During the last block, how much did you
FEEL A SENSE OF ACHIEVEMENT when you
sucessfully hit the required power level?


Please rate from 0 to 100 on the scale
below, where

  0 =             and            100 = 
 ""not at all""                    ""most possible""",causal-attr-first,CR,0
sub_57480,488,54,postBlock2,0,2,"During the last block, how much did you
FEEL A SENSE OF ACHIEVEMENT when you
sucessfully hit the required power level?


Please rate from 0 to 100 on the scale
below, where

  0 =             and            100 = 
 ""not at all""                    ""most possible""",causal-attr-first,CR,0
sub_57480,489,14,postBlock0,0,3,"During the last block, how much did you
FEEL BORED?
Please rate from 0 to 100 on the scale
below, where

  0 =             and            100 = 
 ""not at all""                    ""most possible""",causal-attr-first,CR,0
sub_57480,490,41,postBlock1,0,3,"During the last block, how much did you
FEEL BORED?
Please rate from 0 to 100 on the scale
below, where

  0 =             and            100 = 
 ""not at all""                    ""most possible""",causal-attr-first,CR,0
sub_57480,491,64,postBlock3,0,3,"During the last block, how much did you
FEEL BORED?
Please rate from 0 to 100 on the scale
below, where

  0 =             and            100 = 
 ""not at all""                    ""most possible""",causal-attr-first,CR,0
sub_57480,492,45,postBlock2,0,3,"During the last block, how much did you
FEEL BORED?
Please rate from 0 to 100 on the scale
below, where

  0 =             and            100 = 
 ""not at all""                    ""most possible""",causal-attr-first,CR,0
sub_49549,493,0,postBlock3,0,1,"During the last block, how much did you
FEEL PLEASED
when you collected the coins?


Please rate from 0 to 100 on the scale
below, where

  0 =             and            100 = 
 ""not at all""                    ""most possible""",causal-attr-first,CR,0
sub_49549,494,100,postBlock1,0,1,"During the last block, how much did you
FEEL PLEASED
when you collected the coins?


Please rate from 0 to 100 on the scale
below, where

  0 =             and            100 = 
 ""not at all""                    ""most possible""",causal-attr-first,CR,0
sub_49549,495,42,postBlock2,0,1,"During the last block, how much did you
FEEL PLEASED
when you collected the coins?


Please rate from 0 to 100 on the scale
below, where

  0 =             and            100 = 
 ""not at all""                    ""most possible""",causal-attr-first,CR,0
sub_49549,496,100,postBlock0,0,1,"During the last block, how much did you
FEEL PLEASED
when you collected the coins?


Please rate from 0 to 100 on the scale
below, where

  0 =             and            100 = 
 ""not at all""                    ""most possible""",causal-attr-first,CR,0
sub_49549,497,100,postBlock0,0,2,"During the last block, how much did you
FEEL A SENSE OF ACHIEVEMENT when you
sucessfully hit the required power level?


Please rate from 0 to 100 on the scale
below, where

  0 =             and            100 = 
 ""not at all""                    ""most possible""",causal-attr-first,CR,0
sub_49549,498,0,postBlock3,0,2,"During the last block, how much did you
FEEL A SENSE OF ACHIEVEMENT when you
sucessfully hit the required power level?


Please rate from 0 to 100 on the scale
below, where

  0 =             and            100 = 
 ""not at all""                    ""most possible""",causal-attr-first,CR,0
sub_49549,499,99,postBlock1,0,2,"During the last block, how much did you
FEEL A SENSE OF ACHIEVEMENT when you
sucessfully hit the required power level?


Please rate from 0 to 100 on the scale
below, where

  0 =             and            100 = 
 ""not at all""                    ""most possible""",causal-attr-first,CR,0
sub_49549,500,46,postBlock2,0,2,"During the last block, how much did you
FEEL A SENSE OF ACHIEVEMENT when you
sucessfully hit the required power level?


Please rate from 0 to 100 on the scale
below, where

  0 =             and            100 = 
 ""not at all""                    ""most possible""",causal-attr-first,CR,0
sub_49549,501,2,postBlock0,0,3,"During the last block, how much did you
FEEL BORED?
Please rate from 0 to 100 on the scale
below, where

  0 =             and            100 = 
 ""not at all""                    ""most possible""",causal-attr-first,CR,0
sub_49549,502,0,postBlock1,0,3,"During the last block, how much did you
FEEL BORED?
Please rate from 0 to 100 on the scale
below, where

  0 =             and            100 = 
 ""not at all""                    ""most possible""",causal-attr-first,CR,0
sub_49549,503,99,postBlock3,0,3,"During the last block, how much did you
FEEL BORED?
Please rate from 0 to 100 on the scale
below, where

  0 =             and            100 = 
 ""not at all""                    ""most possible""",causal-attr-first,CR,0
sub_49549,504,92,postBlock2,0,3,"During the last block, how much did you
FEEL BORED?
Please rate from 0 to 100 on the scale
below, where

  0 =             and            100 = 
 ""not at all""                    ""most possible""",causal-attr-first,CR,0
sub_71432,505,85,postBlock3,0,1,"During the last block, how much did you
FEEL PLEASED
when you collected the coins?


Please rate from 0 to 100 on the scale
below, where

  0 =             and            100 = 
 ""not at all""                    ""most possible""",rew-eff-first,CR,0
sub_71432,506,82,postBlock1,0,1,"During the last block, how much did you
FEEL PLEASED
when you collected the coins?


Please rate from 0 to 100 on the scale
below, where

  0 =             and            100 = 
 ""not at all""                    ""most possible""",rew-eff-first,CR,0
sub_71432,507,85,postBlock2,0,1,"During the last block, how much did you
FEEL PLEASED
when you collected the coins?


Please rate from 0 to 100 on the scale
below, where

  0 =             and            100 = 
 ""not at all""                    ""most possible""",rew-eff-first,CR,0
sub_71432,508,81,postBlock0,0,1,"During the last block, how much did you
FEEL PLEASED
when you collected the coins?


Please rate from 0 to 100 on the scale
below, where

  0 =             and            100 = 
 ""not at all""                    ""most possible""",rew-eff-first,CR,0
sub_71432,509,84,postBlock0,0,2,"During the last block, how much did you
FEEL A SENSE OF ACHIEVEMENT when you
sucessfully hit the required power level?


Please rate from 0 to 100 on the scale
below, where

  0 =             and            100 = 
 ""not at all""                    ""most possible""",rew-eff-first,CR,0
sub_71432,510,89,postBlock3,0,2,"During the last block, how much did you
FEEL A SENSE OF ACHIEVEMENT when you
sucessfully hit the required power level?


Please rate from 0 to 100 on the scale
below, where

  0 =             and            100 = 
 ""not at all""                    ""most possible""",rew-eff-first,CR,0
sub_71432,511,87,postBlock1,0,2,"During the last block, how much did you
FEEL A SENSE OF ACHIEVEMENT when you
sucessfully hit the required power level?


Please rate from 0 to 100 on the scale
below, where

  0 =             and            100 = 
 ""not at all""                    ""most possible""",rew-eff-first,CR,0
sub_71432,512,86,postBlock2,0,2,"During the last block, how much did you
FEEL A SENSE OF ACHIEVEMENT when you
sucessfully hit the required power level?


Please rate from 0 to 100 on the scale
below, where

  0 =             and            100 = 
 ""not at all""                    ""most possible""",rew-eff-first,CR,0
sub_71432,513,19,postBlock0,0,3,"During the last block, how much did you
FEEL BORED?
Please rate from 0 to 100 on the scale
below, where

  0 =             and            100 = 
 ""not at all""                    ""most possible""",rew-eff-first,CR,0
sub_71432,514,23,postBlock1,0,3,"During the last block, how much did you
FEEL BORED?
Please rate from 0 to 100 on the scale
below, where

  0 =             and            100 = 
 ""not at all""                    ""most possible""",rew-eff-first,CR,0
sub_71432,515,23,postBlock3,0,3,"During the last block, how much did you
FEEL BORED?
Please rate from 0 to 100 on the scale
below, where

  0 =             and            100 = 
 ""not at all""                    ""most possible""",rew-eff-first,CR,0
sub_71432,516,20,postBlock2,0,3,"During the last block, how much did you
FEEL BORED?
Please rate from 0 to 100 on the scale
below, where

  0 =             and            100 = 
 ""not at all""                    ""most possible""",rew-eff-first,CR,0
sub_82988,517,90,postBlock3,0,1,"During the last block, how much did you
FEEL PLEASED
when you collected the coins?


Please rate from 0 to 100 on the scale
below, where

  0 =             and            100 = 
 ""not at all""                    ""most possible""",causal-attr-first,BA,0
sub_82988,518,88,postBlock1,0,1,"During the last block, how much did you
FEEL PLEASED
when you collected the coins?


Please rate from 0 to 100 on the scale
below, where

  0 =             and            100 = 
 ""not at all""                    ""most possible""",causal-attr-first,BA,0
sub_82988,519,91,postBlock2,0,1,"During the last block, how much did you
FEEL PLEASED
when you collected the coins?


Please rate from 0 to 100 on the scale
below, where

  0 =             and            100 = 
 ""not at all""                    ""most possible""",causal-attr-first,BA,0
sub_82988,520,95,postBlock0,0,1,"During the last block, how much did you
FEEL PLEASED
when you collected the coins?


Please rate from 0 to 100 on the scale
below, where

  0 =             and            100 = 
 ""not at all""                    ""most possible""",causal-attr-first,BA,0
sub_82988,521,96,postBlock0,0,2,"During the last block, how much did you
FEEL A SENSE OF ACHIEVEMENT when you
sucessfully hit the required power level?


Please rate from 0 to 100 on the scale
below, where

  0 =             and            100 = 
 ""not at all""                    ""most possible""",causal-attr-first,BA,0
sub_82988,522,90,postBlock3,0,2,"During the last block, how much did you
FEEL A SENSE OF ACHIEVEMENT when you
sucessfully hit the required power level?


Please rate from 0 to 100 on the scale
below, where

  0 =             and            100 = 
 ""not at all""                    ""most possible""",causal-attr-first,BA,0
sub_82988,523,84,postBlock1,0,2,"During the last block, how much did you
FEEL A SENSE OF ACHIEVEMENT when you
sucessfully hit the required power level?


Please rate from 0 to 100 on the scale
below, where

  0 =             and            100 = 
 ""not at all""                    ""most possible""",causal-attr-first,BA,0
sub_82988,524,91,postBlock2,0,2,"During the last block, how much did you
FEEL A SENSE OF ACHIEVEMENT when you
sucessfully hit the required power level?


Please rate from 0 to 100 on the scale
below, where

  0 =             and            100 = 
 ""not at all""                    ""most possible""",causal-attr-first,BA,0
sub_82988,525,21,postBlock0,0,3,"During the last block, how much did you
FEEL BORED?
Please rate from 0 to 100 on the scale
below, where

  0 =             and            100 = 
 ""not at all""                    ""most possible""",causal-attr-first,BA,0
sub_82988,526,34,postBlock1,0,3,"During the last block, how much did you
FEEL BORED?
Please rate from 0 to 100 on the scale
below, where

  0 =             and            100 = 
 ""not at all""                    ""most possible""",causal-attr-first,BA,0
sub_82988,527,41,postBlock3,0,3,"During the last block, how much did you
FEEL BORED?
Please rate from 0 to 100 on the scale
below, where

  0 =             and            100 = 
 ""not at all""                    ""most possible""",causal-attr-first,BA,0
sub_82988,528,41,postBlock2,0,3,"During the last block, how much did you
FEEL BORED?
Please rate from 0 to 100 on the scale
below, where

  0 =             and            100 = 
 ""not at all""                    ""most possible""",causal-attr-first,BA,0
sub_50869,529,64,postBlock3,0,1,"During the last block, how much did you
FEEL PLEASED
when you collected the coins?


Please rate from 0 to 100 on the scale
below, where

  0 =             and            100 = 
 ""not at all""                    ""most possible""",causal-attr-first,BA,0
sub_50869,530,85,postBlock1,0,1,"During the last block, how much did you
FEEL PLEASED
when you collected the coins?


Please rate from 0 to 100 on the scale
below, where

  0 =             and            100 = 
 ""not at all""                    ""most possible""",causal-attr-first,BA,0
sub_50869,531,73,postBlock2,0,1,"During the last block, how much did you
FEEL PLEASED
when you collected the coins?


Please rate from 0 to 100 on the scale
below, where

  0 =             and            100 = 
 ""not at all""                    ""most possible""",causal-attr-first,BA,0
sub_50869,532,85,postBlock0,0,1,"During the last block, how much did you
FEEL PLEASED
when you collected the coins?


Please rate from 0 to 100 on the scale
below, where

  0 =             and            100 = 
 ""not at all""                    ""most possible""",causal-attr-first,BA,0
sub_50869,533,88,postBlock0,0,2,"During the last block, how much did you
FEEL A SENSE OF ACHIEVEMENT when you
sucessfully hit the required power level?


Please rate from 0 to 100 on the scale
below, where

  0 =             and            100 = 
 ""not at all""                    ""most possible""",causal-attr-first,BA,0
sub_50869,534,58,postBlock3,0,2,"During the last block, how much did you
FEEL A SENSE OF ACHIEVEMENT when you
sucessfully hit the required power level?


Please rate from 0 to 100 on the scale
below, where

  0 =             and            100 = 
 ""not at all""                    ""most possible""",causal-attr-first,BA,0
sub_50869,535,86,postBlock1,0,2,"During the last block, how much did you
FEEL A SENSE OF ACHIEVEMENT when you
sucessfully hit the required power level?


Please rate from 0 to 100 on the scale
below, where

  0 =             and            100 = 
 ""not at all""                    ""most possible""",causal-attr-first,BA,0
sub_50869,536,71,postBlock2,0,2,"During the last block, how much did you
FEEL A SENSE OF ACHIEVEMENT when you
sucessfully hit the required power level?


Please rate from 0 to 100 on the scale
below, where

  0 =             and            100 = 
 ""not at all""                    ""most possible""",causal-attr-first,BA,0
sub_50869,537,43,postBlock0,0,3,"During the last block, how much did you
FEEL BORED?
Please rate from 0 to 100 on the scale
below, where

  0 =             and            100 = 
 ""not at all""                    ""most possible""",causal-attr-first,BA,0
sub_50869,538,23,postBlock1,0,3,"During the last block, how much did you
FEEL BORED?
Please rate from 0 to 100 on the scale
below, where

  0 =             and            100 = 
 ""not at all""                    ""most possible""",causal-attr-first,BA,0
sub_50869,539,12,postBlock3,0,3,"During the last block, how much did you
FEEL BORED?
Please rate from 0 to 100 on the scale
below, where

  0 =             and            100 = 
 ""not at all""                    ""most possible""",causal-attr-first,BA,0
sub_50869,540,20,postBlock2,0,3,"During the last block, how much did you
FEEL BORED?
Please rate from 0 to 100 on the scale
below, where

  0 =             and            100 = 
 ""not at all""                    ""most possible""",causal-attr-first,BA,0
sub_15260,541,79,postBlock3,0,1,"During the last block, how much did you
FEEL PLEASED
when you collected the coins?


Please rate from 0 to 100 on the scale
below, where

  0 =             and            100 = 
 ""not at all""                    ""most possible""",causal-attr-first,BA,0
sub_15260,542,85,postBlock1,0,1,"During the last block, how much did you
FEEL PLEASED
when you collected the coins?


Please rate from 0 to 100 on the scale
below, where

  0 =             and            100 = 
 ""not at all""                    ""most possible""",causal-attr-first,BA,0
sub_15260,543,85,postBlock2,0,1,"During the last block, how much did you
FEEL PLEASED
when you collected the coins?


Please rate from 0 to 100 on the scale
below, where

  0 =             and            100 = 
 ""not at all""                    ""most possible""",causal-attr-first,BA,0
sub_15260,544,95,postBlock0,0,1,"During the last block, how much did you
FEEL PLEASED
when you collected the coins?


Please rate from 0 to 100 on the scale
below, where

  0 =             and            100 = 
 ""not at all""                    ""most possible""",causal-attr-first,BA,0
sub_15260,545,80,postBlock0,0,2,"During the last block, how much did you
FEEL A SENSE OF ACHIEVEMENT when you
sucessfully hit the required power level?


Please rate from 0 to 100 on the scale
below, where

  0 =             and            100 = 
 ""not at all""                    ""most possible""",causal-attr-first,BA,0
sub_15260,546,79,postBlock3,0,2,"During the last block, how much did you
FEEL A SENSE OF ACHIEVEMENT when you
sucessfully hit the required power level?


Please rate from 0 to 100 on the scale
below, where

  0 =             and            100 = 
 ""not at all""                    ""most possible""",causal-attr-first,BA,0
sub_15260,547,79,postBlock1,0,2,"During the last block, how much did you
FEEL A SENSE OF ACHIEVEMENT when you
sucessfully hit the required power level?


Please rate from 0 to 100 on the scale
below, where

  0 =             and            100 = 
 ""not at all""                    ""most possible""",causal-attr-first,BA,0
sub_15260,548,81,postBlock2,0,2,"During the last block, how much did you
FEEL A SENSE OF ACHIEVEMENT when you
sucessfully hit the required power level?


Please rate from 0 to 100 on the scale
below, where

  0 =             and            100 = 
 ""not at all""                    ""most possible""",causal-attr-first,BA,0
sub_15260,549,11,postBlock0,0,3,"During the last block, how much did you
FEEL BORED?
Please rate from 0 to 100 on the scale
below, where

  0 =             and            100 = 
 ""not at all""                    ""most possible""",causal-attr-first,BA,0
sub_15260,550,16,postBlock1,0,3,"During the last block, how much did you
FEEL BORED?
Please rate from 0 to 100 on the scale
below, where

  0 =             and            100 = 
 ""not at all""                    ""most possible""",causal-attr-first,BA,0
sub_15260,551,22,postBlock3,0,3,"During the last block, how much did you
FEEL BORED?
Please rate from 0 to 100 on the scale
below, where

  0 =             and            100 = 
 ""not at all""                    ""most possible""",causal-attr-first,BA,0
sub_15260,552,18,postBlock2,0,3,"During the last block, how much did you
FEEL BORED?
Please rate from 0 to 100 on the scale
below, where

  0 =             and            100 = 
 ""not at all""                    ""most possible""",causal-attr-first,BA,0
sub_63558,553,73,postBlock3,0,1,"During the last block, how much did you
FEEL PLEASED
when you collected the coins?


Please rate from 0 to 100 on the scale
below, where

  0 =             and            100 = 
 ""not at all""                    ""most possible""",causal-attr-first,BA,0
sub_63558,554,99,postBlock1,0,1,"During the last block, how much did you
FEEL PLEASED
when you collected the coins?


Please rate from 0 to 100 on the scale
below, where

  0 =             and            100 = 
 ""not at all""                    ""most possible""",causal-attr-first,BA,0
sub_63558,555,90,postBlock2,0,1,"During the last block, how much did you
FEEL PLEASED
when you collected the coins?


Please rate from 0 to 100 on the scale
below, where

  0 =             and            100 = 
 ""not at all""                    ""most possible""",causal-attr-first,BA,0
sub_63558,556,91,postBlock0,0,1,"During the last block, how much did you
FEEL PLEASED
when you collected the coins?


Please rate from 0 to 100 on the scale
below, where

  0 =             and            100 = 
 ""not at all""                    ""most possible""",causal-attr-first,BA,0
sub_63558,557,100,postBlock0,0,2,"During the last block, how much did you
FEEL A SENSE OF ACHIEVEMENT when you
sucessfully hit the required power level?


Please rate from 0 to 100 on the scale
below, where

  0 =             and            100 = 
 ""not at all""                    ""most possible""",causal-attr-first,BA,0
sub_63558,558,71,postBlock3,0,2,"During the last block, how much did you
FEEL A SENSE OF ACHIEVEMENT when you
sucessfully hit the required power level?


Please rate from 0 to 100 on the scale
below, where

  0 =             and            100 = 
 ""not at all""                    ""most possible""",causal-attr-first,BA,0
sub_63558,559,98,postBlock1,0,2,"During the last block, how much did you
FEEL A SENSE OF ACHIEVEMENT when you
sucessfully hit the required power level?


Please rate from 0 to 100 on the scale
below, where

  0 =             and            100 = 
 ""not at all""                    ""most possible""",causal-attr-first,BA,0
sub_63558,560,65,postBlock2,0,2,"During the last block, how much did you
FEEL A SENSE OF ACHIEVEMENT when you
sucessfully hit the required power level?


Please rate from 0 to 100 on the scale
below, where

  0 =             and            100 = 
 ""not at all""                    ""most possible""",causal-attr-first,BA,0
sub_63558,561,36,postBlock0,0,3,"During the last block, how much did you
FEEL BORED?
Please rate from 0 to 100 on the scale
below, where

  0 =             and            100 = 
 ""not at all""                    ""most possible""",causal-attr-first,BA,0
sub_63558,562,40,postBlock1,0,3,"During the last block, how much did you
FEEL BORED?
Please rate from 0 to 100 on the scale
below, where

  0 =             and            100 = 
 ""not at all""                    ""most possible""",causal-attr-first,BA,0
sub_63558,563,85,postBlock3,0,3,"During the last block, how much did you
FEEL BORED?
Please rate from 0 to 100 on the scale
below, where

  0 =             and            100 = 
 ""not at all""                    ""most possible""",causal-attr-first,BA,0
sub_63558,564,74,postBlock2,0,3,"During the last block, how much did you
FEEL BORED?
Please rate from 0 to 100 on the scale
below, where

  0 =             and            100 = 
 ""not at all""                    ""most possible""",causal-attr-first,BA,0
sub_19769,565,75,postBlock3,0,1,"During the last block, how much did you
FEEL PLEASED
when you collected the coins?


Please rate from 0 to 100 on the scale
below, where

  0 =             and            100 = 
 ""not at all""                    ""most possible""",rew-eff-first,BA,0
sub_19769,566,66,postBlock1,0,1,"During the last block, how much did you
FEEL PLEASED
when you collected the coins?


Please rate from 0 to 100 on the scale
below, where

  0 =             and            100 = 
 ""not at all""                    ""most possible""",rew-eff-first,BA,0
sub_19769,567,63,postBlock2,0,1,"During the last block, how much did you
FEEL PLEASED
when you collected the coins?


Please rate from 0 to 100 on the scale
below, where

  0 =             and            100 = 
 ""not at all""                    ""most possible""",rew-eff-first,BA,0
sub_19769,568,66,postBlock0,0,1,"During the last block, how much did you
FEEL PLEASED
when you collected the coins?


Please rate from 0 to 100 on the scale
below, where

  0 =             and            100 = 
 ""not at all""                    ""most possible""",rew-eff-first,BA,0
sub_19769,569,82,postBlock0,0,2,"During the last block, how much did you
FEEL A SENSE OF ACHIEVEMENT when you
sucessfully hit the required power level?


Please rate from 0 to 100 on the scale
below, where

  0 =             and            100 = 
 ""not at all""                    ""most possible""",rew-eff-first,BA,0
sub_19769,570,71,postBlock3,0,2,"During the last block, how much did you
FEEL A SENSE OF ACHIEVEMENT when you
sucessfully hit the required power level?


Please rate from 0 to 100 on the scale
below, where

  0 =             and            100 = 
 ""not at all""                    ""most possible""",rew-eff-first,BA,0
sub_19769,571,76,postBlock1,0,2,"During the last block, how much did you
FEEL A SENSE OF ACHIEVEMENT when you
sucessfully hit the required power level?


Please rate from 0 to 100 on the scale
below, where

  0 =             and            100 = 
 ""not at all""                    ""most possible""",rew-eff-first,BA,0
sub_19769,572,76,postBlock2,0,2,"During the last block, how much did you
FEEL A SENSE OF ACHIEVEMENT when you
sucessfully hit the required power level?


Please rate from 0 to 100 on the scale
below, where

  0 =             and            100 = 
 ""not at all""                    ""most possible""",rew-eff-first,BA,0
sub_19769,573,25,postBlock0,0,3,"During the last block, how much did you
FEEL BORED?
Please rate from 0 to 100 on the scale
below, where

  0 =             and            100 = 
 ""not at all""                    ""most possible""",rew-eff-first,BA,0
sub_19769,574,31,postBlock1,0,3,"During the last block, how much did you
FEEL BORED?
Please rate from 0 to 100 on the scale
below, where

  0 =             and            100 = 
 ""not at all""                    ""most possible""",rew-eff-first,BA,0
sub_19769,575,18,postBlock3,0,3,"During the last block, how much did you
FEEL BORED?
Please rate from 0 to 100 on the scale
below, where

  0 =             and            100 = 
 ""not at all""                    ""most possible""",rew-eff-first,BA,0
sub_19769,576,38,postBlock2,0,3,"During the last block, how much did you
FEEL BORED?
Please rate from 0 to 100 on the scale
below, where

  0 =             and            100 = 
 ""not at all""                    ""most possible""",rew-eff-first,BA,0
sub_96775,577,56,postBlock3,0,1,"During the last block, how much did you
FEEL PLEASED
when you collected the coins?


Please rate from 0 to 100 on the scale
below, where

  0 =             and            100 = 
 ""not at all""                    ""most possible""",causal-attr-first,BA,0
sub_96775,578,77,postBlock1,0,1,"During the last block, how much did you
FEEL PLEASED
when you collected the coins?


Please rate from 0 to 100 on the scale
below, where

  0 =             and            100 = 
 ""not at all""                    ""most possible""",causal-attr-first,BA,0
sub_96775,579,41,postBlock2,0,1,"During the last block, how much did you
FEEL PLEASED
when you collected the coins?


Please rate from 0 to 100 on the scale
below, where

  0 =             and            100 = 
 ""not at all""                    ""most possible""",causal-attr-first,BA,0
sub_96775,580,81,postBlock0,0,1,"During the last block, how much did you
FEEL PLEASED
when you collected the coins?


Please rate from 0 to 100 on the scale
below, where

  0 =             and            100 = 
 ""not at all""                    ""most possible""",causal-attr-first,BA,0
sub_96775,581,77,postBlock0,0,2,"During the last block, how much did you
FEEL A SENSE OF ACHIEVEMENT when you
sucessfully hit the required power level?


Please rate from 0 to 100 on the scale
below, where

  0 =             and            100 = 
 ""not at all""                    ""most possible""",causal-attr-first,BA,0
sub_96775,582,71,postBlock3,0,2,"During the last block, how much did you
FEEL A SENSE OF ACHIEVEMENT when you
sucessfully hit the required power level?


Please rate from 0 to 100 on the scale
below, where

  0 =             and            100 = 
 ""not at all""                    ""most possible""",causal-attr-first,BA,0
sub_96775,583,76,postBlock1,0,2,"During the last block, how much did you
FEEL A SENSE OF ACHIEVEMENT when you
sucessfully hit the required power level?


Please rate from 0 to 100 on the scale
below, where

  0 =             and            100 = 
 ""not at all""                    ""most possible""",causal-attr-first,BA,0
sub_96775,584,76,postBlock2,0,2,"During the last block, how much did you
FEEL A SENSE OF ACHIEVEMENT when you
sucessfully hit the required power level?


Please rate from 0 to 100 on the scale
below, where

  0 =             and            100 = 
 ""not at all""                    ""most possible""",causal-attr-first,BA,0
sub_96775,585,2,postBlock0,0,3,"During the last block, how much did you
FEEL BORED?
Please rate from 0 to 100 on the scale
below, where

  0 =             and            100 = 
 ""not at all""                    ""most possible""",causal-attr-first,BA,0
sub_96775,586,1,postBlock1,0,3,"During the last block, how much did you
FEEL BORED?
Please rate from 0 to 100 on the scale
below, where

  0 =             and            100 = 
 ""not at all""                    ""most possible""",causal-attr-first,BA,0
sub_96775,587,68,postBlock3,0,3,"During the last block, how much did you
FEEL BORED?
Please rate from 0 to 100 on the scale
below, where

  0 =             and            100 = 
 ""not at all""                    ""most possible""",causal-attr-first,BA,0
sub_96775,588,59,postBlock2,0,3,"During the last block, how much did you
FEEL BORED?
Please rate from 0 to 100 on the scale
below, where

  0 =             and            100 = 
 ""not at all""                    ""most possible""",causal-attr-first,BA,0
sub_35850,589,75,postBlock3,0,1,"During the last block, how much did you
FEEL PLEASED
when you collected the coins?


Please rate from 0 to 100 on the scale
below, where

  0 =             and            100 = 
 ""not at all""                    ""most possible""",rew-eff-first,CR,0
sub_35850,590,75,postBlock1,0,1,"During the last block, how much did you
FEEL PLEASED
when you collected the coins?


Please rate from 0 to 100 on the scale
below, where

  0 =             and            100 = 
 ""not at all""                    ""most possible""",rew-eff-first,CR,0
sub_35850,591,75,postBlock2,0,1,"During the last block, how much did you
FEEL PLEASED
when you collected the coins?


Please rate from 0 to 100 on the scale
below, where

  0 =             and            100 = 
 ""not at all""                    ""most possible""",rew-eff-first,CR,0
sub_35850,592,75,postBlock0,0,1,"During the last block, how much did you
FEEL PLEASED
when you collected the coins?


Please rate from 0 to 100 on the scale
below, where

  0 =             and            100 = 
 ""not at all""                    ""most possible""",rew-eff-first,CR,0
sub_35850,593,55,postBlock0,0,2,"During the last block, how much did you
FEEL A SENSE OF ACHIEVEMENT when you
sucessfully hit the required power level?


Please rate from 0 to 100 on the scale
below, where

  0 =             and            100 = 
 ""not at all""                    ""most possible""",rew-eff-first,CR,0
sub_35850,594,55,postBlock3,0,2,"During the last block, how much did you
FEEL A SENSE OF ACHIEVEMENT when you
sucessfully hit the required power level?


Please rate from 0 to 100 on the scale
below, where

  0 =             and            100 = 
 ""not at all""                    ""most possible""",rew-eff-first,CR,0
sub_35850,595,55,postBlock1,0,2,"During the last block, how much did you
FEEL A SENSE OF ACHIEVEMENT when you
sucessfully hit the required power level?


Please rate from 0 to 100 on the scale
below, where

  0 =             and            100 = 
 ""not at all""                    ""most possible""",rew-eff-first,CR,0
sub_35850,596,55,postBlock2,0,2,"During the last block, how much did you
FEEL A SENSE OF ACHIEVEMENT when you
sucessfully hit the required power level?


Please rate from 0 to 100 on the scale
below, where

  0 =             and            100 = 
 ""not at all""                    ""most possible""",rew-eff-first,CR,0
sub_35850,597,10,postBlock0,0,3,"During the last block, how much did you
FEEL BORED?
Please rate from 0 to 100 on the scale
below, where

  0 =             and            100 = 
 ""not at all""                    ""most possible""",rew-eff-first,CR,0
sub_35850,598,5,postBlock1,0,3,"During the last block, how much did you
FEEL BORED?
Please rate from 0 to 100 on the scale
below, where

  0 =             and            100 = 
 ""not at all""                    ""most possible""",rew-eff-first,CR,0
sub_35850,599,1,postBlock3,0,3,"During the last block, how much did you
FEEL BORED?
Please rate from 0 to 100 on the scale
below, where

  0 =             and            100 = 
 ""not at all""                    ""most possible""",rew-eff-first,CR,0
sub_35850,600,3,postBlock2,0,3,"During the last block, how much did you
FEEL BORED?
Please rate from 0 to 100 on the scale
below, where

  0 =             and            100 = 
 ""not at all""                    ""most possible""",rew-eff-first,CR,0
sub_60844,601,81,postBlock3,0,1,"During the last block, how much did you
FEEL PLEASED
when you collected the coins?


Please rate from 0 to 100 on the scale
below, where

  0 =             and            100 = 
 ""not at all""                    ""most possible""",rew-eff-first,BA,0
sub_60844,602,67,postBlock1,0,1,"During the last block, how much did you
FEEL PLEASED
when you collected the coins?


Please rate from 0 to 100 on the scale
below, where

  0 =             and            100 = 
 ""not at all""                    ""most possible""",rew-eff-first,BA,0
sub_60844,603,70,postBlock2,0,1,"During the last block, how much did you
FEEL PLEASED
when you collected the coins?


Please rate from 0 to 100 on the scale
below, where

  0 =             and            100 = 
 ""not at all""                    ""most possible""",rew-eff-first,BA,0
sub_60844,604,74,postBlock0,0,1,"During the last block, how much did you
FEEL PLEASED
when you collected the coins?


Please rate from 0 to 100 on the scale
below, where

  0 =             and            100 = 
 ""not at all""                    ""most possible""",rew-eff-first,BA,0
sub_60844,605,62,postBlock0,0,2,"During the last block, how much did you
FEEL A SENSE OF ACHIEVEMENT when you
sucessfully hit the required power level?


Please rate from 0 to 100 on the scale
below, where

  0 =             and            100 = 
 ""not at all""                    ""most possible""",rew-eff-first,BA,0
sub_60844,606,83,postBlock3,0,2,"During the last block, how much did you
FEEL A SENSE OF ACHIEVEMENT when you
sucessfully hit the required power level?


Please rate from 0 to 100 on the scale
below, where

  0 =             and            100 = 
 ""not at all""                    ""most possible""",rew-eff-first,BA,0
sub_60844,607,71,postBlock1,0,2,"During the last block, how much did you
FEEL A SENSE OF ACHIEVEMENT when you
sucessfully hit the required power level?


Please rate from 0 to 100 on the scale
below, where

  0 =             and            100 = 
 ""not at all""                    ""most possible""",rew-eff-first,BA,0
sub_60844,608,62,postBlock2,0,2,"During the last block, how much did you
FEEL A SENSE OF ACHIEVEMENT when you
sucessfully hit the required power level?


Please rate from 0 to 100 on the scale
below, where

  0 =             and            100 = 
 ""not at all""                    ""most possible""",rew-eff-first,BA,0
sub_60844,609,49,postBlock0,0,3,"During the last block, how much did you
FEEL BORED?
Please rate from 0 to 100 on the scale
below, where

  0 =             and            100 = 
 ""not at all""                    ""most possible""",rew-eff-first,BA,0
sub_60844,610,35,postBlock1,0,3,"During the last block, how much did you
FEEL BORED?
Please rate from 0 to 100 on the scale
below, where

  0 =             and            100 = 
 ""not at all""                    ""most possible""",rew-eff-first,BA,0
sub_60844,611,30,postBlock3,0,3,"During the last block, how much did you
FEEL BORED?
Please rate from 0 to 100 on the scale
below, where

  0 =             and            100 = 
 ""not at all""                    ""most possible""",rew-eff-first,BA,0
sub_60844,612,42,postBlock2,0,3,"During the last block, how much did you
FEEL BORED?
Please rate from 0 to 100 on the scale
below, where

  0 =             and            100 = 
 ""not at all""                    ""most possible""",rew-eff-first,BA,0
sub_11906,613,99,postBlock3,0,1,"During the last block, how much did you
FEEL PLEASED
when you collected the coins?


Please rate from 0 to 100 on the scale
below, where

  0 =             and            100 = 
 ""not at all""                    ""most possible""",rew-eff-first,BA,0
sub_11906,614,95,postBlock1,0,1,"During the last block, how much did you
FEEL PLEASED
when you collected the coins?


Please rate from 0 to 100 on the scale
below, where

  0 =             and            100 = 
 ""not at all""                    ""most possible""",rew-eff-first,BA,0
sub_11906,615,98,postBlock2,0,1,"During the last block, how much did you
FEEL PLEASED
when you collected the coins?


Please rate from 0 to 100 on the scale
below, where

  0 =             and            100 = 
 ""not at all""                    ""most possible""",rew-eff-first,BA,0
sub_11906,616,92,postBlock0,0,1,"During the last block, how much did you
FEEL PLEASED
when you collected the coins?


Please rate from 0 to 100 on the scale
below, where

  0 =             and            100 = 
 ""not at all""                    ""most possible""",rew-eff-first,BA,0
sub_11906,617,90,postBlock0,0,2,"During the last block, how much did you
FEEL A SENSE OF ACHIEVEMENT when you
sucessfully hit the required power level?


Please rate from 0 to 100 on the scale
below, where

  0 =             and            100 = 
 ""not at all""                    ""most possible""",rew-eff-first,BA,0
sub_11906,618,98,postBlock3,0,2,"During the last block, how much did you
FEEL A SENSE OF ACHIEVEMENT when you
sucessfully hit the required power level?


Please rate from 0 to 100 on the scale
below, where

  0 =             and            100 = 
 ""not at all""                    ""most possible""",rew-eff-first,BA,0
sub_11906,619,86,postBlock1,0,2,"During the last block, how much did you
FEEL A SENSE OF ACHIEVEMENT when you
sucessfully hit the required power level?


Please rate from 0 to 100 on the scale
below, where

  0 =             and            100 = 
 ""not at all""                    ""most possible""",rew-eff-first,BA,0
sub_11906,620,96,postBlock2,0,2,"During the last block, how much did you
FEEL A SENSE OF ACHIEVEMENT when you
sucessfully hit the required power level?


Please rate from 0 to 100 on the scale
below, where

  0 =             and            100 = 
 ""not at all""                    ""most possible""",rew-eff-first,BA,0
sub_11906,621,13,postBlock0,0,3,"During the last block, how much did you
FEEL BORED?
Please rate from 0 to 100 on the scale
below, where

  0 =             and            100 = 
 ""not at all""                    ""most possible""",rew-eff-first,BA,0
sub_11906,622,7,postBlock1,0,3,"During the last block, how much did you
FEEL BORED?
Please rate from 0 to 100 on the scale
below, where

  0 =             and            100 = 
 ""not at all""                    ""most possible""",rew-eff-first,BA,0
sub_11906,623,3,postBlock3,0,3,"During the last block, how much did you
FEEL BORED?
Please rate from 0 to 100 on the scale
below, where

  0 =             and            100 = 
 ""not at all""                    ""most possible""",rew-eff-first,BA,0
sub_11906,624,4,postBlock2,0,3,"During the last block, how much did you
FEEL BORED?
Please rate from 0 to 100 on the scale
below, where

  0 =             and            100 = 
 ""not at all""                    ""most possible""",rew-eff-first,BA,0
sub_54575,625,30,postBlock3,0,1,"During the last block, how much did you
FEEL PLEASED
when you collected the coins?


Please rate from 0 to 100 on the scale
below, where

  0 =             and            100 = 
 ""not at all""                    ""most possible""",rew-eff-first,BA,0
sub_54575,626,30,postBlock1,0,1,"During the last block, how much did you
FEEL PLEASED
when you collected the coins?


Please rate from 0 to 100 on the scale
below, where

  0 =             and            100 = 
 ""not at all""                    ""most possible""",rew-eff-first,BA,0
sub_54575,627,30,postBlock2,0,1,"During the last block, how much did you
FEEL PLEASED
when you collected the coins?


Please rate from 0 to 100 on the scale
below, where

  0 =             and            100 = 
 ""not at all""                    ""most possible""",rew-eff-first,BA,0
sub_54575,628,35,postBlock0,0,1,"During the last block, how much did you
FEEL PLEASED
when you collected the coins?


Please rate from 0 to 100 on the scale
below, where

  0 =             and            100 = 
 ""not at all""                    ""most possible""",rew-eff-first,BA,0
sub_54575,629,70,postBlock0,0,2,"During the last block, how much did you
FEEL A SENSE OF ACHIEVEMENT when you
sucessfully hit the required power level?


Please rate from 0 to 100 on the scale
below, where

  0 =             and            100 = 
 ""not at all""                    ""most possible""",rew-eff-first,BA,0
sub_54575,630,55,postBlock3,0,2,"During the last block, how much did you
FEEL A SENSE OF ACHIEVEMENT when you
sucessfully hit the required power level?


Please rate from 0 to 100 on the scale
below, where

  0 =             and            100 = 
 ""not at all""                    ""most possible""",rew-eff-first,BA,0
sub_54575,631,65,postBlock1,0,2,"During the last block, how much did you
FEEL A SENSE OF ACHIEVEMENT when you
sucessfully hit the required power level?


Please rate from 0 to 100 on the scale
below, where

  0 =             and            100 = 
 ""not at all""                    ""most possible""",rew-eff-first,BA,0
sub_54575,632,60,postBlock2,0,2,"During the last block, how much did you
FEEL A SENSE OF ACHIEVEMENT when you
sucessfully hit the required power level?


Please rate from 0 to 100 on the scale
below, where

  0 =             and            100 = 
 ""not at all""                    ""most possible""",rew-eff-first,BA,0
sub_54575,633,80,postBlock0,0,3,"During the last block, how much did you
FEEL BORED?
Please rate from 0 to 100 on the scale
below, where

  0 =             and            100 = 
 ""not at all""                    ""most possible""",rew-eff-first,BA,0
sub_54575,634,80,postBlock1,0,3,"During the last block, how much did you
FEEL BORED?
Please rate from 0 to 100 on the scale
below, where

  0 =             and            100 = 
 ""not at all""                    ""most possible""",rew-eff-first,BA,0
sub_54575,635,85,postBlock3,0,3,"During the last block, how much did you
FEEL BORED?
Please rate from 0 to 100 on the scale
below, where

  0 =             and            100 = 
 ""not at all""                    ""most possible""",rew-eff-first,BA,0
sub_54575,636,85,postBlock2,0,3,"During the last block, how much did you
FEEL BORED?
Please rate from 0 to 100 on the scale
below, where

  0 =             and            100 = 
 ""not at all""                    ""most possible""",rew-eff-first,BA,0
sub_46077,637,70,postBlock3,0,1,"During the last block, how much did you
FEEL PLEASED
when you collected the coins?


Please rate from 0 to 100 on the scale
below, where

  0 =             and            100 = 
 ""not at all""                    ""most possible""",causal-attr-first,BA,0
sub_46077,638,70,postBlock1,0,1,"During the last block, how much did you
FEEL PLEASED
when you collected the coins?


Please rate from 0 to 100 on the scale
below, where

  0 =             and            100 = 
 ""not at all""                    ""most possible""",causal-attr-first,BA,0
sub_46077,639,70,postBlock2,0,1,"During the last block, how much did you
FEEL PLEASED
when you collected the coins?


Please rate from 0 to 100 on the scale
below, where

  0 =             and            100 = 
 ""not at all""                    ""most possible""",causal-attr-first,BA,0
sub_46077,640,65,postBlock0,0,1,"During the last block, how much did you
FEEL PLEASED
when you collected the coins?


Please rate from 0 to 100 on the scale
below, where

  0 =             and            100 = 
 ""not at all""                    ""most possible""",causal-attr-first,BA,0
sub_46077,641,60,postBlock0,0,2,"During the last block, how much did you
FEEL A SENSE OF ACHIEVEMENT when you
sucessfully hit the required power level?


Please rate from 0 to 100 on the scale
below, where

  0 =             and            100 = 
 ""not at all""                    ""most possible""",causal-attr-first,BA,0
sub_46077,642,65,postBlock3,0,2,"During the last block, how much did you
FEEL A SENSE OF ACHIEVEMENT when you
sucessfully hit the required power level?


Please rate from 0 to 100 on the scale
below, where

  0 =             and            100 = 
 ""not at all""                    ""most possible""",causal-attr-first,BA,0
sub_46077,643,70,postBlock1,0,2,"During the last block, how much did you
FEEL A SENSE OF ACHIEVEMENT when you
sucessfully hit the required power level?


Please rate from 0 to 100 on the scale
below, where

  0 =             and            100 = 
 ""not at all""                    ""most possible""",causal-attr-first,BA,0
sub_46077,644,65,postBlock2,0,2,"During the last block, how much did you
FEEL A SENSE OF ACHIEVEMENT when you
sucessfully hit the required power level?


Please rate from 0 to 100 on the scale
below, where

  0 =             and            100 = 
 ""not at all""                    ""most possible""",causal-attr-first,BA,0
sub_46077,645,10,postBlock0,0,3,"During the last block, how much did you
FEEL BORED?
Please rate from 0 to 100 on the scale
below, where

  0 =             and            100 = 
 ""not at all""                    ""most possible""",causal-attr-first,BA,0
sub_46077,646,5,postBlock1,0,3,"During the last block, how much did you
FEEL BORED?
Please rate from 0 to 100 on the scale
below, where

  0 =             and            100 = 
 ""not at all""                    ""most possible""",causal-attr-first,BA,0
sub_46077,647,10,postBlock3,0,3,"During the last block, how much did you
FEEL BORED?
Please rate from 0 to 100 on the scale
below, where

  0 =             and            100 = 
 ""not at all""                    ""most possible""",causal-attr-first,BA,0
sub_46077,648,15,postBlock2,0,3,"During the last block, how much did you
FEEL BORED?
Please rate from 0 to 100 on the scale
below, where

  0 =             and            100 = 
 ""not at all""                    ""most possible""",causal-attr-first,BA,0
sub_88446,649,100,postBlock3,0,1,"During the last block, how much did you
FEEL PLEASED
when you collected the coins?


Please rate from 0 to 100 on the scale
below, where

  0 =             and            100 = 
 ""not at all""                    ""most possible""",causal-attr-first,BA,0
sub_88446,650,75,postBlock1,0,1,"During the last block, how much did you
FEEL PLEASED
when you collected the coins?


Please rate from 0 to 100 on the scale
below, where

  0 =             and            100 = 
 ""not at all""                    ""most possible""",causal-attr-first,BA,0
sub_88446,651,100,postBlock2,0,1,"During the last block, how much did you
FEEL PLEASED
when you collected the coins?


Please rate from 0 to 100 on the scale
below, where

  0 =             and            100 = 
 ""not at all""                    ""most possible""",causal-attr-first,BA,0
sub_88446,652,85,postBlock0,0,1,"During the last block, how much did you
FEEL PLEASED
when you collected the coins?


Please rate from 0 to 100 on the scale
below, where

  0 =             and            100 = 
 ""not at all""                    ""most possible""",causal-attr-first,BA,0
sub_88446,653,100,postBlock0,0,2,"During the last block, how much did you
FEEL A SENSE OF ACHIEVEMENT when you
sucessfully hit the required power level?


Please rate from 0 to 100 on the scale
below, where

  0 =             and            100 = 
 ""not at all""                    ""most possible""",causal-attr-first,BA,0
sub_88446,654,100,postBlock3,0,2,"During the last block, how much did you
FEEL A SENSE OF ACHIEVEMENT when you
sucessfully hit the required power level?


Please rate from 0 to 100 on the scale
below, where

  0 =             and            100 = 
 ""not at all""                    ""most possible""",causal-attr-first,BA,0
sub_88446,655,90,postBlock1,0,2,"During the last block, how much did you
FEEL A SENSE OF ACHIEVEMENT when you
sucessfully hit the required power level?


Please rate from 0 to 100 on the scale
below, where

  0 =             and            100 = 
 ""not at all""                    ""most possible""",causal-attr-first,BA,0
sub_88446,656,100,postBlock2,0,2,"During the last block, how much did you
FEEL A SENSE OF ACHIEVEMENT when you
sucessfully hit the required power level?


Please rate from 0 to 100 on the scale
below, where

  0 =             and            100 = 
 ""not at all""                    ""most possible""",causal-attr-first,BA,0
sub_88446,657,0,postBlock0,0,3,"During the last block, how much did you
FEEL BORED?
Please rate from 0 to 100 on the scale
below, where

  0 =             and            100 = 
 ""not at all""                    ""most possible""",causal-attr-first,BA,0
sub_88446,658,1,postBlock1,0,3,"During the last block, how much did you
FEEL BORED?
Please rate from 0 to 100 on the scale
below, where

  0 =             and            100 = 
 ""not at all""                    ""most possible""",causal-attr-first,BA,0
sub_88446,659,1,postBlock3,0,3,"During the last block, how much did you
FEEL BORED?
Please rate from 0 to 100 on the scale
below, where

  0 =             and            100 = 
 ""not at all""                    ""most possible""",causal-attr-first,BA,0
sub_88446,660,0,postBlock2,0,3,"During the last block, how much did you
FEEL BORED?
Please rate from 0 to 100 on the scale
below, where

  0 =             and            100 = 
 ""not at all""                    ""most possible""",causal-attr-first,BA,0
sub_87303,661,75,postBlock3,0,1,"During the last block, how much did you
FEEL PLEASED
when you collected the coins?


Please rate from 0 to 100 on the scale
below, where

  0 =             and            100 = 
 ""not at all""                    ""most possible""",causal-attr-first,CR,0
sub_87303,662,75,postBlock1,0,1,"During the last block, how much did you
FEEL PLEASED
when you collected the coins?


Please rate from 0 to 100 on the scale
below, where

  0 =             and            100 = 
 ""not at all""                    ""most possible""",causal-attr-first,CR,0
sub_87303,663,75,postBlock2,0,1,"During the last block, how much did you
FEEL PLEASED
when you collected the coins?


Please rate from 0 to 100 on the scale
below, where

  0 =             and            100 = 
 ""not at all""                    ""most possible""",causal-attr-first,CR,0
sub_87303,664,70,postBlock0,0,1,"During the last block, how much did you
FEEL PLEASED
when you collected the coins?


Please rate from 0 to 100 on the scale
below, where

  0 =             and            100 = 
 ""not at all""                    ""most possible""",causal-attr-first,CR,0
sub_87303,665,25,postBlock0,0,2,"During the last block, how much did you
FEEL A SENSE OF ACHIEVEMENT when you
sucessfully hit the required power level?


Please rate from 0 to 100 on the scale
below, where

  0 =             and            100 = 
 ""not at all""                    ""most possible""",causal-attr-first,CR,0
sub_87303,666,35,postBlock3,0,2,"During the last block, how much did you
FEEL A SENSE OF ACHIEVEMENT when you
sucessfully hit the required power level?


Please rate from 0 to 100 on the scale
below, where

  0 =             and            100 = 
 ""not at all""                    ""most possible""",causal-attr-first,CR,0
sub_87303,667,35,postBlock1,0,2,"During the last block, how much did you
FEEL A SENSE OF ACHIEVEMENT when you
sucessfully hit the required power level?


Please rate from 0 to 100 on the scale
below, where

  0 =             and            100 = 
 ""not at all""                    ""most possible""",causal-attr-first,CR,0
sub_87303,668,30,postBlock2,0,2,"During the last block, how much did you
FEEL A SENSE OF ACHIEVEMENT when you
sucessfully hit the required power level?


Please rate from 0 to 100 on the scale
below, where

  0 =             and            100 = 
 ""not at all""                    ""most possible""",causal-attr-first,CR,0
sub_87303,669,40,postBlock0,0,3,"During the last block, how much did you
FEEL BORED?
Please rate from 0 to 100 on the scale
below, where

  0 =             and            100 = 
 ""not at all""                    ""most possible""",causal-attr-first,CR,0
sub_87303,670,30,postBlock1,0,3,"During the last block, how much did you
FEEL BORED?
Please rate from 0 to 100 on the scale
below, where

  0 =             and            100 = 
 ""not at all""                    ""most possible""",causal-attr-first,CR,0
sub_87303,671,30,postBlock3,0,3,"During the last block, how much did you
FEEL BORED?
Please rate from 0 to 100 on the scale
below, where

  0 =             and            100 = 
 ""not at all""                    ""most possible""",causal-attr-first,CR,0
sub_87303,672,30,postBlock2,0,3,"During the last block, how much did you
FEEL BORED?
Please rate from 0 to 100 on the scale
below, where

  0 =             and            100 = 
 ""not at all""                    ""most possible""",causal-attr-first,CR,0
sub_30778,673,76,postBlock3,0,1,"During the last block, how much did you
FEEL PLEASED
when you collected the coins?


Please rate from 0 to 100 on the scale
below, where

  0 =             and            100 = 
 ""not at all""                    ""most possible""",rew-eff-first,BA,0
sub_30778,674,70,postBlock1,0,1,"During the last block, how much did you
FEEL PLEASED
when you collected the coins?


Please rate from 0 to 100 on the scale
below, where

  0 =             and            100 = 
 ""not at all""                    ""most possible""",rew-eff-first,BA,0
sub_30778,675,76,postBlock2,0,1,"During the last block, how much did you
FEEL PLEASED
when you collected the coins?


Please rate from 0 to 100 on the scale
below, where

  0 =             and            100 = 
 ""not at all""                    ""most possible""",rew-eff-first,BA,0
sub_30778,676,81,postBlock0,0,1,"During the last block, how much did you
FEEL PLEASED
when you collected the coins?


Please rate from 0 to 100 on the scale
below, where

  0 =             and            100 = 
 ""not at all""                    ""most possible""",rew-eff-first,BA,0
sub_30778,677,70,postBlock0,0,2,"During the last block, how much did you
FEEL A SENSE OF ACHIEVEMENT when you
sucessfully hit the required power level?


Please rate from 0 to 100 on the scale
below, where

  0 =             and            100 = 
 ""not at all""                    ""most possible""",rew-eff-first,BA,0
sub_30778,678,69,postBlock3,0,2,"During the last block, how much did you
FEEL A SENSE OF ACHIEVEMENT when you
sucessfully hit the required power level?


Please rate from 0 to 100 on the scale
below, where

  0 =             and            100 = 
 ""not at all""                    ""most possible""",rew-eff-first,BA,0
sub_30778,679,65,postBlock1,0,2,"During the last block, how much did you
FEEL A SENSE OF ACHIEVEMENT when you
sucessfully hit the required power level?


Please rate from 0 to 100 on the scale
below, where

  0 =             and            100 = 
 ""not at all""                    ""most possible""",rew-eff-first,BA,0
sub_30778,680,70,postBlock2,0,2,"During the last block, how much did you
FEEL A SENSE OF ACHIEVEMENT when you
sucessfully hit the required power level?


Please rate from 0 to 100 on the scale
below, where

  0 =             and            100 = 
 ""not at all""                    ""most possible""",rew-eff-first,BA,0
sub_30778,681,31,postBlock0,0,3,"During the last block, how much did you
FEEL BORED?
Please rate from 0 to 100 on the scale
below, where

  0 =             and            100 = 
 ""not at all""                    ""most possible""",rew-eff-first,BA,0
sub_30778,682,30,postBlock1,0,3,"During the last block, how much did you
FEEL BORED?
Please rate from 0 to 100 on the scale
below, where

  0 =             and            100 = 
 ""not at all""                    ""most possible""",rew-eff-first,BA,0
sub_30778,683,35,postBlock3,0,3,"During the last block, how much did you
FEEL BORED?
Please rate from 0 to 100 on the scale
below, where

  0 =             and            100 = 
 ""not at all""                    ""most possible""",rew-eff-first,BA,0
sub_30778,684,31,postBlock2,0,3,"During the last block, how much did you
FEEL BORED?
Please rate from 0 to 100 on the scale
below, where

  0 =             and            100 = 
 ""not at all""                    ""most possible""",rew-eff-first,BA,0
sub_87732,685,80,postBlock3,0,1,"During the last block, how much did you
FEEL PLEASED
when you collected the coins?


Please rate from 0 to 100 on the scale
below, where

  0 =             and            100 = 
 ""not at all""                    ""most possible""",causal-attr-first,BA,0
sub_87732,686,80,postBlock1,0,1,"During the last block, how much did you
FEEL PLEASED
when you collected the coins?


Please rate from 0 to 100 on the scale
below, where

  0 =             and            100 = 
 ""not at all""                    ""most possible""",causal-attr-first,BA,0
sub_87732,687,93,postBlock2,0,1,"During the last block, how much did you
FEEL PLEASED
when you collected the coins?


Please rate from 0 to 100 on the scale
below, where

  0 =             and            100 = 
 ""not at all""                    ""most possible""",causal-attr-first,BA,0
sub_87732,688,85,postBlock0,0,1,"During the last block, how much did you
FEEL PLEASED
when you collected the coins?


Please rate from 0 to 100 on the scale
below, where

  0 =             and            100 = 
 ""not at all""                    ""most possible""",causal-attr-first,BA,0
sub_87732,689,93,postBlock0,0,2,"During the last block, how much did you
FEEL A SENSE OF ACHIEVEMENT when you
sucessfully hit the required power level?


Please rate from 0 to 100 on the scale
below, where

  0 =             and            100 = 
 ""not at all""                    ""most possible""",causal-attr-first,BA,0
sub_87732,690,79,postBlock3,0,2,"During the last block, how much did you
FEEL A SENSE OF ACHIEVEMENT when you
sucessfully hit the required power level?


Please rate from 0 to 100 on the scale
below, where

  0 =             and            100 = 
 ""not at all""                    ""most possible""",causal-attr-first,BA,0
sub_87732,691,90,postBlock1,0,2,"During the last block, how much did you
FEEL A SENSE OF ACHIEVEMENT when you
sucessfully hit the required power level?


Please rate from 0 to 100 on the scale
below, where

  0 =             and            100 = 
 ""not at all""                    ""most possible""",causal-attr-first,BA,0
sub_87732,692,86,postBlock2,0,2,"During the last block, how much did you
FEEL A SENSE OF ACHIEVEMENT when you
sucessfully hit the required power level?


Please rate from 0 to 100 on the scale
below, where

  0 =             and            100 = 
 ""not at all""                    ""most possible""",causal-attr-first,BA,0
sub_87732,693,17,postBlock0,0,3,"During the last block, how much did you
FEEL BORED?
Please rate from 0 to 100 on the scale
below, where

  0 =             and            100 = 
 ""not at all""                    ""most possible""",causal-attr-first,BA,0
sub_87732,694,20,postBlock1,0,3,"During the last block, how much did you
FEEL BORED?
Please rate from 0 to 100 on the scale
below, where

  0 =             and            100 = 
 ""not at all""                    ""most possible""",causal-attr-first,BA,0
sub_87732,695,13,postBlock3,0,3,"During the last block, how much did you
FEEL BORED?
Please rate from 0 to 100 on the scale
below, where

  0 =             and            100 = 
 ""not at all""                    ""most possible""",causal-attr-first,BA,0
sub_87732,696,9,postBlock2,0,3,"During the last block, how much did you
FEEL BORED?
Please rate from 0 to 100 on the scale
below, where

  0 =             and            100 = 
 ""not at all""                    ""most possible""",causal-attr-first,BA,0
sub_18945,697,90,postBlock3,0,1,"During the last block, how much did you
FEEL PLEASED
when you collected the coins?


Please rate from 0 to 100 on the scale
below, where

  0 =             and            100 = 
 ""not at all""                    ""most possible""",rew-eff-first,BA,0
sub_18945,698,85,postBlock1,0,1,"During the last block, how much did you
FEEL PLEASED
when you collected the coins?


Please rate from 0 to 100 on the scale
below, where

  0 =             and            100 = 
 ""not at all""                    ""most possible""",rew-eff-first,BA,0
sub_18945,699,91,postBlock2,0,1,"During the last block, how much did you
FEEL PLEASED
when you collected the coins?


Please rate from 0 to 100 on the scale
below, where

  0 =             and            100 = 
 ""not at all""                    ""most possible""",rew-eff-first,BA,0
sub_18945,700,95,postBlock0,0,1,"During the last block, how much did you
FEEL PLEASED
when you collected the coins?


Please rate from 0 to 100 on the scale
below, where

  0 =             and            100 = 
 ""not at all""                    ""most possible""",rew-eff-first,BA,0
sub_18945,701,100,postBlock0,0,2,"During the last block, how much did you
FEEL A SENSE OF ACHIEVEMENT when you
sucessfully hit the required power level?


Please rate from 0 to 100 on the scale
below, where

  0 =             and            100 = 
 ""not at all""                    ""most possible""",rew-eff-first,BA,0
sub_18945,702,90,postBlock3,0,2,"During the last block, how much did you
FEEL A SENSE OF ACHIEVEMENT when you
sucessfully hit the required power level?


Please rate from 0 to 100 on the scale
below, where

  0 =             and            100 = 
 ""not at all""                    ""most possible""",rew-eff-first,BA,0
sub_18945,703,75,postBlock1,0,2,"During the last block, how much did you
FEEL A SENSE OF ACHIEVEMENT when you
sucessfully hit the required power level?


Please rate from 0 to 100 on the scale
below, where

  0 =             and            100 = 
 ""not at all""                    ""most possible""",rew-eff-first,BA,0
sub_18945,704,90,postBlock2,0,2,"During the last block, how much did you
FEEL A SENSE OF ACHIEVEMENT when you
sucessfully hit the required power level?


Please rate from 0 to 100 on the scale
below, where

  0 =             and            100 = 
 ""not at all""                    ""most possible""",rew-eff-first,BA,0
sub_18945,705,5,postBlock0,0,3,"During the last block, how much did you
FEEL BORED?
Please rate from 0 to 100 on the scale
below, where

  0 =             and            100 = 
 ""not at all""                    ""most possible""",rew-eff-first,BA,0
sub_18945,706,10,postBlock1,0,3,"During the last block, how much did you
FEEL BORED?
Please rate from 0 to 100 on the scale
below, where

  0 =             and            100 = 
 ""not at all""                    ""most possible""",rew-eff-first,BA,0
sub_18945,707,15,postBlock3,0,3,"During the last block, how much did you
FEEL BORED?
Please rate from 0 to 100 on the scale
below, where

  0 =             and            100 = 
 ""not at all""                    ""most possible""",rew-eff-first,BA,0
sub_18945,708,5,postBlock2,0,3,"During the last block, how much did you
FEEL BORED?
Please rate from 0 to 100 on the scale
below, where

  0 =             and            100 = 
 ""not at all""                    ""most possible""",rew-eff-first,BA,0
sub_48817,709,43,postBlock3,0,1,"During the last block, how much did you
FEEL PLEASED
when you collected the coins?


Please rate from 0 to 100 on the scale
below, where

  0 =             and            100 = 
 ""not at all""                    ""most possible""",rew-eff-first,CR,0
sub_48817,710,64,postBlock1,0,1,"During the last block, how much did you
FEEL PLEASED
when you collected the coins?


Please rate from 0 to 100 on the scale
below, where

  0 =             and            100 = 
 ""not at all""                    ""most possible""",rew-eff-first,CR,0
sub_48817,711,55,postBlock2,0,1,"During the last block, how much did you
FEEL PLEASED
when you collected the coins?


Please rate from 0 to 100 on the scale
below, where

  0 =             and            100 = 
 ""not at all""                    ""most possible""",rew-eff-first,CR,0
sub_48817,712,99,postBlock0,0,1,"During the last block, how much did you
FEEL PLEASED
when you collected the coins?


Please rate from 0 to 100 on the scale
below, where

  0 =             and            100 = 
 ""not at all""                    ""most possible""",rew-eff-first,CR,0
sub_48817,713,98,postBlock0,0,2,"During the last block, how much did you
FEEL A SENSE OF ACHIEVEMENT when you
sucessfully hit the required power level?


Please rate from 0 to 100 on the scale
below, where

  0 =             and            100 = 
 ""not at all""                    ""most possible""",rew-eff-first,CR,0
sub_48817,714,32,postBlock3,0,2,"During the last block, how much did you
FEEL A SENSE OF ACHIEVEMENT when you
sucessfully hit the required power level?


Please rate from 0 to 100 on the scale
below, where

  0 =             and            100 = 
 ""not at all""                    ""most possible""",rew-eff-first,CR,0
sub_48817,715,72,postBlock1,0,2,"During the last block, how much did you
FEEL A SENSE OF ACHIEVEMENT when you
sucessfully hit the required power level?


Please rate from 0 to 100 on the scale
below, where

  0 =             and            100 = 
 ""not at all""                    ""most possible""",rew-eff-first,CR,0
sub_48817,716,49,postBlock2,0,2,"During the last block, how much did you
FEEL A SENSE OF ACHIEVEMENT when you
sucessfully hit the required power level?


Please rate from 0 to 100 on the scale
below, where

  0 =             and            100 = 
 ""not at all""                    ""most possible""",rew-eff-first,CR,0
sub_48817,717,49,postBlock0,0,3,"During the last block, how much did you
FEEL BORED?
Please rate from 0 to 100 on the scale
below, where

  0 =             and            100 = 
 ""not at all""                    ""most possible""",rew-eff-first,CR,0
sub_48817,718,72,postBlock1,0,3,"During the last block, how much did you
FEEL BORED?
Please rate from 0 to 100 on the scale
below, where

  0 =             and            100 = 
 ""not at all""                    ""most possible""",rew-eff-first,CR,0
sub_48817,719,100,postBlock3,0,3,"During the last block, how much did you
FEEL BORED?
Please rate from 0 to 100 on the scale
below, where

  0 =             and            100 = 
 ""not at all""                    ""most possible""",rew-eff-first,CR,0
sub_48817,720,84,postBlock2,0,3,"During the last block, how much did you
FEEL BORED?
Please rate from 0 to 100 on the scale
below, where

  0 =             and            100 = 
 ""not at all""                    ""most possible""",rew-eff-first,CR,0
sub_92526,721,87,postBlock3,0,1,"During the last block, how much did you
FEEL PLEASED
when you collected the coins?


Please rate from 0 to 100 on the scale
below, where

  0 =             and            100 = 
 ""not at all""                    ""most possible""",rew-eff-first,CR,0
sub_92526,722,87,postBlock1,0,1,"During the last block, how much did you
FEEL PLEASED
when you collected the coins?


Please rate from 0 to 100 on the scale
below, where

  0 =             and            100 = 
 ""not at all""                    ""most possible""",rew-eff-first,CR,0
sub_92526,723,89,postBlock2,0,1,"During the last block, how much did you
FEEL PLEASED
when you collected the coins?


Please rate from 0 to 100 on the scale
below, where

  0 =             and            100 = 
 ""not at all""                    ""most possible""",rew-eff-first,CR,0
sub_92526,724,87,postBlock0,0,1,"During the last block, how much did you
FEEL PLEASED
when you collected the coins?


Please rate from 0 to 100 on the scale
below, where

  0 =             and            100 = 
 ""not at all""                    ""most possible""",rew-eff-first,CR,0
sub_92526,725,92,postBlock0,0,2,"During the last block, how much did you
FEEL A SENSE OF ACHIEVEMENT when you
sucessfully hit the required power level?


Please rate from 0 to 100 on the scale
below, where

  0 =             and            100 = 
 ""not at all""                    ""most possible""",rew-eff-first,CR,0
sub_92526,726,94,postBlock3,0,2,"During the last block, how much did you
FEEL A SENSE OF ACHIEVEMENT when you
sucessfully hit the required power level?


Please rate from 0 to 100 on the scale
below, where

  0 =             and            100 = 
 ""not at all""                    ""most possible""",rew-eff-first,CR,0
sub_92526,727,91,postBlock1,0,2,"During the last block, how much did you
FEEL A SENSE OF ACHIEVEMENT when you
sucessfully hit the required power level?


Please rate from 0 to 100 on the scale
below, where

  0 =             and            100 = 
 ""not at all""                    ""most possible""",rew-eff-first,CR,0
sub_92526,728,92,postBlock2,0,2,"During the last block, how much did you
FEEL A SENSE OF ACHIEVEMENT when you
sucessfully hit the required power level?


Please rate from 0 to 100 on the scale
below, where

  0 =             and            100 = 
 ""not at all""                    ""most possible""",rew-eff-first,CR,0
sub_92526,729,0,postBlock0,0,3,"During the last block, how much did you
FEEL BORED?
Please rate from 0 to 100 on the scale
below, where

  0 =             and            100 = 
 ""not at all""                    ""most possible""",rew-eff-first,CR,0
sub_92526,730,0,postBlock1,0,3,"During the last block, how much did you
FEEL BORED?
Please rate from 0 to 100 on the scale
below, where

  0 =             and            100 = 
 ""not at all""                    ""most possible""",rew-eff-first,CR,0
sub_92526,731,0,postBlock3,0,3,"During the last block, how much did you
FEEL BORED?
Please rate from 0 to 100 on the scale
below, where

  0 =             and            100 = 
 ""not at all""                    ""most possible""",rew-eff-first,CR,0
sub_92526,732,0,postBlock2,0,3,"During the last block, how much did you
FEEL BORED?
Please rate from 0 to 100 on the scale
below, where

  0 =             and            100 = 
 ""not at all""                    ""most possible""",rew-eff-first,CR,0
sub_94393,733,96,postBlock3,0,1,"During the last block, how much did you
FEEL PLEASED
when you collected the coins?


Please rate from 0 to 100 on the scale
below, where

  0 =             and            100 = 
 ""not at all""                    ""most possible""",rew-eff-first,CR,0
sub_94393,734,94,postBlock1,0,1,"During the last block, how much did you
FEEL PLEASED
when you collected the coins?


Please rate from 0 to 100 on the scale
below, where

  0 =             and            100 = 
 ""not at all""                    ""most possible""",rew-eff-first,CR,0
sub_94393,735,96,postBlock2,0,1,"During the last block, how much did you
FEEL PLEASED
when you collected the coins?


Please rate from 0 to 100 on the scale
below, where

  0 =             and            100 = 
 ""not at all""                    ""most possible""",rew-eff-first,CR,0
sub_94393,736,99,postBlock0,0,1,"During the last block, how much did you
FEEL PLEASED
when you collected the coins?


Please rate from 0 to 100 on the scale
below, where

  0 =             and            100 = 
 ""not at all""                    ""most possible""",rew-eff-first,CR,0
sub_94393,737,100,postBlock0,0,2,"During the last block, how much did you
FEEL A SENSE OF ACHIEVEMENT when you
sucessfully hit the required power level?


Please rate from 0 to 100 on the scale
below, where

  0 =             and            100 = 
 ""not at all""                    ""most possible""",rew-eff-first,CR,0
sub_94393,738,94,postBlock3,0,2,"During the last block, how much did you
FEEL A SENSE OF ACHIEVEMENT when you
sucessfully hit the required power level?


Please rate from 0 to 100 on the scale
below, where

  0 =             and            100 = 
 ""not at all""                    ""most possible""",rew-eff-first,CR,0
sub_94393,739,98,postBlock1,0,2,"During the last block, how much did you
FEEL A SENSE OF ACHIEVEMENT when you
sucessfully hit the required power level?


Please rate from 0 to 100 on the scale
below, where

  0 =             and            100 = 
 ""not at all""                    ""most possible""",rew-eff-first,CR,0
sub_94393,740,96,postBlock2,0,2,"During the last block, how much did you
FEEL A SENSE OF ACHIEVEMENT when you
sucessfully hit the required power level?


Please rate from 0 to 100 on the scale
below, where

  0 =             and            100 = 
 ""not at all""                    ""most possible""",rew-eff-first,CR,0
sub_94393,741,4,postBlock0,0,3,"During the last block, how much did you
FEEL BORED?
Please rate from 0 to 100 on the scale
below, where

  0 =             and            100 = 
 ""not at all""                    ""most possible""",rew-eff-first,CR,0
sub_94393,742,5,postBlock1,0,3,"During the last block, how much did you
FEEL BORED?
Please rate from 0 to 100 on the scale
below, where

  0 =             and            100 = 
 ""not at all""                    ""most possible""",rew-eff-first,CR,0
sub_94393,743,9,postBlock3,0,3,"During the last block, how much did you
FEEL BORED?
Please rate from 0 to 100 on the scale
below, where

  0 =             and            100 = 
 ""not at all""                    ""most possible""",rew-eff-first,CR,0
sub_94393,744,12,postBlock2,0,3,"During the last block, how much did you
FEEL BORED?
Please rate from 0 to 100 on the scale
below, where

  0 =             and            100 = 
 ""not at all""                    ""most possible""",rew-eff-first,CR,0
sub_61387,745,96,postBlock3,0,1,"During the last block, how much did you
FEEL PLEASED
when you collected the coins?


Please rate from 0 to 100 on the scale
below, where

  0 =             and            100 = 
 ""not at all""                    ""most possible""",causal-attr-first,CR,0
sub_61387,746,99,postBlock1,0,1,"During the last block, how much did you
FEEL PLEASED
when you collected the coins?


Please rate from 0 to 100 on the scale
below, where

  0 =             and            100 = 
 ""not at all""                    ""most possible""",causal-attr-first,CR,0
sub_61387,747,93,postBlock2,0,1,"During the last block, how much did you
FEEL PLEASED
when you collected the coins?


Please rate from 0 to 100 on the scale
below, where

  0 =             and            100 = 
 ""not at all""                    ""most possible""",causal-attr-first,CR,0
sub_61387,748,100,postBlock0,0,1,"During the last block, how much did you
FEEL PLEASED
when you collected the coins?


Please rate from 0 to 100 on the scale
below, where

  0 =             and            100 = 
 ""not at all""                    ""most possible""",causal-attr-first,CR,0
sub_61387,749,87,postBlock0,0,2,"During the last block, how much did you
FEEL A SENSE OF ACHIEVEMENT when you
sucessfully hit the required power level?


Please rate from 0 to 100 on the scale
below, where

  0 =             and            100 = 
 ""not at all""                    ""most possible""",causal-attr-first,CR,0
sub_61387,750,91,postBlock3,0,2,"During the last block, how much did you
FEEL A SENSE OF ACHIEVEMENT when you
sucessfully hit the required power level?


Please rate from 0 to 100 on the scale
below, where

  0 =             and            100 = 
 ""not at all""                    ""most possible""",causal-attr-first,CR,0
sub_61387,751,86,postBlock1,0,2,"During the last block, how much did you
FEEL A SENSE OF ACHIEVEMENT when you
sucessfully hit the required power level?


Please rate from 0 to 100 on the scale
below, where

  0 =             and            100 = 
 ""not at all""                    ""most possible""",causal-attr-first,CR,0
sub_61387,752,89,postBlock2,0,2,"During the last block, how much did you
FEEL A SENSE OF ACHIEVEMENT when you
sucessfully hit the required power level?


Please rate from 0 to 100 on the scale
below, where

  0 =             and            100 = 
 ""not at all""                    ""most possible""",causal-attr-first,CR,0
sub_61387,753,9,postBlock0,0,3,"During the last block, how much did you
FEEL BORED?
Please rate from 0 to 100 on the scale
below, where

  0 =             and            100 = 
 ""not at all""                    ""most possible""",causal-attr-first,CR,0
sub_61387,754,14,postBlock1,0,3,"During the last block, how much did you
FEEL BORED?
Please rate from 0 to 100 on the scale
below, where

  0 =             and            100 = 
 ""not at all""                    ""most possible""",causal-attr-first,CR,0
sub_61387,755,4,postBlock3,0,3,"During the last block, how much did you
FEEL BORED?
Please rate from 0 to 100 on the scale
below, where

  0 =             and            100 = 
 ""not at all""                    ""most possible""",causal-attr-first,CR,0
sub_61387,756,13,postBlock2,0,3,"During the last block, how much did you
FEEL BORED?
Please rate from 0 to 100 on the scale
below, where

  0 =             and            100 = 
 ""not at all""                    ""most possible""",causal-attr-first,CR,0
sub_83995,757,100,postBlock3,0,1,"During the last block, how much did you
FEEL PLEASED
when you collected the coins?


Please rate from 0 to 100 on the scale
below, where

  0 =             and            100 = 
 ""not at all""                    ""most possible""",rew-eff-first,CR,0
sub_83995,758,100,postBlock1,0,1,"During the last block, how much did you
FEEL PLEASED
when you collected the coins?


Please rate from 0 to 100 on the scale
below, where

  0 =             and            100 = 
 ""not at all""                    ""most possible""",rew-eff-first,CR,0
sub_83995,759,100,postBlock2,0,1,"During the last block, how much did you
FEEL PLEASED
when you collected the coins?


Please rate from 0 to 100 on the scale
below, where

  0 =             and            100 = 
 ""not at all""                    ""most possible""",rew-eff-first,CR,0
sub_83995,760,100,postBlock0,0,1,"During the last block, how much did you
FEEL PLEASED
when you collected the coins?


Please rate from 0 to 100 on the scale
below, where

  0 =             and            100 = 
 ""not at all""                    ""most possible""",rew-eff-first,CR,0
sub_83995,761,88,postBlock0,0,2,"During the last block, how much did you
FEEL A SENSE OF ACHIEVEMENT when you
sucessfully hit the required power level?


Please rate from 0 to 100 on the scale
below, where

  0 =             and            100 = 
 ""not at all""                    ""most possible""",rew-eff-first,CR,0
sub_83995,762,100,postBlock3,0,2,"During the last block, how much did you
FEEL A SENSE OF ACHIEVEMENT when you
sucessfully hit the required power level?


Please rate from 0 to 100 on the scale
below, where

  0 =             and            100 = 
 ""not at all""                    ""most possible""",rew-eff-first,CR,0
sub_83995,763,100,postBlock1,0,2,"During the last block, how much did you
FEEL A SENSE OF ACHIEVEMENT when you
sucessfully hit the required power level?


Please rate from 0 to 100 on the scale
below, where

  0 =             and            100 = 
 ""not at all""                    ""most possible""",rew-eff-first,CR,0
sub_83995,764,100,postBlock2,0,2,"During the last block, how much did you
FEEL A SENSE OF ACHIEVEMENT when you
sucessfully hit the required power level?


Please rate from 0 to 100 on the scale
below, where

  0 =             and            100 = 
 ""not at all""                    ""most possible""",rew-eff-first,CR,0
sub_83995,765,8,postBlock0,0,3,"During the last block, how much did you
FEEL BORED?
Please rate from 0 to 100 on the scale
below, where

  0 =             and            100 = 
 ""not at all""                    ""most possible""",rew-eff-first,CR,0
sub_83995,766,5,postBlock1,0,3,"During the last block, how much did you
FEEL BORED?
Please rate from 0 to 100 on the scale
below, where

  0 =             and            100 = 
 ""not at all""                    ""most possible""",rew-eff-first,CR,0
sub_83995,767,3,postBlock3,0,3,"During the last block, how much did you
FEEL BORED?
Please rate from 0 to 100 on the scale
below, where

  0 =             and            100 = 
 ""not at all""                    ""most possible""",rew-eff-first,CR,0
sub_83995,768,3,postBlock2,0,3,"During the last block, how much did you
FEEL BORED?
Please rate from 0 to 100 on the scale
below, where

  0 =             and            100 = 
 ""not at all""                    ""most possible""",rew-eff-first,CR,0
sub_79017,769,66,postBlock3,0,1,"During the last block, how much did you
FEEL PLEASED
when you collected the coins?


Please rate from 0 to 100 on the scale
below, where

  0 =             and            100 = 
 ""not at all""                    ""most possible""",rew-eff-first,CR,0
sub_79017,770,89,postBlock1,0,1,"During the last block, how much did you
FEEL PLEASED
when you collected the coins?


Please rate from 0 to 100 on the scale
below, where

  0 =             and            100 = 
 ""not at all""                    ""most possible""",rew-eff-first,CR,0
sub_79017,771,89,postBlock2,0,1,"During the last block, how much did you
FEEL PLEASED
when you collected the coins?


Please rate from 0 to 100 on the scale
below, where

  0 =             and            100 = 
 ""not at all""                    ""most possible""",rew-eff-first,CR,0
sub_79017,772,87,postBlock0,0,1,"During the last block, how much did you
FEEL PLEASED
when you collected the coins?


Please rate from 0 to 100 on the scale
below, where

  0 =             and            100 = 
 ""not at all""                    ""most possible""",rew-eff-first,CR,0
sub_79017,773,98,postBlock0,0,2,"During the last block, how much did you
FEEL A SENSE OF ACHIEVEMENT when you
sucessfully hit the required power level?


Please rate from 0 to 100 on the scale
below, where

  0 =             and            100 = 
 ""not at all""                    ""most possible""",rew-eff-first,CR,0
sub_79017,774,75,postBlock3,0,2,"During the last block, how much did you
FEEL A SENSE OF ACHIEVEMENT when you
sucessfully hit the required power level?


Please rate from 0 to 100 on the scale
below, where

  0 =             and            100 = 
 ""not at all""                    ""most possible""",rew-eff-first,CR,0
sub_79017,775,91,postBlock1,0,2,"During the last block, how much did you
FEEL A SENSE OF ACHIEVEMENT when you
sucessfully hit the required power level?


Please rate from 0 to 100 on the scale
below, where

  0 =             and            100 = 
 ""not at all""                    ""most possible""",rew-eff-first,CR,0
sub_79017,776,90,postBlock2,0,2,"During the last block, how much did you
FEEL A SENSE OF ACHIEVEMENT when you
sucessfully hit the required power level?


Please rate from 0 to 100 on the scale
below, where

  0 =             and            100 = 
 ""not at all""                    ""most possible""",rew-eff-first,CR,0
sub_79017,777,64,postBlock0,0,3,"During the last block, how much did you
FEEL BORED?
Please rate from 0 to 100 on the scale
below, where

  0 =             and            100 = 
 ""not at all""                    ""most possible""",rew-eff-first,CR,0
sub_79017,778,59,postBlock1,0,3,"During the last block, how much did you
FEEL BORED?
Please rate from 0 to 100 on the scale
below, where

  0 =             and            100 = 
 ""not at all""                    ""most possible""",rew-eff-first,CR,0
sub_79017,779,84,postBlock3,0,3,"During the last block, how much did you
FEEL BORED?
Please rate from 0 to 100 on the scale
below, where

  0 =             and            100 = 
 ""not at all""                    ""most possible""",rew-eff-first,CR,0
sub_79017,780,40,postBlock2,0,3,"During the last block, how much did you
FEEL BORED?
Please rate from 0 to 100 on the scale
below, where

  0 =             and            100 = 
 ""not at all""                    ""most possible""",rew-eff-first,CR,0
sub_17360,781,75,postBlock3,0,1,"During the last block, how much did you
FEEL PLEASED
when you collected the coins?


Please rate from 0 to 100 on the scale
below, where

  0 =             and            100 = 
 ""not at all""                    ""most possible""",rew-eff-first,CR,0
sub_17360,782,75,postBlock1,0,1,"During the last block, how much did you
FEEL PLEASED
when you collected the coins?


Please rate from 0 to 100 on the scale
below, where

  0 =             and            100 = 
 ""not at all""                    ""most possible""",rew-eff-first,CR,0
sub_17360,783,70,postBlock2,0,1,"During the last block, how much did you
FEEL PLEASED
when you collected the coins?


Please rate from 0 to 100 on the scale
below, where

  0 =             and            100 = 
 ""not at all""                    ""most possible""",rew-eff-first,CR,0
sub_17360,784,80,postBlock0,0,1,"During the last block, how much did you
FEEL PLEASED
when you collected the coins?


Please rate from 0 to 100 on the scale
below, where

  0 =             and            100 = 
 ""not at all""                    ""most possible""",rew-eff-first,CR,0
sub_17360,785,75,postBlock0,0,2,"During the last block, how much did you
FEEL A SENSE OF ACHIEVEMENT when you
sucessfully hit the required power level?


Please rate from 0 to 100 on the scale
below, where

  0 =             and            100 = 
 ""not at all""                    ""most possible""",rew-eff-first,CR,0
sub_17360,786,70,postBlock3,0,2,"During the last block, how much did you
FEEL A SENSE OF ACHIEVEMENT when you
sucessfully hit the required power level?


Please rate from 0 to 100 on the scale
below, where

  0 =             and            100 = 
 ""not at all""                    ""most possible""",rew-eff-first,CR,0
sub_17360,787,70,postBlock1,0,2,"During the last block, how much did you
FEEL A SENSE OF ACHIEVEMENT when you
sucessfully hit the required power level?


Please rate from 0 to 100 on the scale
below, where

  0 =             and            100 = 
 ""not at all""                    ""most possible""",rew-eff-first,CR,0
sub_17360,788,65,postBlock2,0,2,"During the last block, how much did you
FEEL A SENSE OF ACHIEVEMENT when you
sucessfully hit the required power level?


Please rate from 0 to 100 on the scale
below, where

  0 =             and            100 = 
 ""not at all""                    ""most possible""",rew-eff-first,CR,0
sub_17360,789,25,postBlock0,0,3,"During the last block, how much did you
FEEL BORED?
Please rate from 0 to 100 on the scale
below, where

  0 =             and            100 = 
 ""not at all""                    ""most possible""",rew-eff-first,CR,0
sub_17360,790,40,postBlock1,0,3,"During the last block, how much did you
FEEL BORED?
Please rate from 0 to 100 on the scale
below, where

  0 =             and            100 = 
 ""not at all""                    ""most possible""",rew-eff-first,CR,0
sub_17360,791,45,postBlock3,0,3,"During the last block, how much did you
FEEL BORED?
Please rate from 0 to 100 on the scale
below, where

  0 =             and            100 = 
 ""not at all""                    ""most possible""",rew-eff-first,CR,0
sub_17360,792,45,postBlock2,0,3,"During the last block, how much did you
FEEL BORED?
Please rate from 0 to 100 on the scale
below, where

  0 =             and            100 = 
 ""not at all""                    ""most possible""",rew-eff-first,CR,0
sub_39019,793,34,postBlock3,0,1,"During the last block, how much did you
FEEL PLEASED
when you collected the coins?


Please rate from 0 to 100 on the scale
below, where

  0 =             and            100 = 
 ""not at all""                    ""most possible""",causal-attr-first,CR,0
sub_39019,794,94,postBlock1,0,1,"During the last block, how much did you
FEEL PLEASED
when you collected the coins?


Please rate from 0 to 100 on the scale
below, where

  0 =             and            100 = 
 ""not at all""                    ""most possible""",causal-attr-first,CR,0
sub_39019,795,83,postBlock2,0,1,"During the last block, how much did you
FEEL PLEASED
when you collected the coins?


Please rate from 0 to 100 on the scale
below, where

  0 =             and            100 = 
 ""not at all""                    ""most possible""",causal-attr-first,CR,0
sub_39019,796,87,postBlock0,0,1,"During the last block, how much did you
FEEL PLEASED
when you collected the coins?


Please rate from 0 to 100 on the scale
below, where

  0 =             and            100 = 
 ""not at all""                    ""most possible""",causal-attr-first,CR,0
sub_39019,797,89,postBlock0,0,2,"During the last block, how much did you
FEEL A SENSE OF ACHIEVEMENT when you
sucessfully hit the required power level?


Please rate from 0 to 100 on the scale
below, where

  0 =             and            100 = 
 ""not at all""                    ""most possible""",causal-attr-first,CR,0
sub_39019,798,32,postBlock3,0,2,"During the last block, how much did you
FEEL A SENSE OF ACHIEVEMENT when you
sucessfully hit the required power level?


Please rate from 0 to 100 on the scale
below, where

  0 =             and            100 = 
 ""not at all""                    ""most possible""",causal-attr-first,CR,0
sub_39019,799,93,postBlock1,0,2,"During the last block, how much did you
FEEL A SENSE OF ACHIEVEMENT when you
sucessfully hit the required power level?


Please rate from 0 to 100 on the scale
below, where

  0 =             and            100 = 
 ""not at all""                    ""most possible""",causal-attr-first,CR,0
sub_39019,800,71,postBlock2,0,2,"During the last block, how much did you
FEEL A SENSE OF ACHIEVEMENT when you
sucessfully hit the required power level?


Please rate from 0 to 100 on the scale
below, where

  0 =             and            100 = 
 ""not at all""                    ""most possible""",causal-attr-first,CR,0
sub_39019,801,20,postBlock0,0,3,"During the last block, how much did you
FEEL BORED?
Please rate from 0 to 100 on the scale
below, where

  0 =             and            100 = 
 ""not at all""                    ""most possible""",causal-attr-first,CR,0
sub_39019,802,16,postBlock1,0,3,"During the last block, how much did you
FEEL BORED?
Please rate from 0 to 100 on the scale
below, where

  0 =             and            100 = 
 ""not at all""                    ""most possible""",causal-attr-first,CR,0
sub_39019,803,62,postBlock3,0,3,"During the last block, how much did you
FEEL BORED?
Please rate from 0 to 100 on the scale
below, where

  0 =             and            100 = 
 ""not at all""                    ""most possible""",causal-attr-first,CR,0
sub_39019,804,58,postBlock2,0,3,"During the last block, how much did you
FEEL BORED?
Please rate from 0 to 100 on the scale
below, where

  0 =             and            100 = 
 ""not at all""                    ""most possible""",causal-attr-first,CR,0
sub_38988,805,77,postBlock3,0,1,"During the last block, how much did you
FEEL PLEASED
when you collected the coins?


Please rate from 0 to 100 on the scale
below, where

  0 =             and            100 = 
 ""not at all""                    ""most possible""",causal-attr-first,BA,0
sub_38988,806,75,postBlock1,0,1,"During the last block, how much did you
FEEL PLEASED
when you collected the coins?


Please rate from 0 to 100 on the scale
below, where

  0 =             and            100 = 
 ""not at all""                    ""most possible""",causal-attr-first,BA,0
sub_38988,807,90,postBlock2,0,1,"During the last block, how much did you
FEEL PLEASED
when you collected the coins?


Please rate from 0 to 100 on the scale
below, where

  0 =             and            100 = 
 ""not at all""                    ""most possible""",causal-attr-first,BA,0
sub_38988,808,65,postBlock0,0,1,"During the last block, how much did you
FEEL PLEASED
when you collected the coins?


Please rate from 0 to 100 on the scale
below, where

  0 =             and            100 = 
 ""not at all""                    ""most possible""",causal-attr-first,BA,0
sub_38988,809,47,postBlock0,0,2,"During the last block, how much did you
FEEL A SENSE OF ACHIEVEMENT when you
sucessfully hit the required power level?


Please rate from 0 to 100 on the scale
below, where

  0 =             and            100 = 
 ""not at all""                    ""most possible""",causal-attr-first,BA,0
sub_38988,810,67,postBlock3,0,2,"During the last block, how much did you
FEEL A SENSE OF ACHIEVEMENT when you
sucessfully hit the required power level?


Please rate from 0 to 100 on the scale
below, where

  0 =             and            100 = 
 ""not at all""                    ""most possible""",causal-attr-first,BA,0
sub_38988,811,58,postBlock1,0,2,"During the last block, how much did you
FEEL A SENSE OF ACHIEVEMENT when you
sucessfully hit the required power level?


Please rate from 0 to 100 on the scale
below, where

  0 =             and            100 = 
 ""not at all""                    ""most possible""",causal-attr-first,BA,0
sub_38988,812,60,postBlock2,0,2,"During the last block, how much did you
FEEL A SENSE OF ACHIEVEMENT when you
sucessfully hit the required power level?


Please rate from 0 to 100 on the scale
below, where

  0 =             and            100 = 
 ""not at all""                    ""most possible""",causal-attr-first,BA,0
sub_38988,813,23,postBlock0,0,3,"During the last block, how much did you
FEEL BORED?
Please rate from 0 to 100 on the scale
below, where

  0 =             and            100 = 
 ""not at all""                    ""most possible""",causal-attr-first,BA,0
sub_38988,814,23,postBlock1,0,3,"During the last block, how much did you
FEEL BORED?
Please rate from 0 to 100 on the scale
below, where

  0 =             and            100 = 
 ""not at all""                    ""most possible""",causal-attr-first,BA,0
sub_38988,815,12,postBlock3,0,3,"During the last block, how much did you
FEEL BORED?
Please rate from 0 to 100 on the scale
below, where

  0 =             and            100 = 
 ""not at all""                    ""most possible""",causal-attr-first,BA,0
sub_38988,816,15,postBlock2,0,3,"During the last block, how much did you
FEEL BORED?
Please rate from 0 to 100 on the scale
below, where

  0 =             and            100 = 
 ""not at all""                    ""most possible""",causal-attr-first,BA,0
sub_92555,817,0,postBlock3,0,1,"During the last block, how much did you
FEEL PLEASED
when you collected the coins?


Please rate from 0 to 100 on the scale
below, where

  0 =             and            100 = 
 ""not at all""                    ""most possible""",causal-attr-first,BA,0
sub_92555,818,1,postBlock1,0,1,"During the last block, how much did you
FEEL PLEASED
when you collected the coins?


Please rate from 0 to 100 on the scale
below, where

  0 =             and            100 = 
 ""not at all""                    ""most possible""",causal-attr-first,BA,0
sub_92555,819,1,postBlock2,0,1,"During the last block, how much did you
FEEL PLEASED
when you collected the coins?


Please rate from 0 to 100 on the scale
below, where

  0 =             and            100 = 
 ""not at all""                    ""most possible""",causal-attr-first,BA,0
sub_92555,820,1,postBlock0,0,1,"During the last block, how much did you
FEEL PLEASED
when you collected the coins?


Please rate from 0 to 100 on the scale
below, where

  0 =             and            100 = 
 ""not at all""                    ""most possible""",causal-attr-first,BA,0
sub_92555,821,4,postBlock0,0,2,"During the last block, how much did you
FEEL A SENSE OF ACHIEVEMENT when you
sucessfully hit the required power level?


Please rate from 0 to 100 on the scale
below, where

  0 =             and            100 = 
 ""not at all""                    ""most possible""",causal-attr-first,BA,0
sub_92555,822,1,postBlock3,0,2,"During the last block, how much did you
FEEL A SENSE OF ACHIEVEMENT when you
sucessfully hit the required power level?


Please rate from 0 to 100 on the scale
below, where

  0 =             and            100 = 
 ""not at all""                    ""most possible""",causal-attr-first,BA,0
sub_92555,823,5,postBlock1,0,2,"During the last block, how much did you
FEEL A SENSE OF ACHIEVEMENT when you
sucessfully hit the required power level?


Please rate from 0 to 100 on the scale
below, where

  0 =             and            100 = 
 ""not at all""                    ""most possible""",causal-attr-first,BA,0
sub_92555,824,1,postBlock2,0,2,"During the last block, how much did you
FEEL A SENSE OF ACHIEVEMENT when you
sucessfully hit the required power level?


Please rate from 0 to 100 on the scale
below, where

  0 =             and            100 = 
 ""not at all""                    ""most possible""",causal-attr-first,BA,0
sub_92555,825,92,postBlock0,0,3,"During the last block, how much did you
FEEL BORED?
Please rate from 0 to 100 on the scale
below, where

  0 =             and            100 = 
 ""not at all""                    ""most possible""",causal-attr-first,BA,0
sub_92555,826,100,postBlock1,0,3,"During the last block, how much did you
FEEL BORED?
Please rate from 0 to 100 on the scale
below, where

  0 =             and            100 = 
 ""not at all""                    ""most possible""",causal-attr-first,BA,0
sub_92555,827,100,postBlock3,0,3,"During the last block, how much did you
FEEL BORED?
Please rate from 0 to 100 on the scale
below, where

  0 =             and            100 = 
 ""not at all""                    ""most possible""",causal-attr-first,BA,0
sub_92555,828,100,postBlock2,0,3,"During the last block, how much did you
FEEL BORED?
Please rate from 0 to 100 on the scale
below, where

  0 =             and            100 = 
 ""not at all""                    ""most possible""",causal-attr-first,BA,0
sub_79530,829,93,postBlock3,0,1,"During the last block, how much did you
FEEL PLEASED
when you collected the coins?


Please rate from 0 to 100 on the scale
below, where

  0 =             and            100 = 
 ""not at all""                    ""most possible""",causal-attr-first,BA,0
sub_79530,830,75,postBlock1,0,1,"During the last block, how much did you
FEEL PLEASED
when you collected the coins?


Please rate from 0 to 100 on the scale
below, where

  0 =             and            100 = 
 ""not at all""                    ""most possible""",causal-attr-first,BA,0
sub_79530,831,100,postBlock2,0,1,"During the last block, how much did you
FEEL PLEASED
when you collected the coins?


Please rate from 0 to 100 on the scale
below, where

  0 =             and            100 = 
 ""not at all""                    ""most possible""",causal-attr-first,BA,0
sub_79530,832,60,postBlock0,0,1,"During the last block, how much did you
FEEL PLEASED
when you collected the coins?


Please rate from 0 to 100 on the scale
below, where

  0 =             and            100 = 
 ""not at all""                    ""most possible""",causal-attr-first,BA,0
sub_79530,833,99,postBlock0,0,2,"During the last block, how much did you
FEEL A SENSE OF ACHIEVEMENT when you
sucessfully hit the required power level?


Please rate from 0 to 100 on the scale
below, where

  0 =             and            100 = 
 ""not at all""                    ""most possible""",causal-attr-first,BA,0
sub_79530,834,92,postBlock3,0,2,"During the last block, how much did you
FEEL A SENSE OF ACHIEVEMENT when you
sucessfully hit the required power level?


Please rate from 0 to 100 on the scale
below, where

  0 =             and            100 = 
 ""not at all""                    ""most possible""",causal-attr-first,BA,0
sub_79530,835,100,postBlock1,0,2,"During the last block, how much did you
FEEL A SENSE OF ACHIEVEMENT when you
sucessfully hit the required power level?


Please rate from 0 to 100 on the scale
below, where

  0 =             and            100 = 
 ""not at all""                    ""most possible""",causal-attr-first,BA,0
sub_79530,836,100,postBlock2,0,2,"During the last block, how much did you
FEEL A SENSE OF ACHIEVEMENT when you
sucessfully hit the required power level?


Please rate from 0 to 100 on the scale
below, where

  0 =             and            100 = 
 ""not at all""                    ""most possible""",causal-attr-first,BA,0
sub_79530,837,0,postBlock0,0,3,"During the last block, how much did you
FEEL BORED?
Please rate from 0 to 100 on the scale
below, where

  0 =             and            100 = 
 ""not at all""                    ""most possible""",causal-attr-first,BA,0
sub_79530,838,0,postBlock1,0,3,"During the last block, how much did you
FEEL BORED?
Please rate from 0 to 100 on the scale
below, where

  0 =             and            100 = 
 ""not at all""                    ""most possible""",causal-attr-first,BA,0
sub_79530,839,1,postBlock3,0,3,"During the last block, how much did you
FEEL BORED?
Please rate from 0 to 100 on the scale
below, where

  0 =             and            100 = 
 ""not at all""                    ""most possible""",causal-attr-first,BA,0
sub_79530,840,1,postBlock2,0,3,"During the last block, how much did you
FEEL BORED?
Please rate from 0 to 100 on the scale
below, where

  0 =             and            100 = 
 ""not at all""                    ""most possible""",causal-attr-first,BA,0
sub_98693,841,92,postBlock3,0,1,"During the last block, how much did you
FEEL PLEASED
when you collected the coins?


Please rate from 0 to 100 on the scale
below, where

  0 =             and            100 = 
 ""not at all""                    ""most possible""",rew-eff-first,BA,0
sub_98693,842,92,postBlock1,0,1,"During the last block, how much did you
FEEL PLEASED
when you collected the coins?


Please rate from 0 to 100 on the scale
below, where

  0 =             and            100 = 
 ""not at all""                    ""most possible""",rew-eff-first,BA,0
sub_98693,843,92,postBlock2,0,1,"During the last block, how much did you
FEEL PLEASED
when you collected the coins?


Please rate from 0 to 100 on the scale
below, where

  0 =             and            100 = 
 ""not at all""                    ""most possible""",rew-eff-first,BA,0
sub_98693,844,92,postBlock0,0,1,"During the last block, how much did you
FEEL PLEASED
when you collected the coins?


Please rate from 0 to 100 on the scale
below, where

  0 =             and            100 = 
 ""not at all""                    ""most possible""",rew-eff-first,BA,0
sub_98693,845,91,postBlock0,0,2,"During the last block, how much did you
FEEL A SENSE OF ACHIEVEMENT when you
sucessfully hit the required power level?


Please rate from 0 to 100 on the scale
below, where

  0 =             and            100 = 
 ""not at all""                    ""most possible""",rew-eff-first,BA,0
sub_98693,846,92,postBlock3,0,2,"During the last block, how much did you
FEEL A SENSE OF ACHIEVEMENT when you
sucessfully hit the required power level?


Please rate from 0 to 100 on the scale
below, where

  0 =             and            100 = 
 ""not at all""                    ""most possible""",rew-eff-first,BA,0
sub_98693,847,92,postBlock1,0,2,"During the last block, how much did you
FEEL A SENSE OF ACHIEVEMENT when you
sucessfully hit the required power level?


Please rate from 0 to 100 on the scale
below, where

  0 =             and            100 = 
 ""not at all""                    ""most possible""",rew-eff-first,BA,0
sub_98693,848,92,postBlock2,0,2,"During the last block, how much did you
FEEL A SENSE OF ACHIEVEMENT when you
sucessfully hit the required power level?


Please rate from 0 to 100 on the scale
below, where

  0 =             and            100 = 
 ""not at all""                    ""most possible""",rew-eff-first,BA,0
sub_98693,849,33,postBlock0,0,3,"During the last block, how much did you
FEEL BORED?
Please rate from 0 to 100 on the scale
below, where

  0 =             and            100 = 
 ""not at all""                    ""most possible""",rew-eff-first,BA,0
sub_98693,850,41,postBlock1,0,3,"During the last block, how much did you
FEEL BORED?
Please rate from 0 to 100 on the scale
below, where

  0 =             and            100 = 
 ""not at all""                    ""most possible""",rew-eff-first,BA,0
sub_98693,851,33,postBlock3,0,3,"During the last block, how much did you
FEEL BORED?
Please rate from 0 to 100 on the scale
below, where

  0 =             and            100 = 
 ""not at all""                    ""most possible""",rew-eff-first,BA,0
sub_98693,852,30,postBlock2,0,3,"During the last block, how much did you
FEEL BORED?
Please rate from 0 to 100 on the scale
below, where

  0 =             and            100 = 
 ""not at all""                    ""most possible""",rew-eff-first,BA,0
sub_68505,853,87,postBlock3,0,1,"During the last block, how much did you
FEEL PLEASED
when you collected the coins?


Please rate from 0 to 100 on the scale
below, where

  0 =             and            100 = 
 ""not at all""                    ""most possible""",rew-eff-first,CR,0
sub_68505,854,89,postBlock1,0,1,"During the last block, how much did you
FEEL PLEASED
when you collected the coins?


Please rate from 0 to 100 on the scale
below, where

  0 =             and            100 = 
 ""not at all""                    ""most possible""",rew-eff-first,CR,0
sub_68505,855,87,postBlock2,0,1,"During the last block, how much did you
FEEL PLEASED
when you collected the coins?


Please rate from 0 to 100 on the scale
below, where

  0 =             and            100 = 
 ""not at all""                    ""most possible""",rew-eff-first,CR,0
sub_68505,856,65,postBlock0,0,1,"During the last block, how much did you
FEEL PLEASED
when you collected the coins?


Please rate from 0 to 100 on the scale
below, where

  0 =             and            100 = 
 ""not at all""                    ""most possible""",rew-eff-first,CR,0
sub_68505,857,31,postBlock0,0,2,"During the last block, how much did you
FEEL A SENSE OF ACHIEVEMENT when you
sucessfully hit the required power level?


Please rate from 0 to 100 on the scale
below, where

  0 =             and            100 = 
 ""not at all""                    ""most possible""",rew-eff-first,CR,0
sub_68505,858,92,postBlock3,0,2,"During the last block, how much did you
FEEL A SENSE OF ACHIEVEMENT when you
sucessfully hit the required power level?


Please rate from 0 to 100 on the scale
below, where

  0 =             and            100 = 
 ""not at all""                    ""most possible""",rew-eff-first,CR,0
sub_68505,859,89,postBlock1,0,2,"During the last block, how much did you
FEEL A SENSE OF ACHIEVEMENT when you
sucessfully hit the required power level?


Please rate from 0 to 100 on the scale
below, where

  0 =             and            100 = 
 ""not at all""                    ""most possible""",rew-eff-first,CR,0
sub_68505,860,91,postBlock2,0,2,"During the last block, how much did you
FEEL A SENSE OF ACHIEVEMENT when you
sucessfully hit the required power level?


Please rate from 0 to 100 on the scale
below, where

  0 =             and            100 = 
 ""not at all""                    ""most possible""",rew-eff-first,CR,0
sub_68505,861,2,postBlock0,0,3,"During the last block, how much did you
FEEL BORED?
Please rate from 0 to 100 on the scale
below, where

  0 =             and            100 = 
 ""not at all""                    ""most possible""",rew-eff-first,CR,0
sub_68505,862,4,postBlock1,0,3,"During the last block, how much did you
FEEL BORED?
Please rate from 0 to 100 on the scale
below, where

  0 =             and            100 = 
 ""not at all""                    ""most possible""",rew-eff-first,CR,0
sub_68505,863,1,postBlock3,0,3,"During the last block, how much did you
FEEL BORED?
Please rate from 0 to 100 on the scale
below, where

  0 =             and            100 = 
 ""not at all""                    ""most possible""",rew-eff-first,CR,0
sub_68505,864,4,postBlock2,0,3,"During the last block, how much did you
FEEL BORED?
Please rate from 0 to 100 on the scale
below, where

  0 =             and            100 = 
 ""not at all""                    ""most possible""",rew-eff-first,CR,0
sub_21248,865,90,postBlock3,0,1,"During the last block, how much did you
FEEL PLEASED
when you collected the coins?


Please rate from 0 to 100 on the scale
below, where

  0 =             and            100 = 
 ""not at all""                    ""most possible""",causal-attr-first,BA,0
sub_21248,866,100,postBlock1,0,1,"During the last block, how much did you
FEEL PLEASED
when you collected the coins?


Please rate from 0 to 100 on the scale
below, where

  0 =             and            100 = 
 ""not at all""                    ""most possible""",causal-attr-first,BA,0
sub_21248,867,100,postBlock2,0,1,"During the last block, how much did you
FEEL PLEASED
when you collected the coins?


Please rate from 0 to 100 on the scale
below, where

  0 =             and            100 = 
 ""not at all""                    ""most possible""",causal-attr-first,BA,0
sub_21248,868,100,postBlock0,0,1,"During the last block, how much did you
FEEL PLEASED
when you collected the coins?


Please rate from 0 to 100 on the scale
below, where

  0 =             and            100 = 
 ""not at all""                    ""most possible""",causal-attr-first,BA,0
sub_21248,869,100,postBlock0,0,2,"During the last block, how much did you
FEEL A SENSE OF ACHIEVEMENT when you
sucessfully hit the required power level?


Please rate from 0 to 100 on the scale
below, where

  0 =             and            100 = 
 ""not at all""                    ""most possible""",causal-attr-first,BA,0
sub_21248,870,90,postBlock3,0,2,"During the last block, how much did you
FEEL A SENSE OF ACHIEVEMENT when you
sucessfully hit the required power level?


Please rate from 0 to 100 on the scale
below, where

  0 =             and            100 = 
 ""not at all""                    ""most possible""",causal-attr-first,BA,0
sub_21248,871,100,postBlock1,0,2,"During the last block, how much did you
FEEL A SENSE OF ACHIEVEMENT when you
sucessfully hit the required power level?


Please rate from 0 to 100 on the scale
below, where

  0 =             and            100 = 
 ""not at all""                    ""most possible""",causal-attr-first,BA,0
sub_21248,872,100,postBlock2,0,2,"During the last block, how much did you
FEEL A SENSE OF ACHIEVEMENT when you
sucessfully hit the required power level?


Please rate from 0 to 100 on the scale
below, where

  0 =             and            100 = 
 ""not at all""                    ""most possible""",causal-attr-first,BA,0
sub_21248,873,20,postBlock0,0,3,"During the last block, how much did you
FEEL BORED?
Please rate from 0 to 100 on the scale
below, where

  0 =             and            100 = 
 ""not at all""                    ""most possible""",causal-attr-first,BA,0
sub_21248,874,30,postBlock1,0,3,"During the last block, how much did you
FEEL BORED?
Please rate from 0 to 100 on the scale
below, where

  0 =             and            100 = 
 ""not at all""                    ""most possible""",causal-attr-first,BA,0
sub_21248,875,50,postBlock3,0,3,"During the last block, how much did you
FEEL BORED?
Please rate from 0 to 100 on the scale
below, where

  0 =             and            100 = 
 ""not at all""                    ""most possible""",causal-attr-first,BA,0
sub_21248,876,40,postBlock2,0,3,"During the last block, how much did you
FEEL BORED?
Please rate from 0 to 100 on the scale
below, where

  0 =             and            100 = 
 ""not at all""                    ""most possible""",causal-attr-first,BA,0
sub_73010,877,99,postBlock3,0,1,"During the last block, how much did you
FEEL PLEASED
when you collected the coins?


Please rate from 0 to 100 on the scale
below, where

  0 =             and            100 = 
 ""not at all""                    ""most possible""",causal-attr-first,BA,0
sub_73010,878,100,postBlock1,0,1,"During the last block, how much did you
FEEL PLEASED
when you collected the coins?


Please rate from 0 to 100 on the scale
below, where

  0 =             and            100 = 
 ""not at all""                    ""most possible""",causal-attr-first,BA,0
sub_73010,879,97,postBlock2,0,1,"During the last block, how much did you
FEEL PLEASED
when you collected the coins?


Please rate from 0 to 100 on the scale
below, where

  0 =             and            100 = 
 ""not at all""                    ""most possible""",causal-attr-first,BA,0
sub_73010,880,100,postBlock0,0,1,"During the last block, how much did you
FEEL PLEASED
when you collected the coins?


Please rate from 0 to 100 on the scale
below, where

  0 =             and            100 = 
 ""not at all""                    ""most possible""",causal-attr-first,BA,0
sub_73010,881,98,postBlock0,0,2,"During the last block, how much did you
FEEL A SENSE OF ACHIEVEMENT when you
sucessfully hit the required power level?


Please rate from 0 to 100 on the scale
below, where

  0 =             and            100 = 
 ""not at all""                    ""most possible""",causal-attr-first,BA,0
sub_73010,882,97,postBlock3,0,2,"During the last block, how much did you
FEEL A SENSE OF ACHIEVEMENT when you
sucessfully hit the required power level?


Please rate from 0 to 100 on the scale
below, where

  0 =             and            100 = 
 ""not at all""                    ""most possible""",causal-attr-first,BA,0
sub_73010,883,100,postBlock1,0,2,"During the last block, how much did you
FEEL A SENSE OF ACHIEVEMENT when you
sucessfully hit the required power level?


Please rate from 0 to 100 on the scale
below, where

  0 =             and            100 = 
 ""not at all""                    ""most possible""",causal-attr-first,BA,0
sub_73010,884,97,postBlock2,0,2,"During the last block, how much did you
FEEL A SENSE OF ACHIEVEMENT when you
sucessfully hit the required power level?


Please rate from 0 to 100 on the scale
below, where

  0 =             and            100 = 
 ""not at all""                    ""most possible""",causal-attr-first,BA,0
sub_73010,885,1,postBlock0,0,3,"During the last block, how much did you
FEEL BORED?
Please rate from 0 to 100 on the scale
below, where

  0 =             and            100 = 
 ""not at all""                    ""most possible""",causal-attr-first,BA,0
sub_73010,886,3,postBlock1,0,3,"During the last block, how much did you
FEEL BORED?
Please rate from 0 to 100 on the scale
below, where

  0 =             and            100 = 
 ""not at all""                    ""most possible""",causal-attr-first,BA,0
sub_73010,887,2,postBlock3,0,3,"During the last block, how much did you
FEEL BORED?
Please rate from 0 to 100 on the scale
below, where

  0 =             and            100 = 
 ""not at all""                    ""most possible""",causal-attr-first,BA,0
sub_73010,888,1,postBlock2,0,3,"During the last block, how much did you
FEEL BORED?
Please rate from 0 to 100 on the scale
below, where

  0 =             and            100 = 
 ""not at all""                    ""most possible""",causal-attr-first,BA,0
sub_87689,889,76,postBlock3,0,1,"During the last block, how much did you
FEEL PLEASED
when you collected the coins?


Please rate from 0 to 100 on the scale
below, where

  0 =             and            100 = 
 ""not at all""                    ""most possible""",rew-eff-first,BA,0
sub_87689,890,74,postBlock1,0,1,"During the last block, how much did you
FEEL PLEASED
when you collected the coins?


Please rate from 0 to 100 on the scale
below, where

  0 =             and            100 = 
 ""not at all""                    ""most possible""",rew-eff-first,BA,0
sub_87689,891,77,postBlock2,0,1,"During the last block, how much did you
FEEL PLEASED
when you collected the coins?


Please rate from 0 to 100 on the scale
below, where

  0 =             and            100 = 
 ""not at all""                    ""most possible""",rew-eff-first,BA,0
sub_87689,892,72,postBlock0,0,1,"During the last block, how much did you
FEEL PLEASED
when you collected the coins?


Please rate from 0 to 100 on the scale
below, where

  0 =             and            100 = 
 ""not at all""                    ""most possible""",rew-eff-first,BA,0
sub_87689,893,68,postBlock0,0,2,"During the last block, how much did you
FEEL A SENSE OF ACHIEVEMENT when you
sucessfully hit the required power level?


Please rate from 0 to 100 on the scale
below, where

  0 =             and            100 = 
 ""not at all""                    ""most possible""",rew-eff-first,BA,0
sub_87689,894,72,postBlock3,0,2,"During the last block, how much did you
FEEL A SENSE OF ACHIEVEMENT when you
sucessfully hit the required power level?


Please rate from 0 to 100 on the scale
below, where

  0 =             and            100 = 
 ""not at all""                    ""most possible""",rew-eff-first,BA,0
sub_87689,895,71,postBlock1,0,2,"During the last block, how much did you
FEEL A SENSE OF ACHIEVEMENT when you
sucessfully hit the required power level?


Please rate from 0 to 100 on the scale
below, where

  0 =             and            100 = 
 ""not at all""                    ""most possible""",rew-eff-first,BA,0
sub_87689,896,65,postBlock2,0,2,"During the last block, how much did you
FEEL A SENSE OF ACHIEVEMENT when you
sucessfully hit the required power level?


Please rate from 0 to 100 on the scale
below, where

  0 =             and            100 = 
 ""not at all""                    ""most possible""",rew-eff-first,BA,0
sub_87689,897,54,postBlock0,0,3,"During the last block, how much did you
FEEL BORED?
Please rate from 0 to 100 on the scale
below, where

  0 =             and            100 = 
 ""not at all""                    ""most possible""",rew-eff-first,BA,0
sub_87689,898,52,postBlock1,0,3,"During the last block, how much did you
FEEL BORED?
Please rate from 0 to 100 on the scale
below, where

  0 =             and            100 = 
 ""not at all""                    ""most possible""",rew-eff-first,BA,0
sub_87689,899,44,postBlock3,0,3,"During the last block, how much did you
FEEL BORED?
Please rate from 0 to 100 on the scale
below, where

  0 =             and            100 = 
 ""not at all""                    ""most possible""",rew-eff-first,BA,0
sub_87689,900,37,postBlock2,0,3,"During the last block, how much did you
FEEL BORED?
Please rate from 0 to 100 on the scale
below, where

  0 =             and            100 = 
 ""not at all""                    ""most possible""",rew-eff-first,BA,0
sub_26100,901,79,postBlock3,0,1,"During the last block, how much did you
FEEL PLEASED
when you collected the coins?


Please rate from 0 to 100 on the scale
below, where

  0 =             and            100 = 
 ""not at all""                    ""most possible""",rew-eff-first,BA,0
sub_26100,902,81,postBlock1,0,1,"During the last block, how much did you
FEEL PLEASED
when you collected the coins?


Please rate from 0 to 100 on the scale
below, where

  0 =             and            100 = 
 ""not at all""                    ""most possible""",rew-eff-first,BA,0
sub_26100,903,92,postBlock2,0,1,"During the last block, how much did you
FEEL PLEASED
when you collected the coins?


Please rate from 0 to 100 on the scale
below, where

  0 =             and            100 = 
 ""not at all""                    ""most possible""",rew-eff-first,BA,0
sub_26100,904,92,postBlock0,0,1,"During the last block, how much did you
FEEL PLEASED
when you collected the coins?


Please rate from 0 to 100 on the scale
below, where

  0 =             and            100 = 
 ""not at all""                    ""most possible""",rew-eff-first,BA,0
sub_26100,905,97,postBlock0,0,2,"During the last block, how much did you
FEEL A SENSE OF ACHIEVEMENT when you
sucessfully hit the required power level?


Please rate from 0 to 100 on the scale
below, where

  0 =             and            100 = 
 ""not at all""                    ""most possible""",rew-eff-first,BA,0
sub_26100,906,78,postBlock3,0,2,"During the last block, how much did you
FEEL A SENSE OF ACHIEVEMENT when you
sucessfully hit the required power level?


Please rate from 0 to 100 on the scale
below, where

  0 =             and            100 = 
 ""not at all""                    ""most possible""",rew-eff-first,BA,0
sub_26100,907,76,postBlock1,0,2,"During the last block, how much did you
FEEL A SENSE OF ACHIEVEMENT when you
sucessfully hit the required power level?


Please rate from 0 to 100 on the scale
below, where

  0 =             and            100 = 
 ""not at all""                    ""most possible""",rew-eff-first,BA,0
sub_26100,908,93,postBlock2,0,2,"During the last block, how much did you
FEEL A SENSE OF ACHIEVEMENT when you
sucessfully hit the required power level?


Please rate from 0 to 100 on the scale
below, where

  0 =             and            100 = 
 ""not at all""                    ""most possible""",rew-eff-first,BA,0
sub_26100,909,19,postBlock0,0,3,"During the last block, how much did you
FEEL BORED?
Please rate from 0 to 100 on the scale
below, where

  0 =             and            100 = 
 ""not at all""                    ""most possible""",rew-eff-first,BA,0
sub_26100,910,29,postBlock1,0,3,"During the last block, how much did you
FEEL BORED?
Please rate from 0 to 100 on the scale
below, where

  0 =             and            100 = 
 ""not at all""                    ""most possible""",rew-eff-first,BA,0
sub_26100,911,34,postBlock3,0,3,"During the last block, how much did you
FEEL BORED?
Please rate from 0 to 100 on the scale
below, where

  0 =             and            100 = 
 ""not at all""                    ""most possible""",rew-eff-first,BA,0
sub_26100,912,10,postBlock2,0,3,"During the last block, how much did you
FEEL BORED?
Please rate from 0 to 100 on the scale
below, where

  0 =             and            100 = 
 ""not at all""                    ""most possible""",rew-eff-first,BA,0
sub_20421,913,98,postBlock3,0,1,"During the last block, how much did you
FEEL PLEASED
when you collected the coins?


Please rate from 0 to 100 on the scale
below, where

  0 =             and            100 = 
 ""not at all""                    ""most possible""",rew-eff-first,CR,0
sub_20421,914,99,postBlock1,0,1,"During the last block, how much did you
FEEL PLEASED
when you collected the coins?


Please rate from 0 to 100 on the scale
below, where

  0 =             and            100 = 
 ""not at all""                    ""most possible""",rew-eff-first,CR,0
sub_20421,915,96,postBlock2,0,1,"During the last block, how much did you
FEEL PLEASED
when you collected the coins?


Please rate from 0 to 100 on the scale
below, where

  0 =             and            100 = 
 ""not at all""                    ""most possible""",rew-eff-first,CR,0
sub_20421,916,80,postBlock0,0,1,"During the last block, how much did you
FEEL PLEASED
when you collected the coins?


Please rate from 0 to 100 on the scale
below, where

  0 =             and            100 = 
 ""not at all""                    ""most possible""",rew-eff-first,CR,0
sub_20421,917,100,postBlock0,0,2,"During the last block, how much did you
FEEL A SENSE OF ACHIEVEMENT when you
sucessfully hit the required power level?


Please rate from 0 to 100 on the scale
below, where

  0 =             and            100 = 
 ""not at all""                    ""most possible""",rew-eff-first,CR,0
sub_20421,918,88,postBlock3,0,2,"During the last block, how much did you
FEEL A SENSE OF ACHIEVEMENT when you
sucessfully hit the required power level?


Please rate from 0 to 100 on the scale
below, where

  0 =             and            100 = 
 ""not at all""                    ""most possible""",rew-eff-first,CR,0
sub_20421,919,99,postBlock1,0,2,"During the last block, how much did you
FEEL A SENSE OF ACHIEVEMENT when you
sucessfully hit the required power level?


Please rate from 0 to 100 on the scale
below, where

  0 =             and            100 = 
 ""not at all""                    ""most possible""",rew-eff-first,CR,0
sub_20421,920,98,postBlock2,0,2,"During the last block, how much did you
FEEL A SENSE OF ACHIEVEMENT when you
sucessfully hit the required power level?


Please rate from 0 to 100 on the scale
below, where

  0 =             and            100 = 
 ""not at all""                    ""most possible""",rew-eff-first,CR,0
sub_20421,921,40,postBlock0,0,3,"During the last block, how much did you
FEEL BORED?
Please rate from 0 to 100 on the scale
below, where

  0 =             and            100 = 
 ""not at all""                    ""most possible""",rew-eff-first,CR,0
sub_20421,922,17,postBlock1,0,3,"During the last block, how much did you
FEEL BORED?
Please rate from 0 to 100 on the scale
below, where

  0 =             and            100 = 
 ""not at all""                    ""most possible""",rew-eff-first,CR,0
sub_20421,923,35,postBlock3,0,3,"During the last block, how much did you
FEEL BORED?
Please rate from 0 to 100 on the scale
below, where

  0 =             and            100 = 
 ""not at all""                    ""most possible""",rew-eff-first,CR,0
sub_20421,924,22,postBlock2,0,3,"During the last block, how much did you
FEEL BORED?
Please rate from 0 to 100 on the scale
below, where

  0 =             and            100 = 
 ""not at all""                    ""most possible""",rew-eff-first,CR,0
sub_76686,925,100,postBlock3,0,1,"During the last block, how much did you
FEEL PLEASED
when you collected the coins?


Please rate from 0 to 100 on the scale
below, where

  0 =             and            100 = 
 ""not at all""                    ""most possible""",causal-attr-first,BA,0
sub_76686,926,100,postBlock1,0,1,"During the last block, how much did you
FEEL PLEASED
when you collected the coins?


Please rate from 0 to 100 on the scale
below, where

  0 =             and            100 = 
 ""not at all""                    ""most possible""",causal-attr-first,BA,0
sub_76686,927,100,postBlock2,0,1,"During the last block, how much did you
FEEL PLEASED
when you collected the coins?


Please rate from 0 to 100 on the scale
below, where

  0 =             and            100 = 
 ""not at all""                    ""most possible""",causal-attr-first,BA,0
sub_76686,928,99,postBlock0,0,1,"During the last block, how much did you
FEEL PLEASED
when you collected the coins?


Please rate from 0 to 100 on the scale
below, where

  0 =             and            100 = 
 ""not at all""                    ""most possible""",causal-attr-first,BA,0
sub_76686,929,100,postBlock0,0,2,"During the last block, how much did you
FEEL A SENSE OF ACHIEVEMENT when you
sucessfully hit the required power level?


Please rate from 0 to 100 on the scale
below, where

  0 =             and            100 = 
 ""not at all""                    ""most possible""",causal-attr-first,BA,0
sub_76686,930,100,postBlock3,0,2,"During the last block, how much did you
FEEL A SENSE OF ACHIEVEMENT when you
sucessfully hit the required power level?


Please rate from 0 to 100 on the scale
below, where

  0 =             and            100 = 
 ""not at all""                    ""most possible""",causal-attr-first,BA,0
sub_76686,931,100,postBlock1,0,2,"During the last block, how much did you
FEEL A SENSE OF ACHIEVEMENT when you
sucessfully hit the required power level?


Please rate from 0 to 100 on the scale
below, where

  0 =             and            100 = 
 ""not at all""                    ""most possible""",causal-attr-first,BA,0
sub_76686,932,100,postBlock2,0,2,"During the last block, how much did you
FEEL A SENSE OF ACHIEVEMENT when you
sucessfully hit the required power level?


Please rate from 0 to 100 on the scale
below, where

  0 =             and            100 = 
 ""not at all""                    ""most possible""",causal-attr-first,BA,0
sub_76686,933,99,postBlock0,0,3,"During the last block, how much did you
FEEL BORED?
Please rate from 0 to 100 on the scale
below, where

  0 =             and            100 = 
 ""not at all""                    ""most possible""",causal-attr-first,BA,0
sub_76686,934,60,postBlock1,0,3,"During the last block, how much did you
FEEL BORED?
Please rate from 0 to 100 on the scale
below, where

  0 =             and            100 = 
 ""not at all""                    ""most possible""",causal-attr-first,BA,0
sub_76686,935,36,postBlock3,0,3,"During the last block, how much did you
FEEL BORED?
Please rate from 0 to 100 on the scale
below, where

  0 =             and            100 = 
 ""not at all""                    ""most possible""",causal-attr-first,BA,0
sub_76686,936,100,postBlock2,0,3,"During the last block, how much did you
FEEL BORED?
Please rate from 0 to 100 on the scale
below, where

  0 =             and            100 = 
 ""not at all""                    ""most possible""",causal-attr-first,BA,0
sub_62716,937,100,postBlock3,0,1,"During the last block, how much did you
FEEL PLEASED
when you collected the coins?


Please rate from 0 to 100 on the scale
below, where

  0 =             and            100 = 
 ""not at all""                    ""most possible""",rew-eff-first,CR,0
sub_62716,938,100,postBlock1,0,1,"During the last block, how much did you
FEEL PLEASED
when you collected the coins?


Please rate from 0 to 100 on the scale
below, where

  0 =             and            100 = 
 ""not at all""                    ""most possible""",rew-eff-first,CR,0
sub_62716,939,100,postBlock2,0,1,"During the last block, how much did you
FEEL PLEASED
when you collected the coins?


Please rate from 0 to 100 on the scale
below, where

  0 =             and            100 = 
 ""not at all""                    ""most possible""",rew-eff-first,CR,0
sub_62716,940,100,postBlock0,0,1,"During the last block, how much did you
FEEL PLEASED
when you collected the coins?


Please rate from 0 to 100 on the scale
below, where

  0 =             and            100 = 
 ""not at all""                    ""most possible""",rew-eff-first,CR,0
sub_62716,941,99,postBlock0,0,2,"During the last block, how much did you
FEEL A SENSE OF ACHIEVEMENT when you
sucessfully hit the required power level?


Please rate from 0 to 100 on the scale
below, where

  0 =             and            100 = 
 ""not at all""                    ""most possible""",rew-eff-first,CR,0
sub_62716,942,100,postBlock3,0,2,"During the last block, how much did you
FEEL A SENSE OF ACHIEVEMENT when you
sucessfully hit the required power level?


Please rate from 0 to 100 on the scale
below, where

  0 =             and            100 = 
 ""not at all""                    ""most possible""",rew-eff-first,CR,0
sub_62716,943,100,postBlock1,0,2,"During the last block, how much did you
FEEL A SENSE OF ACHIEVEMENT when you
sucessfully hit the required power level?


Please rate from 0 to 100 on the scale
below, where

  0 =             and            100 = 
 ""not at all""                    ""most possible""",rew-eff-first,CR,0
sub_62716,944,100,postBlock2,0,2,"During the last block, how much did you
FEEL A SENSE OF ACHIEVEMENT when you
sucessfully hit the required power level?


Please rate from 0 to 100 on the scale
below, where

  0 =             and            100 = 
 ""not at all""                    ""most possible""",rew-eff-first,CR,0
sub_62716,945,10,postBlock0,0,3,"During the last block, how much did you
FEEL BORED?
Please rate from 0 to 100 on the scale
below, where

  0 =             and            100 = 
 ""not at all""                    ""most possible""",rew-eff-first,CR,0
sub_62716,946,10,postBlock1,0,3,"During the last block, how much did you
FEEL BORED?
Please rate from 0 to 100 on the scale
below, where

  0 =             and            100 = 
 ""not at all""                    ""most possible""",rew-eff-first,CR,0
sub_62716,947,10,postBlock3,0,3,"During the last block, how much did you
FEEL BORED?
Please rate from 0 to 100 on the scale
below, where

  0 =             and            100 = 
 ""not at all""                    ""most possible""",rew-eff-first,CR,0
sub_62716,948,10,postBlock2,0,3,"During the last block, how much did you
FEEL BORED?
Please rate from 0 to 100 on the scale
below, where

  0 =             and            100 = 
 ""not at all""                    ""most possible""",rew-eff-first,CR,0
sub_67011,949,90,postBlock3,0,1,"During the last block, how much did you
FEEL PLEASED
when you collected the coins?


Please rate from 0 to 100 on the scale
below, where

  0 =             and            100 = 
 ""not at all""                    ""most possible""",causal-attr-first,BA,0
sub_67011,950,86,postBlock1,0,1,"During the last block, how much did you
FEEL PLEASED
when you collected the coins?


Please rate from 0 to 100 on the scale
below, where

  0 =             and            100 = 
 ""not at all""                    ""most possible""",causal-attr-first,BA,0
sub_67011,951,93,postBlock2,0,1,"During the last block, how much did you
FEEL PLEASED
when you collected the coins?


Please rate from 0 to 100 on the scale
below, where

  0 =             and            100 = 
 ""not at all""                    ""most possible""",causal-attr-first,BA,0
sub_67011,952,92,postBlock0,0,1,"During the last block, how much did you
FEEL PLEASED
when you collected the coins?


Please rate from 0 to 100 on the scale
below, where

  0 =             and            100 = 
 ""not at all""                    ""most possible""",causal-attr-first,BA,0
sub_67011,953,80,postBlock0,0,2,"During the last block, how much did you
FEEL A SENSE OF ACHIEVEMENT when you
sucessfully hit the required power level?


Please rate from 0 to 100 on the scale
below, where

  0 =             and            100 = 
 ""not at all""                    ""most possible""",causal-attr-first,BA,0
sub_67011,954,85,postBlock3,0,2,"During the last block, how much did you
FEEL A SENSE OF ACHIEVEMENT when you
sucessfully hit the required power level?


Please rate from 0 to 100 on the scale
below, where

  0 =             and            100 = 
 ""not at all""                    ""most possible""",causal-attr-first,BA,0
sub_67011,955,91,postBlock1,0,2,"During the last block, how much did you
FEEL A SENSE OF ACHIEVEMENT when you
sucessfully hit the required power level?


Please rate from 0 to 100 on the scale
below, where

  0 =             and            100 = 
 ""not at all""                    ""most possible""",causal-attr-first,BA,0
sub_67011,956,91,postBlock2,0,2,"During the last block, how much did you
FEEL A SENSE OF ACHIEVEMENT when you
sucessfully hit the required power level?


Please rate from 0 to 100 on the scale
below, where

  0 =             and            100 = 
 ""not at all""                    ""most possible""",causal-attr-first,BA,0
sub_67011,957,25,postBlock0,0,3,"During the last block, how much did you
FEEL BORED?
Please rate from 0 to 100 on the scale
below, where

  0 =             and            100 = 
 ""not at all""                    ""most possible""",causal-attr-first,BA,0
sub_67011,958,9,postBlock1,0,3,"During the last block, how much did you
FEEL BORED?
Please rate from 0 to 100 on the scale
below, where

  0 =             and            100 = 
 ""not at all""                    ""most possible""",causal-attr-first,BA,0
sub_67011,959,17,postBlock3,0,3,"During the last block, how much did you
FEEL BORED?
Please rate from 0 to 100 on the scale
below, where

  0 =             and            100 = 
 ""not at all""                    ""most possible""",causal-attr-first,BA,0
sub_67011,960,12,postBlock2,0,3,"During the last block, how much did you
FEEL BORED?
Please rate from 0 to 100 on the scale
below, where

  0 =             and            100 = 
 ""not at all""                    ""most possible""",causal-attr-first,BA,0
sub_46794,961,65,postBlock3,0,1,"During the last block, how much did you
FEEL PLEASED
when you collected the coins?


Please rate from 0 to 100 on the scale
below, where

  0 =             and            100 = 
 ""not at all""                    ""most possible""",causal-attr-first,BA,0
sub_46794,962,98,postBlock1,0,1,"During the last block, how much did you
FEEL PLEASED
when you collected the coins?


Please rate from 0 to 100 on the scale
below, where

  0 =             and            100 = 
 ""not at all""                    ""most possible""",causal-attr-first,BA,0
sub_46794,963,99,postBlock2,0,1,"During the last block, how much did you
FEEL PLEASED
when you collected the coins?


Please rate from 0 to 100 on the scale
below, where

  0 =             and            100 = 
 ""not at all""                    ""most possible""",causal-attr-first,BA,0
sub_46794,964,99,postBlock0,0,1,"During the last block, how much did you
FEEL PLEASED
when you collected the coins?


Please rate from 0 to 100 on the scale
below, where

  0 =             and            100 = 
 ""not at all""                    ""most possible""",causal-attr-first,BA,0
sub_46794,965,98,postBlock0,0,2,"During the last block, how much did you
FEEL A SENSE OF ACHIEVEMENT when you
sucessfully hit the required power level?


Please rate from 0 to 100 on the scale
below, where

  0 =             and            100 = 
 ""not at all""                    ""most possible""",causal-attr-first,BA,0
sub_46794,966,73,postBlock3,0,2,"During the last block, how much did you
FEEL A SENSE OF ACHIEVEMENT when you
sucessfully hit the required power level?


Please rate from 0 to 100 on the scale
below, where

  0 =             and            100 = 
 ""not at all""                    ""most possible""",causal-attr-first,BA,0
sub_46794,967,99,postBlock1,0,2,"During the last block, how much did you
FEEL A SENSE OF ACHIEVEMENT when you
sucessfully hit the required power level?


Please rate from 0 to 100 on the scale
below, where

  0 =             and            100 = 
 ""not at all""                    ""most possible""",causal-attr-first,BA,0
sub_46794,968,98,postBlock2,0,2,"During the last block, how much did you
FEEL A SENSE OF ACHIEVEMENT when you
sucessfully hit the required power level?


Please rate from 0 to 100 on the scale
below, where

  0 =             and            100 = 
 ""not at all""                    ""most possible""",causal-attr-first,BA,0
sub_46794,969,75,postBlock0,0,3,"During the last block, how much did you
FEEL BORED?
Please rate from 0 to 100 on the scale
below, where

  0 =             and            100 = 
 ""not at all""                    ""most possible""",causal-attr-first,BA,0
sub_46794,970,69,postBlock1,0,3,"During the last block, how much did you
FEEL BORED?
Please rate from 0 to 100 on the scale
below, where

  0 =             and            100 = 
 ""not at all""                    ""most possible""",causal-attr-first,BA,0
sub_46794,971,58,postBlock3,0,3,"During the last block, how much did you
FEEL BORED?
Please rate from 0 to 100 on the scale
below, where

  0 =             and            100 = 
 ""not at all""                    ""most possible""",causal-attr-first,BA,0
sub_46794,972,41,postBlock2,0,3,"During the last block, how much did you
FEEL BORED?
Please rate from 0 to 100 on the scale
below, where

  0 =             and            100 = 
 ""not at all""                    ""most possible""",causal-attr-first,BA,0
sub_23853,973,100,postBlock3,0,1,"During the last block, how much did you
FEEL PLEASED
when you collected the coins?


Please rate from 0 to 100 on the scale
below, where

  0 =             and            100 = 
 ""not at all""                    ""most possible""",causal-attr-first,CR,0
sub_23853,974,98,postBlock1,0,1,"During the last block, how much did you
FEEL PLEASED
when you collected the coins?


Please rate from 0 to 100 on the scale
below, where

  0 =             and            100 = 
 ""not at all""                    ""most possible""",causal-attr-first,CR,0
sub_23853,975,98,postBlock2,0,1,"During the last block, how much did you
FEEL PLEASED
when you collected the coins?


Please rate from 0 to 100 on the scale
below, where

  0 =             and            100 = 
 ""not at all""                    ""most possible""",causal-attr-first,CR,0
sub_23853,976,96,postBlock0,0,1,"During the last block, how much did you
FEEL PLEASED
when you collected the coins?


Please rate from 0 to 100 on the scale
below, where

  0 =             and            100 = 
 ""not at all""                    ""most possible""",causal-attr-first,CR,0
sub_23853,977,100,postBlock0,0,2,"During the last block, how much did you
FEEL A SENSE OF ACHIEVEMENT when you
sucessfully hit the required power level?


Please rate from 0 to 100 on the scale
below, where

  0 =             and            100 = 
 ""not at all""                    ""most possible""",causal-attr-first,CR,0
sub_23853,978,100,postBlock3,0,2,"During the last block, how much did you
FEEL A SENSE OF ACHIEVEMENT when you
sucessfully hit the required power level?


Please rate from 0 to 100 on the scale
below, where

  0 =             and            100 = 
 ""not at all""                    ""most possible""",causal-attr-first,CR,0
sub_23853,979,99,postBlock1,0,2,"During the last block, how much did you
FEEL A SENSE OF ACHIEVEMENT when you
sucessfully hit the required power level?


Please rate from 0 to 100 on the scale
below, where

  0 =             and            100 = 
 ""not at all""                    ""most possible""",causal-attr-first,CR,0
sub_23853,980,97,postBlock2,0,2,"During the last block, how much did you
FEEL A SENSE OF ACHIEVEMENT when you
sucessfully hit the required power level?


Please rate from 0 to 100 on the scale
below, where

  0 =             and            100 = 
 ""not at all""                    ""most possible""",causal-attr-first,CR,0
sub_23853,981,2,postBlock0,0,3,"During the last block, how much did you
FEEL BORED?
Please rate from 0 to 100 on the scale
below, where

  0 =             and            100 = 
 ""not at all""                    ""most possible""",causal-attr-first,CR,0
sub_23853,982,1,postBlock1,0,3,"During the last block, how much did you
FEEL BORED?
Please rate from 0 to 100 on the scale
below, where

  0 =             and            100 = 
 ""not at all""                    ""most possible""",causal-attr-first,CR,0
sub_23853,983,7,postBlock3,0,3,"During the last block, how much did you
FEEL BORED?
Please rate from 0 to 100 on the scale
below, where

  0 =             and            100 = 
 ""not at all""                    ""most possible""",causal-attr-first,CR,0
sub_23853,984,0,postBlock2,0,3,"During the last block, how much did you
FEEL BORED?
Please rate from 0 to 100 on the scale
below, where

  0 =             and            100 = 
 ""not at all""                    ""most possible""",causal-attr-first,CR,0
sub_85338,985,62,postBlock3,0,1,"During the last block, how much did you
FEEL PLEASED
when you collected the coins?


Please rate from 0 to 100 on the scale
below, where

  0 =             and            100 = 
 ""not at all""                    ""most possible""",rew-eff-first,BA,0
sub_85338,986,55,postBlock1,0,1,"During the last block, how much did you
FEEL PLEASED
when you collected the coins?


Please rate from 0 to 100 on the scale
below, where

  0 =             and            100 = 
 ""not at all""                    ""most possible""",rew-eff-first,BA,0
sub_85338,987,54,postBlock2,0,1,"During the last block, how much did you
FEEL PLEASED
when you collected the coins?


Please rate from 0 to 100 on the scale
below, where

  0 =             and            100 = 
 ""not at all""                    ""most possible""",rew-eff-first,BA,0
sub_85338,988,64,postBlock0,0,1,"During the last block, how much did you
FEEL PLEASED
when you collected the coins?


Please rate from 0 to 100 on the scale
below, where

  0 =             and            100 = 
 ""not at all""                    ""most possible""",rew-eff-first,BA,0
sub_85338,989,52,postBlock0,0,2,"During the last block, how much did you
FEEL A SENSE OF ACHIEVEMENT when you
sucessfully hit the required power level?


Please rate from 0 to 100 on the scale
below, where

  0 =             and            100 = 
 ""not at all""                    ""most possible""",rew-eff-first,BA,0
sub_85338,990,64,postBlock3,0,2,"During the last block, how much did you
FEEL A SENSE OF ACHIEVEMENT when you
sucessfully hit the required power level?


Please rate from 0 to 100 on the scale
below, where

  0 =             and            100 = 
 ""not at all""                    ""most possible""",rew-eff-first,BA,0
sub_85338,991,44,postBlock1,0,2,"During the last block, how much did you
FEEL A SENSE OF ACHIEVEMENT when you
sucessfully hit the required power level?


Please rate from 0 to 100 on the scale
below, where

  0 =             and            100 = 
 ""not at all""                    ""most possible""",rew-eff-first,BA,0
sub_85338,992,60,postBlock2,0,2,"During the last block, how much did you
FEEL A SENSE OF ACHIEVEMENT when you
sucessfully hit the required power level?


Please rate from 0 to 100 on the scale
below, where

  0 =             and            100 = 
 ""not at all""                    ""most possible""",rew-eff-first,BA,0
sub_85338,993,31,postBlock0,0,3,"During the last block, how much did you
FEEL BORED?
Please rate from 0 to 100 on the scale
below, where

  0 =             and            100 = 
 ""not at all""                    ""most possible""",rew-eff-first,BA,0
sub_85338,994,52,postBlock1,0,3,"During the last block, how much did you
FEEL BORED?
Please rate from 0 to 100 on the scale
below, where

  0 =             and            100 = 
 ""not at all""                    ""most possible""",rew-eff-first,BA,0
sub_85338,995,64,postBlock3,0,3,"During the last block, how much did you
FEEL BORED?
Please rate from 0 to 100 on the scale
below, where

  0 =             and            100 = 
 ""not at all""                    ""most possible""",rew-eff-first,BA,0
sub_85338,996,46,postBlock2,0,3,"During the last block, how much did you
FEEL BORED?
Please rate from 0 to 100 on the scale
below, where

  0 =             and            100 = 
 ""not at all""                    ""most possible""",rew-eff-first,BA,0
sub_71640,997,100,postBlock3,0,1,"During the last block, how much did you
FEEL PLEASED
when you collected the coins?


Please rate from 0 to 100 on the scale
below, where

  0 =             and            100 = 
 ""not at all""                    ""most possible""",causal-attr-first,CR,0
sub_71640,998,69,postBlock1,0,1,"During the last block, how much did you
FEEL PLEASED
when you collected the coins?


Please rate from 0 to 100 on the scale
below, where

  0 =             and            100 = 
 ""not at all""                    ""most possible""",causal-attr-first,CR,0
sub_71640,999,94,postBlock2,0,1,"During the last block, how much did you
FEEL PLEASED
when you collected the coins?


Please rate from 0 to 100 on the scale
below, where

  0 =             and            100 = 
 ""not at all""                    ""most possible""",causal-attr-first,CR,0
sub_71640,1000,96,postBlock0,0,1,"During the last block, how much did you
FEEL PLEASED
when you collected the coins?


Please rate from 0 to 100 on the scale
below, where

  0 =             and            100 = 
 ""not at all""                    ""most possible""",causal-attr-first,CR,0
sub_71640,1001,96,postBlock0,0,2,"During the last block, how much did you
FEEL A SENSE OF ACHIEVEMENT when you
sucessfully hit the required power level?


Please rate from 0 to 100 on the scale
below, where

  0 =             and            100 = 
 ""not at all""                    ""most possible""",causal-attr-first,CR,0
sub_71640,1002,100,postBlock3,0,2,"During the last block, how much did you
FEEL A SENSE OF ACHIEVEMENT when you
sucessfully hit the required power level?


Please rate from 0 to 100 on the scale
below, where

  0 =             and            100 = 
 ""not at all""                    ""most possible""",causal-attr-first,CR,0
sub_71640,1003,71,postBlock1,0,2,"During the last block, how much did you
FEEL A SENSE OF ACHIEVEMENT when you
sucessfully hit the required power level?


Please rate from 0 to 100 on the scale
below, where

  0 =             and            100 = 
 ""not at all""                    ""most possible""",causal-attr-first,CR,0
sub_71640,1004,97,postBlock2,0,2,"During the last block, how much did you
FEEL A SENSE OF ACHIEVEMENT when you
sucessfully hit the required power level?


Please rate from 0 to 100 on the scale
below, where

  0 =             and            100 = 
 ""not at all""                    ""most possible""",causal-attr-first,CR,0
sub_71640,1005,9,postBlock0,0,3,"During the last block, how much did you
FEEL BORED?
Please rate from 0 to 100 on the scale
below, where

  0 =             and            100 = 
 ""not at all""                    ""most possible""",causal-attr-first,CR,0
sub_71640,1006,28,postBlock1,0,3,"During the last block, how much did you
FEEL BORED?
Please rate from 0 to 100 on the scale
below, where

  0 =             and            100 = 
 ""not at all""                    ""most possible""",causal-attr-first,CR,0
sub_71640,1007,1,postBlock3,0,3,"During the last block, how much did you
FEEL BORED?
Please rate from 0 to 100 on the scale
below, where

  0 =             and            100 = 
 ""not at all""                    ""most possible""",causal-attr-first,CR,0
sub_71640,1008,13,postBlock2,0,3,"During the last block, how much did you
FEEL BORED?
Please rate from 0 to 100 on the scale
below, where

  0 =             and            100 = 
 ""not at all""                    ""most possible""",causal-attr-first,CR,0
sub_22349,1009,71,postBlock3,0,1,"During the last block, how much did you
FEEL PLEASED
when you collected the coins?


Please rate from 0 to 100 on the scale
below, where

  0 =             and            100 = 
 ""not at all""                    ""most possible""",rew-eff-first,BA,0
sub_22349,1010,80,postBlock1,0,1,"During the last block, how much did you
FEEL PLEASED
when you collected the coins?


Please rate from 0 to 100 on the scale
below, where

  0 =             and            100 = 
 ""not at all""                    ""most possible""",rew-eff-first,BA,0
sub_22349,1011,68,postBlock2,0,1,"During the last block, how much did you
FEEL PLEASED
when you collected the coins?


Please rate from 0 to 100 on the scale
below, where

  0 =             and            100 = 
 ""not at all""                    ""most possible""",rew-eff-first,BA,0
sub_22349,1012,80,postBlock0,0,1,"During the last block, how much did you
FEEL PLEASED
when you collected the coins?


Please rate from 0 to 100 on the scale
below, where

  0 =             and            100 = 
 ""not at all""                    ""most possible""",rew-eff-first,BA,0
sub_22349,1013,91,postBlock0,0,2,"During the last block, how much did you
FEEL A SENSE OF ACHIEVEMENT when you
sucessfully hit the required power level?


Please rate from 0 to 100 on the scale
below, where

  0 =             and            100 = 
 ""not at all""                    ""most possible""",rew-eff-first,BA,0
sub_22349,1014,71,postBlock3,0,2,"During the last block, how much did you
FEEL A SENSE OF ACHIEVEMENT when you
sucessfully hit the required power level?


Please rate from 0 to 100 on the scale
below, where

  0 =             and            100 = 
 ""not at all""                    ""most possible""",rew-eff-first,BA,0
sub_22349,1015,70,postBlock1,0,2,"During the last block, how much did you
FEEL A SENSE OF ACHIEVEMENT when you
sucessfully hit the required power level?


Please rate from 0 to 100 on the scale
below, where

  0 =             and            100 = 
 ""not at all""                    ""most possible""",rew-eff-first,BA,0
sub_22349,1016,60,postBlock2,0,2,"During the last block, how much did you
FEEL A SENSE OF ACHIEVEMENT when you
sucessfully hit the required power level?


Please rate from 0 to 100 on the scale
below, where

  0 =             and            100 = 
 ""not at all""                    ""most possible""",rew-eff-first,BA,0
sub_22349,1017,42,postBlock0,0,3,"During the last block, how much did you
FEEL BORED?
Please rate from 0 to 100 on the scale
below, where

  0 =             and            100 = 
 ""not at all""                    ""most possible""",rew-eff-first,BA,0
sub_22349,1018,59,postBlock1,0,3,"During the last block, how much did you
FEEL BORED?
Please rate from 0 to 100 on the scale
below, where

  0 =             and            100 = 
 ""not at all""                    ""most possible""",rew-eff-first,BA,0
sub_22349,1019,56,postBlock3,0,3,"During the last block, how much did you
FEEL BORED?
Please rate from 0 to 100 on the scale
below, where

  0 =             and            100 = 
 ""not at all""                    ""most possible""",rew-eff-first,BA,0
sub_22349,1020,59,postBlock2,0,3,"During the last block, how much did you
FEEL BORED?
Please rate from 0 to 100 on the scale
below, where

  0 =             and            100 = 
 ""not at all""                    ""most possible""",rew-eff-first,BA,0
sub_44782,1021,92,postBlock3,0,1,"During the last block, how much did you
FEEL PLEASED
when you collected the coins?


Please rate from 0 to 100 on the scale
below, where

  0 =             and            100 = 
 ""not at all""                    ""most possible""",rew-eff-first,BA,0
sub_44782,1022,87,postBlock1,0,1,"During the last block, how much did you
FEEL PLEASED
when you collected the coins?


Please rate from 0 to 100 on the scale
below, where

  0 =             and            100 = 
 ""not at all""                    ""most possible""",rew-eff-first,BA,0
sub_44782,1023,90,postBlock2,0,1,"During the last block, how much did you
FEEL PLEASED
when you collected the coins?


Please rate from 0 to 100 on the scale
below, where

  0 =             and            100 = 
 ""not at all""                    ""most possible""",rew-eff-first,BA,0
sub_44782,1024,86,postBlock0,0,1,"During the last block, how much did you
FEEL PLEASED
when you collected the coins?


Please rate from 0 to 100 on the scale
below, where

  0 =             and            100 = 
 ""not at all""                    ""most possible""",rew-eff-first,BA,0
sub_44782,1025,91,postBlock0,0,2,"During the last block, how much did you
FEEL A SENSE OF ACHIEVEMENT when you
sucessfully hit the required power level?


Please rate from 0 to 100 on the scale
below, where

  0 =             and            100 = 
 ""not at all""                    ""most possible""",rew-eff-first,BA,0
sub_44782,1026,87,postBlock3,0,2,"During the last block, how much did you
FEEL A SENSE OF ACHIEVEMENT when you
sucessfully hit the required power level?


Please rate from 0 to 100 on the scale
below, where

  0 =             and            100 = 
 ""not at all""                    ""most possible""",rew-eff-first,BA,0
sub_44782,1027,93,postBlock1,0,2,"During the last block, how much did you
FEEL A SENSE OF ACHIEVEMENT when you
sucessfully hit the required power level?


Please rate from 0 to 100 on the scale
below, where

  0 =             and            100 = 
 ""not at all""                    ""most possible""",rew-eff-first,BA,0
sub_44782,1028,92,postBlock2,0,2,"During the last block, how much did you
FEEL A SENSE OF ACHIEVEMENT when you
sucessfully hit the required power level?


Please rate from 0 to 100 on the scale
below, where

  0 =             and            100 = 
 ""not at all""                    ""most possible""",rew-eff-first,BA,0
sub_44782,1029,31,postBlock0,0,3,"During the last block, how much did you
FEEL BORED?
Please rate from 0 to 100 on the scale
below, where

  0 =             and            100 = 
 ""not at all""                    ""most possible""",rew-eff-first,BA,0
sub_44782,1030,67,postBlock1,0,3,"During the last block, how much did you
FEEL BORED?
Please rate from 0 to 100 on the scale
below, where

  0 =             and            100 = 
 ""not at all""                    ""most possible""",rew-eff-first,BA,0
sub_44782,1031,79,postBlock3,0,3,"During the last block, how much did you
FEEL BORED?
Please rate from 0 to 100 on the scale
below, where

  0 =             and            100 = 
 ""not at all""                    ""most possible""",rew-eff-first,BA,0
sub_44782,1032,70,postBlock2,0,3,"During the last block, how much did you
FEEL BORED?
Please rate from 0 to 100 on the scale
below, where

  0 =             and            100 = 
 ""not at all""                    ""most possible""",rew-eff-first,BA,0
sub_45376,1033,82,postBlock3,0,1,"During the last block, how much did you
FEEL PLEASED
when you collected the coins?


Please rate from 0 to 100 on the scale
below, where

  0 =             and            100 = 
 ""not at all""                    ""most possible""",causal-attr-first,CR,0
sub_45376,1034,100,postBlock1,0,1,"During the last block, how much did you
FEEL PLEASED
when you collected the coins?


Please rate from 0 to 100 on the scale
below, where

  0 =             and            100 = 
 ""not at all""                    ""most possible""",causal-attr-first,CR,0
sub_45376,1035,100,postBlock2,0,1,"During the last block, how much did you
FEEL PLEASED
when you collected the coins?


Please rate from 0 to 100 on the scale
below, where

  0 =             and            100 = 
 ""not at all""                    ""most possible""",causal-attr-first,CR,0
sub_45376,1036,100,postBlock0,0,1,"During the last block, how much did you
FEEL PLEASED
when you collected the coins?


Please rate from 0 to 100 on the scale
below, where

  0 =             and            100 = 
 ""not at all""                    ""most possible""",causal-attr-first,CR,0
sub_45376,1037,100,postBlock0,0,2,"During the last block, how much did you
FEEL A SENSE OF ACHIEVEMENT when you
sucessfully hit the required power level?


Please rate from 0 to 100 on the scale
below, where

  0 =             and            100 = 
 ""not at all""                    ""most possible""",causal-attr-first,CR,0
sub_45376,1038,72,postBlock3,0,2,"During the last block, how much did you
FEEL A SENSE OF ACHIEVEMENT when you
sucessfully hit the required power level?


Please rate from 0 to 100 on the scale
below, where

  0 =             and            100 = 
 ""not at all""                    ""most possible""",causal-attr-first,CR,0
sub_45376,1039,100,postBlock1,0,2,"During the last block, how much did you
FEEL A SENSE OF ACHIEVEMENT when you
sucessfully hit the required power level?


Please rate from 0 to 100 on the scale
below, where

  0 =             and            100 = 
 ""not at all""                    ""most possible""",causal-attr-first,CR,0
sub_45376,1040,100,postBlock2,0,2,"During the last block, how much did you
FEEL A SENSE OF ACHIEVEMENT when you
sucessfully hit the required power level?


Please rate from 0 to 100 on the scale
below, where

  0 =             and            100 = 
 ""not at all""                    ""most possible""",causal-attr-first,CR,0
sub_45376,1041,42,postBlock0,0,3,"During the last block, how much did you
FEEL BORED?
Please rate from 0 to 100 on the scale
below, where

  0 =             and            100 = 
 ""not at all""                    ""most possible""",causal-attr-first,CR,0
sub_45376,1042,61,postBlock1,0,3,"During the last block, how much did you
FEEL BORED?
Please rate from 0 to 100 on the scale
below, where

  0 =             and            100 = 
 ""not at all""                    ""most possible""",causal-attr-first,CR,0
sub_45376,1043,91,postBlock3,0,3,"During the last block, how much did you
FEEL BORED?
Please rate from 0 to 100 on the scale
below, where

  0 =             and            100 = 
 ""not at all""                    ""most possible""",causal-attr-first,CR,0
sub_45376,1044,71,postBlock2,0,3,"During the last block, how much did you
FEEL BORED?
Please rate from 0 to 100 on the scale
below, where

  0 =             and            100 = 
 ""not at all""                    ""most possible""",causal-attr-first,CR,0
sub_50563,1045,74,postBlock3,0,1,"During the last block, how much did you
FEEL PLEASED
when you collected the coins?


Please rate from 0 to 100 on the scale
below, where

  0 =             and            100 = 
 ""not at all""                    ""most possible""",rew-eff-first,BA,0
sub_50563,1046,59,postBlock1,0,1,"During the last block, how much did you
FEEL PLEASED
when you collected the coins?


Please rate from 0 to 100 on the scale
below, where

  0 =             and            100 = 
 ""not at all""                    ""most possible""",rew-eff-first,BA,0
sub_50563,1047,65,postBlock2,0,1,"During the last block, how much did you
FEEL PLEASED
when you collected the coins?


Please rate from 0 to 100 on the scale
below, where

  0 =             and            100 = 
 ""not at all""                    ""most possible""",rew-eff-first,BA,0
sub_50563,1048,51,postBlock0,0,1,"During the last block, how much did you
FEEL PLEASED
when you collected the coins?


Please rate from 0 to 100 on the scale
below, where

  0 =             and            100 = 
 ""not at all""                    ""most possible""",rew-eff-first,BA,0
sub_50563,1049,69,postBlock0,0,2,"During the last block, how much did you
FEEL A SENSE OF ACHIEVEMENT when you
sucessfully hit the required power level?


Please rate from 0 to 100 on the scale
below, where

  0 =             and            100 = 
 ""not at all""                    ""most possible""",rew-eff-first,BA,0
sub_50563,1050,77,postBlock3,0,2,"During the last block, how much did you
FEEL A SENSE OF ACHIEVEMENT when you
sucessfully hit the required power level?


Please rate from 0 to 100 on the scale
below, where

  0 =             and            100 = 
 ""not at all""                    ""most possible""",rew-eff-first,BA,0
sub_50563,1051,39,postBlock1,0,2,"During the last block, how much did you
FEEL A SENSE OF ACHIEVEMENT when you
sucessfully hit the required power level?


Please rate from 0 to 100 on the scale
below, where

  0 =             and            100 = 
 ""not at all""                    ""most possible""",rew-eff-first,BA,0
sub_50563,1052,67,postBlock2,0,2,"During the last block, how much did you
FEEL A SENSE OF ACHIEVEMENT when you
sucessfully hit the required power level?


Please rate from 0 to 100 on the scale
below, where

  0 =             and            100 = 
 ""not at all""                    ""most possible""",rew-eff-first,BA,0
sub_50563,1053,14,postBlock0,0,3,"During the last block, how much did you
FEEL BORED?
Please rate from 0 to 100 on the scale
below, where

  0 =             and            100 = 
 ""not at all""                    ""most possible""",rew-eff-first,BA,0
sub_50563,1054,17,postBlock1,0,3,"During the last block, how much did you
FEEL BORED?
Please rate from 0 to 100 on the scale
below, where

  0 =             and            100 = 
 ""not at all""                    ""most possible""",rew-eff-first,BA,0
sub_50563,1055,27,postBlock3,0,3,"During the last block, how much did you
FEEL BORED?
Please rate from 0 to 100 on the scale
below, where

  0 =             and            100 = 
 ""not at all""                    ""most possible""",rew-eff-first,BA,0
sub_50563,1056,17,postBlock2,0,3,"During the last block, how much did you
FEEL BORED?
Please rate from 0 to 100 on the scale
below, where

  0 =             and            100 = 
 ""not at all""                    ""most possible""",rew-eff-first,BA,0
sub_18080,1057,58,postBlock3,0,1,"During the last block, how much did you
FEEL PLEASED
when you collected the coins?


Please rate from 0 to 100 on the scale
below, where

  0 =             and            100 = 
 ""not at all""                    ""most possible""",rew-eff-first,BA,0
sub_18080,1058,67,postBlock1,0,1,"During the last block, how much did you
FEEL PLEASED
when you collected the coins?


Please rate from 0 to 100 on the scale
below, where

  0 =             and            100 = 
 ""not at all""                    ""most possible""",rew-eff-first,BA,0
sub_18080,1059,59,postBlock2,0,1,"During the last block, how much did you
FEEL PLEASED
when you collected the coins?


Please rate from 0 to 100 on the scale
below, where

  0 =             and            100 = 
 ""not at all""                    ""most possible""",rew-eff-first,BA,0
sub_18080,1060,93,postBlock0,0,1,"During the last block, how much did you
FEEL PLEASED
when you collected the coins?


Please rate from 0 to 100 on the scale
below, where

  0 =             and            100 = 
 ""not at all""                    ""most possible""",rew-eff-first,BA,0
sub_18080,1061,87,postBlock0,0,2,"During the last block, how much did you
FEEL A SENSE OF ACHIEVEMENT when you
sucessfully hit the required power level?


Please rate from 0 to 100 on the scale
below, where

  0 =             and            100 = 
 ""not at all""                    ""most possible""",rew-eff-first,BA,0
sub_18080,1062,54,postBlock3,0,2,"During the last block, how much did you
FEEL A SENSE OF ACHIEVEMENT when you
sucessfully hit the required power level?


Please rate from 0 to 100 on the scale
below, where

  0 =             and            100 = 
 ""not at all""                    ""most possible""",rew-eff-first,BA,0
sub_18080,1063,74,postBlock1,0,2,"During the last block, how much did you
FEEL A SENSE OF ACHIEVEMENT when you
sucessfully hit the required power level?


Please rate from 0 to 100 on the scale
below, where

  0 =             and            100 = 
 ""not at all""                    ""most possible""",rew-eff-first,BA,0
sub_18080,1064,68,postBlock2,0,2,"During the last block, how much did you
FEEL A SENSE OF ACHIEVEMENT when you
sucessfully hit the required power level?


Please rate from 0 to 100 on the scale
below, where

  0 =             and            100 = 
 ""not at all""                    ""most possible""",rew-eff-first,BA,0
sub_18080,1065,22,postBlock0,0,3,"During the last block, how much did you
FEEL BORED?
Please rate from 0 to 100 on the scale
below, where

  0 =             and            100 = 
 ""not at all""                    ""most possible""",rew-eff-first,BA,0
sub_18080,1066,36,postBlock1,0,3,"During the last block, how much did you
FEEL BORED?
Please rate from 0 to 100 on the scale
below, where

  0 =             and            100 = 
 ""not at all""                    ""most possible""",rew-eff-first,BA,0
sub_18080,1067,44,postBlock3,0,3,"During the last block, how much did you
FEEL BORED?
Please rate from 0 to 100 on the scale
below, where

  0 =             and            100 = 
 ""not at all""                    ""most possible""",rew-eff-first,BA,0
sub_18080,1068,42,postBlock2,0,3,"During the last block, how much did you
FEEL BORED?
Please rate from 0 to 100 on the scale
below, where

  0 =             and            100 = 
 ""not at all""                    ""most possible""",rew-eff-first,BA,0
sub_71979,1069,89,postBlock3,0,1,"During the last block, how much did you
FEEL PLEASED
when you collected the coins?


Please rate from 0 to 100 on the scale
below, where

  0 =             and            100 = 
 ""not at all""                    ""most possible""",causal-attr-first,BA,0
sub_71979,1070,85,postBlock1,0,1,"During the last block, how much did you
FEEL PLEASED
when you collected the coins?


Please rate from 0 to 100 on the scale
below, where

  0 =             and            100 = 
 ""not at all""                    ""most possible""",causal-attr-first,BA,0
sub_71979,1071,87,postBlock2,0,1,"During the last block, how much did you
FEEL PLEASED
when you collected the coins?


Please rate from 0 to 100 on the scale
below, where

  0 =             and            100 = 
 ""not at all""                    ""most possible""",causal-attr-first,BA,0
sub_71979,1072,79,postBlock0,0,1,"During the last block, how much did you
FEEL PLEASED
when you collected the coins?


Please rate from 0 to 100 on the scale
below, where

  0 =             and            100 = 
 ""not at all""                    ""most possible""",causal-attr-first,BA,0
sub_71979,1073,97,postBlock0,0,2,"During the last block, how much did you
FEEL A SENSE OF ACHIEVEMENT when you
sucessfully hit the required power level?


Please rate from 0 to 100 on the scale
below, where

  0 =             and            100 = 
 ""not at all""                    ""most possible""",causal-attr-first,BA,0
sub_71979,1074,95,postBlock3,0,2,"During the last block, how much did you
FEEL A SENSE OF ACHIEVEMENT when you
sucessfully hit the required power level?


Please rate from 0 to 100 on the scale
below, where

  0 =             and            100 = 
 ""not at all""                    ""most possible""",causal-attr-first,BA,0
sub_71979,1075,92,postBlock1,0,2,"During the last block, how much did you
FEEL A SENSE OF ACHIEVEMENT when you
sucessfully hit the required power level?


Please rate from 0 to 100 on the scale
below, where

  0 =             and            100 = 
 ""not at all""                    ""most possible""",causal-attr-first,BA,0
sub_71979,1076,95,postBlock2,0,2,"During the last block, how much did you
FEEL A SENSE OF ACHIEVEMENT when you
sucessfully hit the required power level?


Please rate from 0 to 100 on the scale
below, where

  0 =             and            100 = 
 ""not at all""                    ""most possible""",causal-attr-first,BA,0
sub_71979,1077,15,postBlock0,0,3,"During the last block, how much did you
FEEL BORED?
Please rate from 0 to 100 on the scale
below, where

  0 =             and            100 = 
 ""not at all""                    ""most possible""",causal-attr-first,BA,0
sub_71979,1078,8,postBlock1,0,3,"During the last block, how much did you
FEEL BORED?
Please rate from 0 to 100 on the scale
below, where

  0 =             and            100 = 
 ""not at all""                    ""most possible""",causal-attr-first,BA,0
sub_71979,1079,5,postBlock3,0,3,"During the last block, how much did you
FEEL BORED?
Please rate from 0 to 100 on the scale
below, where

  0 =             and            100 = 
 ""not at all""                    ""most possible""",causal-attr-first,BA,0
sub_71979,1080,16,postBlock2,0,3,"During the last block, how much did you
FEEL BORED?
Please rate from 0 to 100 on the scale
below, where

  0 =             and            100 = 
 ""not at all""                    ""most possible""",causal-attr-first,BA,0
sub_84398,1081,93,postBlock3,0,1,"During the last block, how much did you
FEEL PLEASED
when you collected the coins?


Please rate from 0 to 100 on the scale
below, where

  0 =             and            100 = 
 ""not at all""                    ""most possible""",rew-eff-first,CR,0
sub_84398,1082,94,postBlock1,0,1,"During the last block, how much did you
FEEL PLEASED
when you collected the coins?


Please rate from 0 to 100 on the scale
below, where

  0 =             and            100 = 
 ""not at all""                    ""most possible""",rew-eff-first,CR,0
sub_84398,1083,96,postBlock2,0,1,"During the last block, how much did you
FEEL PLEASED
when you collected the coins?


Please rate from 0 to 100 on the scale
below, where

  0 =             and            100 = 
 ""not at all""                    ""most possible""",rew-eff-first,CR,0
sub_84398,1084,90,postBlock0,0,1,"During the last block, how much did you
FEEL PLEASED
when you collected the coins?


Please rate from 0 to 100 on the scale
below, where

  0 =             and            100 = 
 ""not at all""                    ""most possible""",rew-eff-first,CR,0
sub_84398,1085,87,postBlock0,0,2,"During the last block, how much did you
FEEL A SENSE OF ACHIEVEMENT when you
sucessfully hit the required power level?


Please rate from 0 to 100 on the scale
below, where

  0 =             and            100 = 
 ""not at all""                    ""most possible""",rew-eff-first,CR,0
sub_84398,1086,85,postBlock3,0,2,"During the last block, how much did you
FEEL A SENSE OF ACHIEVEMENT when you
sucessfully hit the required power level?


Please rate from 0 to 100 on the scale
below, where

  0 =             and            100 = 
 ""not at all""                    ""most possible""",rew-eff-first,CR,0
sub_84398,1087,77,postBlock1,0,2,"During the last block, how much did you
FEEL A SENSE OF ACHIEVEMENT when you
sucessfully hit the required power level?


Please rate from 0 to 100 on the scale
below, where

  0 =             and            100 = 
 ""not at all""                    ""most possible""",rew-eff-first,CR,0
sub_84398,1088,86,postBlock2,0,2,"During the last block, how much did you
FEEL A SENSE OF ACHIEVEMENT when you
sucessfully hit the required power level?


Please rate from 0 to 100 on the scale
below, where

  0 =             and            100 = 
 ""not at all""                    ""most possible""",rew-eff-first,CR,0
sub_84398,1089,25,postBlock0,0,3,"During the last block, how much did you
FEEL BORED?
Please rate from 0 to 100 on the scale
below, where

  0 =             and            100 = 
 ""not at all""                    ""most possible""",rew-eff-first,CR,0
sub_84398,1090,18,postBlock1,0,3,"During the last block, how much did you
FEEL BORED?
Please rate from 0 to 100 on the scale
below, where

  0 =             and            100 = 
 ""not at all""                    ""most possible""",rew-eff-first,CR,0
sub_84398,1091,9,postBlock3,0,3,"During the last block, how much did you
FEEL BORED?
Please rate from 0 to 100 on the scale
below, where

  0 =             and            100 = 
 ""not at all""                    ""most possible""",rew-eff-first,CR,0
sub_84398,1092,6,postBlock2,0,3,"During the last block, how much did you
FEEL BORED?
Please rate from 0 to 100 on the scale
below, where

  0 =             and            100 = 
 ""not at all""                    ""most possible""",rew-eff-first,CR,0
sub_88974,1093,60,postBlock3,0,1,"During the last block, how much did you
FEEL PLEASED
when you collected the coins?


Please rate from 0 to 100 on the scale
below, where

  0 =             and            100 = 
 ""not at all""                    ""most possible""",rew-eff-first,BA,0
sub_88974,1094,70,postBlock1,0,1,"During the last block, how much did you
FEEL PLEASED
when you collected the coins?


Please rate from 0 to 100 on the scale
below, where

  0 =             and            100 = 
 ""not at all""                    ""most possible""",rew-eff-first,BA,0
sub_88974,1095,60,postBlock2,0,1,"During the last block, how much did you
FEEL PLEASED
when you collected the coins?


Please rate from 0 to 100 on the scale
below, where

  0 =             and            100 = 
 ""not at all""                    ""most possible""",rew-eff-first,BA,0
sub_88974,1096,75,postBlock0,0,1,"During the last block, how much did you
FEEL PLEASED
when you collected the coins?


Please rate from 0 to 100 on the scale
below, where

  0 =             and            100 = 
 ""not at all""                    ""most possible""",rew-eff-first,BA,0
sub_88974,1097,76,postBlock0,0,2,"During the last block, how much did you
FEEL A SENSE OF ACHIEVEMENT when you
sucessfully hit the required power level?


Please rate from 0 to 100 on the scale
below, where

  0 =             and            100 = 
 ""not at all""                    ""most possible""",rew-eff-first,BA,0
sub_88974,1098,55,postBlock3,0,2,"During the last block, how much did you
FEEL A SENSE OF ACHIEVEMENT when you
sucessfully hit the required power level?


Please rate from 0 to 100 on the scale
below, where

  0 =             and            100 = 
 ""not at all""                    ""most possible""",rew-eff-first,BA,0
sub_88974,1099,69,postBlock1,0,2,"During the last block, how much did you
FEEL A SENSE OF ACHIEVEMENT when you
sucessfully hit the required power level?


Please rate from 0 to 100 on the scale
below, where

  0 =             and            100 = 
 ""not at all""                    ""most possible""",rew-eff-first,BA,0
sub_88974,1100,60,postBlock2,0,2,"During the last block, how much did you
FEEL A SENSE OF ACHIEVEMENT when you
sucessfully hit the required power level?


Please rate from 0 to 100 on the scale
below, where

  0 =             and            100 = 
 ""not at all""                    ""most possible""",rew-eff-first,BA,0
sub_88974,1101,12,postBlock0,0,3,"During the last block, how much did you
FEEL BORED?
Please rate from 0 to 100 on the scale
below, where

  0 =             and            100 = 
 ""not at all""                    ""most possible""",rew-eff-first,BA,0
sub_88974,1102,30,postBlock1,0,3,"During the last block, how much did you
FEEL BORED?
Please rate from 0 to 100 on the scale
below, where

  0 =             and            100 = 
 ""not at all""                    ""most possible""",rew-eff-first,BA,0
sub_88974,1103,33,postBlock3,0,3,"During the last block, how much did you
FEEL BORED?
Please rate from 0 to 100 on the scale
below, where

  0 =             and            100 = 
 ""not at all""                    ""most possible""",rew-eff-first,BA,0
sub_88974,1104,40,postBlock2,0,3,"During the last block, how much did you
FEEL BORED?
Please rate from 0 to 100 on the scale
below, where

  0 =             and            100 = 
 ""not at all""                    ""most possible""",rew-eff-first,BA,0
sub_61468,1105,100,postBlock3,0,1,"During the last block, how much did you
FEEL PLEASED
when you collected the coins?


Please rate from 0 to 100 on the scale
below, where

  0 =             and            100 = 
 ""not at all""                    ""most possible""",causal-attr-first,CR,0
sub_61468,1106,99,postBlock1,0,1,"During the last block, how much did you
FEEL PLEASED
when you collected the coins?


Please rate from 0 to 100 on the scale
below, where

  0 =             and            100 = 
 ""not at all""                    ""most possible""",causal-attr-first,CR,0
sub_61468,1107,99,postBlock2,0,1,"During the last block, how much did you
FEEL PLEASED
when you collected the coins?


Please rate from 0 to 100 on the scale
below, where

  0 =             and            100 = 
 ""not at all""                    ""most possible""",causal-attr-first,CR,0
sub_61468,1108,94,postBlock0,0,1,"During the last block, how much did you
FEEL PLEASED
when you collected the coins?


Please rate from 0 to 100 on the scale
below, where

  0 =             and            100 = 
 ""not at all""                    ""most possible""",causal-attr-first,CR,0
sub_61468,1109,99,postBlock0,0,2,"During the last block, how much did you
FEEL A SENSE OF ACHIEVEMENT when you
sucessfully hit the required power level?


Please rate from 0 to 100 on the scale
below, where

  0 =             and            100 = 
 ""not at all""                    ""most possible""",causal-attr-first,CR,0
sub_61468,1110,81,postBlock3,0,2,"During the last block, how much did you
FEEL A SENSE OF ACHIEVEMENT when you
sucessfully hit the required power level?


Please rate from 0 to 100 on the scale
below, where

  0 =             and            100 = 
 ""not at all""                    ""most possible""",causal-attr-first,CR,0
sub_61468,1111,95,postBlock1,0,2,"During the last block, how much did you
FEEL A SENSE OF ACHIEVEMENT when you
sucessfully hit the required power level?


Please rate from 0 to 100 on the scale
below, where

  0 =             and            100 = 
 ""not at all""                    ""most possible""",causal-attr-first,CR,0
sub_61468,1112,97,postBlock2,0,2,"During the last block, how much did you
FEEL A SENSE OF ACHIEVEMENT when you
sucessfully hit the required power level?


Please rate from 0 to 100 on the scale
below, where

  0 =             and            100 = 
 ""not at all""                    ""most possible""",causal-attr-first,CR,0
sub_61468,1113,8,postBlock0,0,3,"During the last block, how much did you
FEEL BORED?
Please rate from 0 to 100 on the scale
below, where

  0 =             and            100 = 
 ""not at all""                    ""most possible""",causal-attr-first,CR,0
sub_61468,1114,21,postBlock1,0,3,"During the last block, how much did you
FEEL BORED?
Please rate from 0 to 100 on the scale
below, where

  0 =             and            100 = 
 ""not at all""                    ""most possible""",causal-attr-first,CR,0
sub_61468,1115,23,postBlock3,0,3,"During the last block, how much did you
FEEL BORED?
Please rate from 0 to 100 on the scale
below, where

  0 =             and            100 = 
 ""not at all""                    ""most possible""",causal-attr-first,CR,0
sub_61468,1116,8,postBlock2,0,3,"During the last block, how much did you
FEEL BORED?
Please rate from 0 to 100 on the scale
below, where

  0 =             and            100 = 
 ""not at all""                    ""most possible""",causal-attr-first,CR,0
sub_84432,1117,65,postBlock3,0,1,"During the last block, how much did you
FEEL PLEASED
when you collected the coins?


Please rate from 0 to 100 on the scale
below, where

  0 =             and            100 = 
 ""not at all""                    ""most possible""",causal-attr-first,CR,0
sub_84432,1118,81,postBlock1,0,1,"During the last block, how much did you
FEEL PLEASED
when you collected the coins?


Please rate from 0 to 100 on the scale
below, where

  0 =             and            100 = 
 ""not at all""                    ""most possible""",causal-attr-first,CR,0
sub_84432,1119,74,postBlock2,0,1,"During the last block, how much did you
FEEL PLEASED
when you collected the coins?


Please rate from 0 to 100 on the scale
below, where

  0 =             and            100 = 
 ""not at all""                    ""most possible""",causal-attr-first,CR,0
sub_84432,1120,90,postBlock0,0,1,"During the last block, how much did you
FEEL PLEASED
when you collected the coins?


Please rate from 0 to 100 on the scale
below, where

  0 =             and            100 = 
 ""not at all""                    ""most possible""",causal-attr-first,CR,0
sub_84432,1121,92,postBlock0,0,2,"During the last block, how much did you
FEEL A SENSE OF ACHIEVEMENT when you
sucessfully hit the required power level?


Please rate from 0 to 100 on the scale
below, where

  0 =             and            100 = 
 ""not at all""                    ""most possible""",causal-attr-first,CR,0
sub_84432,1122,60,postBlock3,0,2,"During the last block, how much did you
FEEL A SENSE OF ACHIEVEMENT when you
sucessfully hit the required power level?


Please rate from 0 to 100 on the scale
below, where

  0 =             and            100 = 
 ""not at all""                    ""most possible""",causal-attr-first,CR,0
sub_84432,1123,83,postBlock1,0,2,"During the last block, how much did you
FEEL A SENSE OF ACHIEVEMENT when you
sucessfully hit the required power level?


Please rate from 0 to 100 on the scale
below, where

  0 =             and            100 = 
 ""not at all""                    ""most possible""",causal-attr-first,CR,0
sub_84432,1124,59,postBlock2,0,2,"During the last block, how much did you
FEEL A SENSE OF ACHIEVEMENT when you
sucessfully hit the required power level?


Please rate from 0 to 100 on the scale
below, where

  0 =             and            100 = 
 ""not at all""                    ""most possible""",causal-attr-first,CR,0
sub_84432,1125,0,postBlock0,0,3,"During the last block, how much did you
FEEL BORED?
Please rate from 0 to 100 on the scale
below, where

  0 =             and            100 = 
 ""not at all""                    ""most possible""",causal-attr-first,CR,0
sub_84432,1126,10,postBlock1,0,3,"During the last block, how much did you
FEEL BORED?
Please rate from 0 to 100 on the scale
below, where

  0 =             and            100 = 
 ""not at all""                    ""most possible""",causal-attr-first,CR,0
sub_84432,1127,30,postBlock3,0,3,"During the last block, how much did you
FEEL BORED?
Please rate from 0 to 100 on the scale
below, where

  0 =             and            100 = 
 ""not at all""                    ""most possible""",causal-attr-first,CR,0
sub_84432,1128,15,postBlock2,0,3,"During the last block, how much did you
FEEL BORED?
Please rate from 0 to 100 on the scale
below, where

  0 =             and            100 = 
 ""not at all""                    ""most possible""",causal-attr-first,CR,0
sub_97602,1129,80,postBlock3,0,1,"During the last block, how much did you
FEEL PLEASED
when you collected the coins?


Please rate from 0 to 100 on the scale
below, where

  0 =             and            100 = 
 ""not at all""                    ""most possible""",rew-eff-first,CR,0
sub_97602,1130,80,postBlock1,0,1,"During the last block, how much did you
FEEL PLEASED
when you collected the coins?


Please rate from 0 to 100 on the scale
below, where

  0 =             and            100 = 
 ""not at all""                    ""most possible""",rew-eff-first,CR,0
sub_97602,1131,80,postBlock2,0,1,"During the last block, how much did you
FEEL PLEASED
when you collected the coins?


Please rate from 0 to 100 on the scale
below, where

  0 =             and            100 = 
 ""not at all""                    ""most possible""",rew-eff-first,CR,0
sub_97602,1132,65,postBlock0,0,1,"During the last block, how much did you
FEEL PLEASED
when you collected the coins?


Please rate from 0 to 100 on the scale
below, where

  0 =             and            100 = 
 ""not at all""                    ""most possible""",rew-eff-first,CR,0
sub_97602,1133,70,postBlock0,0,2,"During the last block, how much did you
FEEL A SENSE OF ACHIEVEMENT when you
sucessfully hit the required power level?


Please rate from 0 to 100 on the scale
below, where

  0 =             and            100 = 
 ""not at all""                    ""most possible""",rew-eff-first,CR,0
sub_97602,1134,80,postBlock3,0,2,"During the last block, how much did you
FEEL A SENSE OF ACHIEVEMENT when you
sucessfully hit the required power level?


Please rate from 0 to 100 on the scale
below, where

  0 =             and            100 = 
 ""not at all""                    ""most possible""",rew-eff-first,CR,0
sub_97602,1135,75,postBlock1,0,2,"During the last block, how much did you
FEEL A SENSE OF ACHIEVEMENT when you
sucessfully hit the required power level?


Please rate from 0 to 100 on the scale
below, where

  0 =             and            100 = 
 ""not at all""                    ""most possible""",rew-eff-first,CR,0
sub_97602,1136,80,postBlock2,0,2,"During the last block, how much did you
FEEL A SENSE OF ACHIEVEMENT when you
sucessfully hit the required power level?


Please rate from 0 to 100 on the scale
below, where

  0 =             and            100 = 
 ""not at all""                    ""most possible""",rew-eff-first,CR,0
sub_97602,1137,20,postBlock0,0,3,"During the last block, how much did you
FEEL BORED?
Please rate from 0 to 100 on the scale
below, where

  0 =             and            100 = 
 ""not at all""                    ""most possible""",rew-eff-first,CR,0
sub_97602,1138,20,postBlock1,0,3,"During the last block, how much did you
FEEL BORED?
Please rate from 0 to 100 on the scale
below, where

  0 =             and            100 = 
 ""not at all""                    ""most possible""",rew-eff-first,CR,0
sub_97602,1139,25,postBlock3,0,3,"During the last block, how much did you
FEEL BORED?
Please rate from 0 to 100 on the scale
below, where

  0 =             and            100 = 
 ""not at all""                    ""most possible""",rew-eff-first,CR,0
sub_97602,1140,20,postBlock2,0,3,"During the last block, how much did you
FEEL BORED?
Please rate from 0 to 100 on the scale
below, where

  0 =             and            100 = 
 ""not at all""                    ""most possible""",rew-eff-first,CR,0
sub_34110,1141,91,postBlock3,0,1,"During the last block, how much did you
FEEL PLEASED
when you collected the coins?


Please rate from 0 to 100 on the scale
below, where

  0 =             and            100 = 
 ""not at all""                    ""most possible""",rew-eff-first,CR,0
sub_34110,1142,100,postBlock1,0,1,"During the last block, how much did you
FEEL PLEASED
when you collected the coins?


Please rate from 0 to 100 on the scale
below, where

  0 =             and            100 = 
 ""not at all""                    ""most possible""",rew-eff-first,CR,0
sub_34110,1143,93,postBlock2,0,1,"During the last block, how much did you
FEEL PLEASED
when you collected the coins?


Please rate from 0 to 100 on the scale
below, where

  0 =             and            100 = 
 ""not at all""                    ""most possible""",rew-eff-first,CR,0
sub_34110,1144,97,postBlock0,0,1,"During the last block, how much did you
FEEL PLEASED
when you collected the coins?


Please rate from 0 to 100 on the scale
below, where

  0 =             and            100 = 
 ""not at all""                    ""most possible""",rew-eff-first,CR,0
sub_34110,1145,100,postBlock0,0,2,"During the last block, how much did you
FEEL A SENSE OF ACHIEVEMENT when you
sucessfully hit the required power level?


Please rate from 0 to 100 on the scale
below, where

  0 =             and            100 = 
 ""not at all""                    ""most possible""",rew-eff-first,CR,0
sub_34110,1146,88,postBlock3,0,2,"During the last block, how much did you
FEEL A SENSE OF ACHIEVEMENT when you
sucessfully hit the required power level?


Please rate from 0 to 100 on the scale
below, where

  0 =             and            100 = 
 ""not at all""                    ""most possible""",rew-eff-first,CR,0
sub_34110,1147,100,postBlock1,0,2,"During the last block, how much did you
FEEL A SENSE OF ACHIEVEMENT when you
sucessfully hit the required power level?


Please rate from 0 to 100 on the scale
below, where

  0 =             and            100 = 
 ""not at all""                    ""most possible""",rew-eff-first,CR,0
sub_34110,1148,99,postBlock2,0,2,"During the last block, how much did you
FEEL A SENSE OF ACHIEVEMENT when you
sucessfully hit the required power level?


Please rate from 0 to 100 on the scale
below, where

  0 =             and            100 = 
 ""not at all""                    ""most possible""",rew-eff-first,CR,0
sub_34110,1149,66,postBlock0,0,3,"During the last block, how much did you
FEEL BORED?
Please rate from 0 to 100 on the scale
below, where

  0 =             and            100 = 
 ""not at all""                    ""most possible""",rew-eff-first,CR,0
sub_34110,1150,84,postBlock1,0,3,"During the last block, how much did you
FEEL BORED?
Please rate from 0 to 100 on the scale
below, where

  0 =             and            100 = 
 ""not at all""                    ""most possible""",rew-eff-first,CR,0
sub_34110,1151,99,postBlock3,0,3,"During the last block, how much did you
FEEL BORED?
Please rate from 0 to 100 on the scale
below, where

  0 =             and            100 = 
 ""not at all""                    ""most possible""",rew-eff-first,CR,0
sub_34110,1152,77,postBlock2,0,3,"During the last block, how much did you
FEEL BORED?
Please rate from 0 to 100 on the scale
below, where

  0 =             and            100 = 
 ""not at all""                    ""most possible""",rew-eff-first,CR,0
sub_78805,1153,93,postBlock3,0,1,"During the last block, how much did you
FEEL PLEASED
when you collected the coins?


Please rate from 0 to 100 on the scale
below, where

  0 =             and            100 = 
 ""not at all""                    ""most possible""",rew-eff-first,BA,0
sub_78805,1154,85,postBlock1,0,1,"During the last block, how much did you
FEEL PLEASED
when you collected the coins?


Please rate from 0 to 100 on the scale
below, where

  0 =             and            100 = 
 ""not at all""                    ""most possible""",rew-eff-first,BA,0
sub_78805,1155,90,postBlock2,0,1,"During the last block, how much did you
FEEL PLEASED
when you collected the coins?


Please rate from 0 to 100 on the scale
below, where

  0 =             and            100 = 
 ""not at all""                    ""most possible""",rew-eff-first,BA,0
sub_78805,1156,80,postBlock0,0,1,"During the last block, how much did you
FEEL PLEASED
when you collected the coins?


Please rate from 0 to 100 on the scale
below, where

  0 =             and            100 = 
 ""not at all""                    ""most possible""",rew-eff-first,BA,0
sub_78805,1157,100,postBlock0,0,2,"During the last block, how much did you
FEEL A SENSE OF ACHIEVEMENT when you
sucessfully hit the required power level?


Please rate from 0 to 100 on the scale
below, where

  0 =             and            100 = 
 ""not at all""                    ""most possible""",rew-eff-first,BA,0
sub_78805,1158,92,postBlock3,0,2,"During the last block, how much did you
FEEL A SENSE OF ACHIEVEMENT when you
sucessfully hit the required power level?


Please rate from 0 to 100 on the scale
below, where

  0 =             and            100 = 
 ""not at all""                    ""most possible""",rew-eff-first,BA,0
sub_78805,1159,90,postBlock1,0,2,"During the last block, how much did you
FEEL A SENSE OF ACHIEVEMENT when you
sucessfully hit the required power level?


Please rate from 0 to 100 on the scale
below, where

  0 =             and            100 = 
 ""not at all""                    ""most possible""",rew-eff-first,BA,0
sub_78805,1160,90,postBlock2,0,2,"During the last block, how much did you
FEEL A SENSE OF ACHIEVEMENT when you
sucessfully hit the required power level?


Please rate from 0 to 100 on the scale
below, where

  0 =             and            100 = 
 ""not at all""                    ""most possible""",rew-eff-first,BA,0
sub_78805,1161,18,postBlock0,0,3,"During the last block, how much did you
FEEL BORED?
Please rate from 0 to 100 on the scale
below, where

  0 =             and            100 = 
 ""not at all""                    ""most possible""",rew-eff-first,BA,0
sub_78805,1162,69,postBlock1,0,3,"During the last block, how much did you
FEEL BORED?
Please rate from 0 to 100 on the scale
below, where

  0 =             and            100 = 
 ""not at all""                    ""most possible""",rew-eff-first,BA,0
sub_78805,1163,56,postBlock3,0,3,"During the last block, how much did you
FEEL BORED?
Please rate from 0 to 100 on the scale
below, where

  0 =             and            100 = 
 ""not at all""                    ""most possible""",rew-eff-first,BA,0
sub_78805,1164,35,postBlock2,0,3,"During the last block, how much did you
FEEL BORED?
Please rate from 0 to 100 on the scale
below, where

  0 =             and            100 = 
 ""not at all""                    ""most possible""",rew-eff-first,BA,0
sub_74399,1165,61,postBlock3,0,1,"During the last block, how much did you
FEEL PLEASED
when you collected the coins?


Please rate from 0 to 100 on the scale
below, where

  0 =             and            100 = 
 ""not at all""                    ""most possible""",rew-eff-first,BA,0
sub_74399,1166,69,postBlock1,0,1,"During the last block, how much did you
FEEL PLEASED
when you collected the coins?


Please rate from 0 to 100 on the scale
below, where

  0 =             and            100 = 
 ""not at all""                    ""most possible""",rew-eff-first,BA,0
sub_74399,1167,69,postBlock2,0,1,"During the last block, how much did you
FEEL PLEASED
when you collected the coins?


Please rate from 0 to 100 on the scale
below, where

  0 =             and            100 = 
 ""not at all""                    ""most possible""",rew-eff-first,BA,0
sub_74399,1168,71,postBlock0,0,1,"During the last block, how much did you
FEEL PLEASED
when you collected the coins?


Please rate from 0 to 100 on the scale
below, where

  0 =             and            100 = 
 ""not at all""                    ""most possible""",rew-eff-first,BA,0
sub_74399,1169,56,postBlock0,0,2,"During the last block, how much did you
FEEL A SENSE OF ACHIEVEMENT when you
sucessfully hit the required power level?


Please rate from 0 to 100 on the scale
below, where

  0 =             and            100 = 
 ""not at all""                    ""most possible""",rew-eff-first,BA,0
sub_74399,1170,59,postBlock3,0,2,"During the last block, how much did you
FEEL A SENSE OF ACHIEVEMENT when you
sucessfully hit the required power level?


Please rate from 0 to 100 on the scale
below, where

  0 =             and            100 = 
 ""not at all""                    ""most possible""",rew-eff-first,BA,0
sub_74399,1171,72,postBlock1,0,2,"During the last block, how much did you
FEEL A SENSE OF ACHIEVEMENT when you
sucessfully hit the required power level?


Please rate from 0 to 100 on the scale
below, where

  0 =             and            100 = 
 ""not at all""                    ""most possible""",rew-eff-first,BA,0
sub_74399,1172,68,postBlock2,0,2,"During the last block, how much did you
FEEL A SENSE OF ACHIEVEMENT when you
sucessfully hit the required power level?


Please rate from 0 to 100 on the scale
below, where

  0 =             and            100 = 
 ""not at all""                    ""most possible""",rew-eff-first,BA,0
sub_74399,1173,30,postBlock0,0,3,"During the last block, how much did you
FEEL BORED?
Please rate from 0 to 100 on the scale
below, where

  0 =             and            100 = 
 ""not at all""                    ""most possible""",rew-eff-first,BA,0
sub_74399,1174,29,postBlock1,0,3,"During the last block, how much did you
FEEL BORED?
Please rate from 0 to 100 on the scale
below, where

  0 =             and            100 = 
 ""not at all""                    ""most possible""",rew-eff-first,BA,0
sub_74399,1175,51,postBlock3,0,3,"During the last block, how much did you
FEEL BORED?
Please rate from 0 to 100 on the scale
below, where

  0 =             and            100 = 
 ""not at all""                    ""most possible""",rew-eff-first,BA,0
sub_74399,1176,45,postBlock2,0,3,"During the last block, how much did you
FEEL BORED?
Please rate from 0 to 100 on the scale
below, where

  0 =             and            100 = 
 ""not at all""                    ""most possible""",rew-eff-first,BA,0
sub_86742,1177,87,postBlock3,0,1,"During the last block, how much did you
FEEL PLEASED
when you collected the coins?


Please rate from 0 to 100 on the scale
below, where

  0 =             and            100 = 
 ""not at all""                    ""most possible""",rew-eff-first,CR,0
sub_86742,1178,88,postBlock1,0,1,"During the last block, how much did you
FEEL PLEASED
when you collected the coins?


Please rate from 0 to 100 on the scale
below, where

  0 =             and            100 = 
 ""not at all""                    ""most possible""",rew-eff-first,CR,0
sub_86742,1179,93,postBlock2,0,1,"During the last block, how much did you
FEEL PLEASED
when you collected the coins?


Please rate from 0 to 100 on the scale
below, where

  0 =             and            100 = 
 ""not at all""                    ""most possible""",rew-eff-first,CR,0
sub_86742,1180,91,postBlock0,0,1,"During the last block, how much did you
FEEL PLEASED
when you collected the coins?


Please rate from 0 to 100 on the scale
below, where

  0 =             and            100 = 
 ""not at all""                    ""most possible""",rew-eff-first,CR,0
sub_86742,1181,94,postBlock0,0,2,"During the last block, how much did you
FEEL A SENSE OF ACHIEVEMENT when you
sucessfully hit the required power level?


Please rate from 0 to 100 on the scale
below, where

  0 =             and            100 = 
 ""not at all""                    ""most possible""",rew-eff-first,CR,0
sub_86742,1182,88,postBlock3,0,2,"During the last block, how much did you
FEEL A SENSE OF ACHIEVEMENT when you
sucessfully hit the required power level?


Please rate from 0 to 100 on the scale
below, where

  0 =             and            100 = 
 ""not at all""                    ""most possible""",rew-eff-first,CR,0
sub_86742,1183,92,postBlock1,0,2,"During the last block, how much did you
FEEL A SENSE OF ACHIEVEMENT when you
sucessfully hit the required power level?


Please rate from 0 to 100 on the scale
below, where

  0 =             and            100 = 
 ""not at all""                    ""most possible""",rew-eff-first,CR,0
sub_86742,1184,93,postBlock2,0,2,"During the last block, how much did you
FEEL A SENSE OF ACHIEVEMENT when you
sucessfully hit the required power level?


Please rate from 0 to 100 on the scale
below, where

  0 =             and            100 = 
 ""not at all""                    ""most possible""",rew-eff-first,CR,0
sub_86742,1185,8,postBlock0,0,3,"During the last block, how much did you
FEEL BORED?
Please rate from 0 to 100 on the scale
below, where

  0 =             and            100 = 
 ""not at all""                    ""most possible""",rew-eff-first,CR,0
sub_86742,1186,6,postBlock1,0,3,"During the last block, how much did you
FEEL BORED?
Please rate from 0 to 100 on the scale
below, where

  0 =             and            100 = 
 ""not at all""                    ""most possible""",rew-eff-first,CR,0
sub_86742,1187,14,postBlock3,0,3,"During the last block, how much did you
FEEL BORED?
Please rate from 0 to 100 on the scale
below, where

  0 =             and            100 = 
 ""not at all""                    ""most possible""",rew-eff-first,CR,0
sub_86742,1188,7,postBlock2,0,3,"During the last block, how much did you
FEEL BORED?
Please rate from 0 to 100 on the scale
below, where

  0 =             and            100 = 
 ""not at all""                    ""most possible""",rew-eff-first,CR,0
sub_11224,1189,100,postBlock3,0,1,"During the last block, how much did you
FEEL PLEASED
when you collected the coins?


Please rate from 0 to 100 on the scale
below, where

  0 =             and            100 = 
 ""not at all""                    ""most possible""",causal-attr-first,BA,0
sub_11224,1190,100,postBlock1,0,1,"During the last block, how much did you
FEEL PLEASED
when you collected the coins?


Please rate from 0 to 100 on the scale
below, where

  0 =             and            100 = 
 ""not at all""                    ""most possible""",causal-attr-first,BA,0
sub_11224,1191,96,postBlock2,0,1,"During the last block, how much did you
FEEL PLEASED
when you collected the coins?


Please rate from 0 to 100 on the scale
below, where

  0 =             and            100 = 
 ""not at all""                    ""most possible""",causal-attr-first,BA,0
sub_11224,1192,100,postBlock0,0,1,"During the last block, how much did you
FEEL PLEASED
when you collected the coins?


Please rate from 0 to 100 on the scale
below, where

  0 =             and            100 = 
 ""not at all""                    ""most possible""",causal-attr-first,BA,0
sub_11224,1193,99,postBlock0,0,2,"During the last block, how much did you
FEEL A SENSE OF ACHIEVEMENT when you
sucessfully hit the required power level?


Please rate from 0 to 100 on the scale
below, where

  0 =             and            100 = 
 ""not at all""                    ""most possible""",causal-attr-first,BA,0
sub_11224,1194,91,postBlock3,0,2,"During the last block, how much did you
FEEL A SENSE OF ACHIEVEMENT when you
sucessfully hit the required power level?


Please rate from 0 to 100 on the scale
below, where

  0 =             and            100 = 
 ""not at all""                    ""most possible""",causal-attr-first,BA,0
sub_11224,1195,100,postBlock1,0,2,"During the last block, how much did you
FEEL A SENSE OF ACHIEVEMENT when you
sucessfully hit the required power level?


Please rate from 0 to 100 on the scale
below, where

  0 =             and            100 = 
 ""not at all""                    ""most possible""",causal-attr-first,BA,0
sub_11224,1196,96,postBlock2,0,2,"During the last block, how much did you
FEEL A SENSE OF ACHIEVEMENT when you
sucessfully hit the required power level?


Please rate from 0 to 100 on the scale
below, where

  0 =             and            100 = 
 ""not at all""                    ""most possible""",causal-attr-first,BA,0
sub_11224,1197,22,postBlock0,0,3,"During the last block, how much did you
FEEL BORED?
Please rate from 0 to 100 on the scale
below, where

  0 =             and            100 = 
 ""not at all""                    ""most possible""",causal-attr-first,BA,0
sub_11224,1198,22,postBlock1,0,3,"During the last block, how much did you
FEEL BORED?
Please rate from 0 to 100 on the scale
below, where

  0 =             and            100 = 
 ""not at all""                    ""most possible""",causal-attr-first,BA,0
sub_11224,1199,75,postBlock3,0,3,"During the last block, how much did you
FEEL BORED?
Please rate from 0 to 100 on the scale
below, where

  0 =             and            100 = 
 ""not at all""                    ""most possible""",causal-attr-first,BA,0
sub_11224,1200,82,postBlock2,0,3,"During the last block, how much did you
FEEL BORED?
Please rate from 0 to 100 on the scale
below, where

  0 =             and            100 = 
 ""not at all""                    ""most possible""",causal-attr-first,BA,0
sub_11944,1201,78,postBlock3,0,1,"During the last block, how much did you
FEEL PLEASED
when you collected the coins?


Please rate from 0 to 100 on the scale
below, where

  0 =             and            100 = 
 ""not at all""                    ""most possible""",rew-eff-first,BA,0
sub_11944,1202,83,postBlock1,0,1,"During the last block, how much did you
FEEL PLEASED
when you collected the coins?


Please rate from 0 to 100 on the scale
below, where

  0 =             and            100 = 
 ""not at all""                    ""most possible""",rew-eff-first,BA,0
sub_11944,1203,82,postBlock2,0,1,"During the last block, how much did you
FEEL PLEASED
when you collected the coins?


Please rate from 0 to 100 on the scale
below, where

  0 =             and            100 = 
 ""not at all""                    ""most possible""",rew-eff-first,BA,0
sub_11944,1204,77,postBlock0,0,1,"During the last block, how much did you
FEEL PLEASED
when you collected the coins?


Please rate from 0 to 100 on the scale
below, where

  0 =             and            100 = 
 ""not at all""                    ""most possible""",rew-eff-first,BA,0
sub_11944,1205,72,postBlock0,0,2,"During the last block, how much did you
FEEL A SENSE OF ACHIEVEMENT when you
sucessfully hit the required power level?


Please rate from 0 to 100 on the scale
below, where

  0 =             and            100 = 
 ""not at all""                    ""most possible""",rew-eff-first,BA,0
sub_11944,1206,74,postBlock3,0,2,"During the last block, how much did you
FEEL A SENSE OF ACHIEVEMENT when you
sucessfully hit the required power level?


Please rate from 0 to 100 on the scale
below, where

  0 =             and            100 = 
 ""not at all""                    ""most possible""",rew-eff-first,BA,0
sub_11944,1207,76,postBlock1,0,2,"During the last block, how much did you
FEEL A SENSE OF ACHIEVEMENT when you
sucessfully hit the required power level?


Please rate from 0 to 100 on the scale
below, where

  0 =             and            100 = 
 ""not at all""                    ""most possible""",rew-eff-first,BA,0
sub_11944,1208,82,postBlock2,0,2,"During the last block, how much did you
FEEL A SENSE OF ACHIEVEMENT when you
sucessfully hit the required power level?


Please rate from 0 to 100 on the scale
below, where

  0 =             and            100 = 
 ""not at all""                    ""most possible""",rew-eff-first,BA,0
sub_11944,1209,5,postBlock0,0,3,"During the last block, how much did you
FEEL BORED?
Please rate from 0 to 100 on the scale
below, where

  0 =             and            100 = 
 ""not at all""                    ""most possible""",rew-eff-first,BA,0
sub_11944,1210,2,postBlock1,0,3,"During the last block, how much did you
FEEL BORED?
Please rate from 0 to 100 on the scale
below, where

  0 =             and            100 = 
 ""not at all""                    ""most possible""",rew-eff-first,BA,0
sub_11944,1211,2,postBlock3,0,3,"During the last block, how much did you
FEEL BORED?
Please rate from 0 to 100 on the scale
below, where

  0 =             and            100 = 
 ""not at all""                    ""most possible""",rew-eff-first,BA,0
sub_11944,1212,2,postBlock2,0,3,"During the last block, how much did you
FEEL BORED?
Please rate from 0 to 100 on the scale
below, where

  0 =             and            100 = 
 ""not at all""                    ""most possible""",rew-eff-first,BA,0
sub_57953,1213,43,postBlock3,0,1,"During the last block, how much did you
FEEL PLEASED
when you collected the coins?


Please rate from 0 to 100 on the scale
below, where

  0 =             and            100 = 
 ""not at all""                    ""most possible""",rew-eff-first,BA,0
sub_57953,1214,34,postBlock1,0,1,"During the last block, how much did you
FEEL PLEASED
when you collected the coins?


Please rate from 0 to 100 on the scale
below, where

  0 =             and            100 = 
 ""not at all""                    ""most possible""",rew-eff-first,BA,0
sub_57953,1215,37,postBlock2,0,1,"During the last block, how much did you
FEEL PLEASED
when you collected the coins?


Please rate from 0 to 100 on the scale
below, where

  0 =             and            100 = 
 ""not at all""                    ""most possible""",rew-eff-first,BA,0
sub_57953,1216,84,postBlock0,0,1,"During the last block, how much did you
FEEL PLEASED
when you collected the coins?


Please rate from 0 to 100 on the scale
below, where

  0 =             and            100 = 
 ""not at all""                    ""most possible""",rew-eff-first,BA,0
sub_57953,1217,29,postBlock0,0,2,"During the last block, how much did you
FEEL A SENSE OF ACHIEVEMENT when you
sucessfully hit the required power level?


Please rate from 0 to 100 on the scale
below, where

  0 =             and            100 = 
 ""not at all""                    ""most possible""",rew-eff-first,BA,0
sub_57953,1218,36,postBlock3,0,2,"During the last block, how much did you
FEEL A SENSE OF ACHIEVEMENT when you
sucessfully hit the required power level?


Please rate from 0 to 100 on the scale
below, where

  0 =             and            100 = 
 ""not at all""                    ""most possible""",rew-eff-first,BA,0
sub_57953,1219,39,postBlock1,0,2,"During the last block, how much did you
FEEL A SENSE OF ACHIEVEMENT when you
sucessfully hit the required power level?


Please rate from 0 to 100 on the scale
below, where

  0 =             and            100 = 
 ""not at all""                    ""most possible""",rew-eff-first,BA,0
sub_57953,1220,33,postBlock2,0,2,"During the last block, how much did you
FEEL A SENSE OF ACHIEVEMENT when you
sucessfully hit the required power level?


Please rate from 0 to 100 on the scale
below, where

  0 =             and            100 = 
 ""not at all""                    ""most possible""",rew-eff-first,BA,0
sub_57953,1221,73,postBlock0,0,3,"During the last block, how much did you
FEEL BORED?
Please rate from 0 to 100 on the scale
below, where

  0 =             and            100 = 
 ""not at all""                    ""most possible""",rew-eff-first,BA,0
sub_57953,1222,80,postBlock1,0,3,"During the last block, how much did you
FEEL BORED?
Please rate from 0 to 100 on the scale
below, where

  0 =             and            100 = 
 ""not at all""                    ""most possible""",rew-eff-first,BA,0
sub_57953,1223,79,postBlock3,0,3,"During the last block, how much did you
FEEL BORED?
Please rate from 0 to 100 on the scale
below, where

  0 =             and            100 = 
 ""not at all""                    ""most possible""",rew-eff-first,BA,0
sub_57953,1224,69,postBlock2,0,3,"During the last block, how much did you
FEEL BORED?
Please rate from 0 to 100 on the scale
below, where

  0 =             and            100 = 
 ""not at all""                    ""most possible""",rew-eff-first,BA,0
sub_35326,1225,62,postBlock3,0,1,"During the last block, how much did you
FEEL PLEASED
when you collected the coins?


Please rate from 0 to 100 on the scale
below, where

  0 =             and            100 = 
 ""not at all""                    ""most possible""",causal-attr-first,CR,0
sub_35326,1226,70,postBlock1,0,1,"During the last block, how much did you
FEEL PLEASED
when you collected the coins?


Please rate from 0 to 100 on the scale
below, where

  0 =             and            100 = 
 ""not at all""                    ""most possible""",causal-attr-first,CR,0
sub_35326,1227,75,postBlock2,0,1,"During the last block, how much did you
FEEL PLEASED
when you collected the coins?


Please rate from 0 to 100 on the scale
below, where

  0 =             and            100 = 
 ""not at all""                    ""most possible""",causal-attr-first,CR,0
sub_35326,1228,80,postBlock0,0,1,"During the last block, how much did you
FEEL PLEASED
when you collected the coins?


Please rate from 0 to 100 on the scale
below, where

  0 =             and            100 = 
 ""not at all""                    ""most possible""",causal-attr-first,CR,0
sub_35326,1229,85,postBlock0,0,2,"During the last block, how much did you
FEEL A SENSE OF ACHIEVEMENT when you
sucessfully hit the required power level?


Please rate from 0 to 100 on the scale
below, where

  0 =             and            100 = 
 ""not at all""                    ""most possible""",causal-attr-first,CR,0
sub_35326,1230,62,postBlock3,0,2,"During the last block, how much did you
FEEL A SENSE OF ACHIEVEMENT when you
sucessfully hit the required power level?


Please rate from 0 to 100 on the scale
below, where

  0 =             and            100 = 
 ""not at all""                    ""most possible""",causal-attr-first,CR,0
sub_35326,1231,75,postBlock1,0,2,"During the last block, how much did you
FEEL A SENSE OF ACHIEVEMENT when you
sucessfully hit the required power level?


Please rate from 0 to 100 on the scale
below, where

  0 =             and            100 = 
 ""not at all""                    ""most possible""",causal-attr-first,CR,0
sub_35326,1232,65,postBlock2,0,2,"During the last block, how much did you
FEEL A SENSE OF ACHIEVEMENT when you
sucessfully hit the required power level?


Please rate from 0 to 100 on the scale
below, where

  0 =             and            100 = 
 ""not at all""                    ""most possible""",causal-attr-first,CR,0
sub_35326,1233,10,postBlock0,0,3,"During the last block, how much did you
FEEL BORED?
Please rate from 0 to 100 on the scale
below, where

  0 =             and            100 = 
 ""not at all""                    ""most possible""",causal-attr-first,CR,0
sub_35326,1234,12,postBlock1,0,3,"During the last block, how much did you
FEEL BORED?
Please rate from 0 to 100 on the scale
below, where

  0 =             and            100 = 
 ""not at all""                    ""most possible""",causal-attr-first,CR,0
sub_35326,1235,40,postBlock3,0,3,"During the last block, how much did you
FEEL BORED?
Please rate from 0 to 100 on the scale
below, where

  0 =             and            100 = 
 ""not at all""                    ""most possible""",causal-attr-first,CR,0
sub_35326,1236,25,postBlock2,0,3,"During the last block, how much did you
FEEL BORED?
Please rate from 0 to 100 on the scale
below, where

  0 =             and            100 = 
 ""not at all""                    ""most possible""",causal-attr-first,CR,0
sub_81419,1237,82,postBlock3,0,1,"During the last block, how much did you
FEEL PLEASED
when you collected the coins?


Please rate from 0 to 100 on the scale
below, where

  0 =             and            100 = 
 ""not at all""                    ""most possible""",causal-attr-first,CR,0
sub_81419,1238,69,postBlock1,0,1,"During the last block, how much did you
FEEL PLEASED
when you collected the coins?


Please rate from 0 to 100 on the scale
below, where

  0 =             and            100 = 
 ""not at all""                    ""most possible""",causal-attr-first,CR,0
sub_81419,1239,76,postBlock2,0,1,"During the last block, how much did you
FEEL PLEASED
when you collected the coins?


Please rate from 0 to 100 on the scale
below, where

  0 =             and            100 = 
 ""not at all""                    ""most possible""",causal-attr-first,CR,0
sub_81419,1240,77,postBlock0,0,1,"During the last block, how much did you
FEEL PLEASED
when you collected the coins?


Please rate from 0 to 100 on the scale
below, where

  0 =             and            100 = 
 ""not at all""                    ""most possible""",causal-attr-first,CR,0
sub_81419,1241,99,postBlock0,0,2,"During the last block, how much did you
FEEL A SENSE OF ACHIEVEMENT when you
sucessfully hit the required power level?


Please rate from 0 to 100 on the scale
below, where

  0 =             and            100 = 
 ""not at all""                    ""most possible""",causal-attr-first,CR,0
sub_81419,1242,74,postBlock3,0,2,"During the last block, how much did you
FEEL A SENSE OF ACHIEVEMENT when you
sucessfully hit the required power level?


Please rate from 0 to 100 on the scale
below, where

  0 =             and            100 = 
 ""not at all""                    ""most possible""",causal-attr-first,CR,0
sub_81419,1243,69,postBlock1,0,2,"During the last block, how much did you
FEEL A SENSE OF ACHIEVEMENT when you
sucessfully hit the required power level?


Please rate from 0 to 100 on the scale
below, where

  0 =             and            100 = 
 ""not at all""                    ""most possible""",causal-attr-first,CR,0
sub_81419,1244,51,postBlock2,0,2,"During the last block, how much did you
FEEL A SENSE OF ACHIEVEMENT when you
sucessfully hit the required power level?


Please rate from 0 to 100 on the scale
below, where

  0 =             and            100 = 
 ""not at all""                    ""most possible""",causal-attr-first,CR,0
sub_81419,1245,2,postBlock0,0,3,"During the last block, how much did you
FEEL BORED?
Please rate from 0 to 100 on the scale
below, where

  0 =             and            100 = 
 ""not at all""                    ""most possible""",causal-attr-first,CR,0
sub_81419,1246,3,postBlock1,0,3,"During the last block, how much did you
FEEL BORED?
Please rate from 0 to 100 on the scale
below, where

  0 =             and            100 = 
 ""not at all""                    ""most possible""",causal-attr-first,CR,0
sub_81419,1247,5,postBlock3,0,3,"During the last block, how much did you
FEEL BORED?
Please rate from 0 to 100 on the scale
below, where

  0 =             and            100 = 
 ""not at all""                    ""most possible""",causal-attr-first,CR,0
sub_81419,1248,12,postBlock2,0,3,"During the last block, how much did you
FEEL BORED?
Please rate from 0 to 100 on the scale
below, where

  0 =             and            100 = 
 ""not at all""                    ""most possible""",causal-attr-first,CR,0
sub_49516,1249,83,postBlock3,0,1,"During the last block, how much did you
FEEL PLEASED
when you collected the coins?


Please rate from 0 to 100 on the scale
below, where

  0 =             and            100 = 
 ""not at all""                    ""most possible""",rew-eff-first,BA,0
sub_49516,1250,65,postBlock1,0,1,"During the last block, how much did you
FEEL PLEASED
when you collected the coins?


Please rate from 0 to 100 on the scale
below, where

  0 =             and            100 = 
 ""not at all""                    ""most possible""",rew-eff-first,BA,0
sub_49516,1251,84,postBlock2,0,1,"During the last block, how much did you
FEEL PLEASED
when you collected the coins?


Please rate from 0 to 100 on the scale
below, where

  0 =             and            100 = 
 ""not at all""                    ""most possible""",rew-eff-first,BA,0
sub_49516,1252,19,postBlock0,0,1,"During the last block, how much did you
FEEL PLEASED
when you collected the coins?


Please rate from 0 to 100 on the scale
below, where

  0 =             and            100 = 
 ""not at all""                    ""most possible""",rew-eff-first,BA,0
sub_49516,1253,98,postBlock0,0,2,"During the last block, how much did you
FEEL A SENSE OF ACHIEVEMENT when you
sucessfully hit the required power level?


Please rate from 0 to 100 on the scale
below, where

  0 =             and            100 = 
 ""not at all""                    ""most possible""",rew-eff-first,BA,0
sub_49516,1254,11,postBlock3,0,2,"During the last block, how much did you
FEEL A SENSE OF ACHIEVEMENT when you
sucessfully hit the required power level?


Please rate from 0 to 100 on the scale
below, where

  0 =             and            100 = 
 ""not at all""                    ""most possible""",rew-eff-first,BA,0
sub_49516,1255,52,postBlock1,0,2,"During the last block, how much did you
FEEL A SENSE OF ACHIEVEMENT when you
sucessfully hit the required power level?


Please rate from 0 to 100 on the scale
below, where

  0 =             and            100 = 
 ""not at all""                    ""most possible""",rew-eff-first,BA,0
sub_49516,1256,24,postBlock2,0,2,"During the last block, how much did you
FEEL A SENSE OF ACHIEVEMENT when you
sucessfully hit the required power level?


Please rate from 0 to 100 on the scale
below, where

  0 =             and            100 = 
 ""not at all""                    ""most possible""",rew-eff-first,BA,0
sub_49516,1257,42,postBlock0,0,3,"During the last block, how much did you
FEEL BORED?
Please rate from 0 to 100 on the scale
below, where

  0 =             and            100 = 
 ""not at all""                    ""most possible""",rew-eff-first,BA,0
sub_49516,1258,82,postBlock1,0,3,"During the last block, how much did you
FEEL BORED?
Please rate from 0 to 100 on the scale
below, where

  0 =             and            100 = 
 ""not at all""                    ""most possible""",rew-eff-first,BA,0
sub_49516,1259,96,postBlock3,0,3,"During the last block, how much did you
FEEL BORED?
Please rate from 0 to 100 on the scale
below, where

  0 =             and            100 = 
 ""not at all""                    ""most possible""",rew-eff-first,BA,0
sub_49516,1260,99,postBlock2,0,3,"During the last block, how much did you
FEEL BORED?
Please rate from 0 to 100 on the scale
below, where

  0 =             and            100 = 
 ""not at all""                    ""most possible""",rew-eff-first,BA,0
sub_12131,1261,90,postBlock3,0,1,"During the last block, how much did you
FEEL PLEASED
when you collected the coins?


Please rate from 0 to 100 on the scale
below, where

  0 =             and            100 = 
 ""not at all""                    ""most possible""",causal-attr-first,CR,0
sub_12131,1262,91,postBlock1,0,1,"During the last block, how much did you
FEEL PLEASED
when you collected the coins?


Please rate from 0 to 100 on the scale
below, where

  0 =             and            100 = 
 ""not at all""                    ""most possible""",causal-attr-first,CR,0
sub_12131,1263,87,postBlock2,0,1,"During the last block, how much did you
FEEL PLEASED
when you collected the coins?


Please rate from 0 to 100 on the scale
below, where

  0 =             and            100 = 
 ""not at all""                    ""most possible""",causal-attr-first,CR,0
sub_12131,1264,82,postBlock0,0,1,"During the last block, how much did you
FEEL PLEASED
when you collected the coins?


Please rate from 0 to 100 on the scale
below, where

  0 =             and            100 = 
 ""not at all""                    ""most possible""",causal-attr-first,CR,0
sub_12131,1265,89,postBlock0,0,2,"During the last block, how much did you
FEEL A SENSE OF ACHIEVEMENT when you
sucessfully hit the required power level?


Please rate from 0 to 100 on the scale
below, where

  0 =             and            100 = 
 ""not at all""                    ""most possible""",causal-attr-first,CR,0
sub_12131,1266,90,postBlock3,0,2,"During the last block, how much did you
FEEL A SENSE OF ACHIEVEMENT when you
sucessfully hit the required power level?


Please rate from 0 to 100 on the scale
below, where

  0 =             and            100 = 
 ""not at all""                    ""most possible""",causal-attr-first,CR,0
sub_12131,1267,92,postBlock1,0,2,"During the last block, how much did you
FEEL A SENSE OF ACHIEVEMENT when you
sucessfully hit the required power level?


Please rate from 0 to 100 on the scale
below, where

  0 =             and            100 = 
 ""not at all""                    ""most possible""",causal-attr-first,CR,0
sub_12131,1268,88,postBlock2,0,2,"During the last block, how much did you
FEEL A SENSE OF ACHIEVEMENT when you
sucessfully hit the required power level?


Please rate from 0 to 100 on the scale
below, where

  0 =             and            100 = 
 ""not at all""                    ""most possible""",causal-attr-first,CR,0
sub_12131,1269,15,postBlock0,0,3,"During the last block, how much did you
FEEL BORED?
Please rate from 0 to 100 on the scale
below, where

  0 =             and            100 = 
 ""not at all""                    ""most possible""",causal-attr-first,CR,0
sub_12131,1270,16,postBlock1,0,3,"During the last block, how much did you
FEEL BORED?
Please rate from 0 to 100 on the scale
below, where

  0 =             and            100 = 
 ""not at all""                    ""most possible""",causal-attr-first,CR,0
sub_12131,1271,5,postBlock3,0,3,"During the last block, how much did you
FEEL BORED?
Please rate from 0 to 100 on the scale
below, where

  0 =             and            100 = 
 ""not at all""                    ""most possible""",causal-attr-first,CR,0
sub_12131,1272,6,postBlock2,0,3,"During the last block, how much did you
FEEL BORED?
Please rate from 0 to 100 on the scale
below, where

  0 =             and            100 = 
 ""not at all""                    ""most possible""",causal-attr-first,CR,0
sub_39135,1273,63,postBlock3,0,1,"During the last block, how much did you
FEEL PLEASED
when you collected the coins?


Please rate from 0 to 100 on the scale
below, where

  0 =             and            100 = 
 ""not at all""                    ""most possible""",rew-eff-first,CR,0
sub_39135,1274,75,postBlock1,0,1,"During the last block, how much did you
FEEL PLEASED
when you collected the coins?


Please rate from 0 to 100 on the scale
below, where

  0 =             and            100 = 
 ""not at all""                    ""most possible""",rew-eff-first,CR,0
sub_39135,1275,39,postBlock2,0,1,"During the last block, how much did you
FEEL PLEASED
when you collected the coins?


Please rate from 0 to 100 on the scale
below, where

  0 =             and            100 = 
 ""not at all""                    ""most possible""",rew-eff-first,CR,0
sub_39135,1276,84,postBlock0,0,1,"During the last block, how much did you
FEEL PLEASED
when you collected the coins?


Please rate from 0 to 100 on the scale
below, where

  0 =             and            100 = 
 ""not at all""                    ""most possible""",rew-eff-first,CR,0
sub_39135,1277,82,postBlock0,0,2,"During the last block, how much did you
FEEL A SENSE OF ACHIEVEMENT when you
sucessfully hit the required power level?


Please rate from 0 to 100 on the scale
below, where

  0 =             and            100 = 
 ""not at all""                    ""most possible""",rew-eff-first,CR,0
sub_39135,1278,65,postBlock3,0,2,"During the last block, how much did you
FEEL A SENSE OF ACHIEVEMENT when you
sucessfully hit the required power level?


Please rate from 0 to 100 on the scale
below, where

  0 =             and            100 = 
 ""not at all""                    ""most possible""",rew-eff-first,CR,0
sub_39135,1279,82,postBlock1,0,2,"During the last block, how much did you
FEEL A SENSE OF ACHIEVEMENT when you
sucessfully hit the required power level?


Please rate from 0 to 100 on the scale
below, where

  0 =             and            100 = 
 ""not at all""                    ""most possible""",rew-eff-first,CR,0
sub_39135,1280,44,postBlock2,0,2,"During the last block, how much did you
FEEL A SENSE OF ACHIEVEMENT when you
sucessfully hit the required power level?


Please rate from 0 to 100 on the scale
below, where

  0 =             and            100 = 
 ""not at all""                    ""most possible""",rew-eff-first,CR,0
sub_39135,1281,41,postBlock0,0,3,"During the last block, how much did you
FEEL BORED?
Please rate from 0 to 100 on the scale
below, where

  0 =             and            100 = 
 ""not at all""                    ""most possible""",rew-eff-first,CR,0
sub_39135,1282,63,postBlock1,0,3,"During the last block, how much did you
FEEL BORED?
Please rate from 0 to 100 on the scale
below, where

  0 =             and            100 = 
 ""not at all""                    ""most possible""",rew-eff-first,CR,0
sub_39135,1283,73,postBlock3,0,3,"During the last block, how much did you
FEEL BORED?
Please rate from 0 to 100 on the scale
below, where

  0 =             and            100 = 
 ""not at all""                    ""most possible""",rew-eff-first,CR,0
sub_39135,1284,77,postBlock2,0,3,"During the last block, how much did you
FEEL BORED?
Please rate from 0 to 100 on the scale
below, where

  0 =             and            100 = 
 ""not at all""                    ""most possible""",rew-eff-first,CR,0
sub_96999,1285,98,postBlock3,0,1,"During the last block, how much did you
FEEL PLEASED
when you collected the coins?


Please rate from 0 to 100 on the scale
below, where

  0 =             and            100 = 
 ""not at all""                    ""most possible""",causal-attr-first,BA,0
sub_96999,1286,74,postBlock1,0,1,"During the last block, how much did you
FEEL PLEASED
when you collected the coins?


Please rate from 0 to 100 on the scale
below, where

  0 =             and            100 = 
 ""not at all""                    ""most possible""",causal-attr-first,BA,0
sub_96999,1287,79,postBlock2,0,1,"During the last block, how much did you
FEEL PLEASED
when you collected the coins?


Please rate from 0 to 100 on the scale
below, where

  0 =             and            100 = 
 ""not at all""                    ""most possible""",causal-attr-first,BA,0
sub_96999,1288,79,postBlock0,0,1,"During the last block, how much did you
FEEL PLEASED
when you collected the coins?


Please rate from 0 to 100 on the scale
below, where

  0 =             and            100 = 
 ""not at all""                    ""most possible""",causal-attr-first,BA,0
sub_96999,1289,90,postBlock0,0,2,"During the last block, how much did you
FEEL A SENSE OF ACHIEVEMENT when you
sucessfully hit the required power level?


Please rate from 0 to 100 on the scale
below, where

  0 =             and            100 = 
 ""not at all""                    ""most possible""",causal-attr-first,BA,0
sub_96999,1290,100,postBlock3,0,2,"During the last block, how much did you
FEEL A SENSE OF ACHIEVEMENT when you
sucessfully hit the required power level?


Please rate from 0 to 100 on the scale
below, where

  0 =             and            100 = 
 ""not at all""                    ""most possible""",causal-attr-first,BA,0
sub_96999,1291,81,postBlock1,0,2,"During the last block, how much did you
FEEL A SENSE OF ACHIEVEMENT when you
sucessfully hit the required power level?


Please rate from 0 to 100 on the scale
below, where

  0 =             and            100 = 
 ""not at all""                    ""most possible""",causal-attr-first,BA,0
sub_96999,1292,74,postBlock2,0,2,"During the last block, how much did you
FEEL A SENSE OF ACHIEVEMENT when you
sucessfully hit the required power level?


Please rate from 0 to 100 on the scale
below, where

  0 =             and            100 = 
 ""not at all""                    ""most possible""",causal-attr-first,BA,0
sub_96999,1293,67,postBlock0,0,3,"During the last block, how much did you
FEEL BORED?
Please rate from 0 to 100 on the scale
below, where

  0 =             and            100 = 
 ""not at all""                    ""most possible""",causal-attr-first,BA,0
sub_96999,1294,62,postBlock1,0,3,"During the last block, how much did you
FEEL BORED?
Please rate from 0 to 100 on the scale
below, where

  0 =             and            100 = 
 ""not at all""                    ""most possible""",causal-attr-first,BA,0
sub_96999,1295,98,postBlock3,0,3,"During the last block, how much did you
FEEL BORED?
Please rate from 0 to 100 on the scale
below, where

  0 =             and            100 = 
 ""not at all""                    ""most possible""",causal-attr-first,BA,0
sub_96999,1296,59,postBlock2,0,3,"During the last block, how much did you
FEEL BORED?
Please rate from 0 to 100 on the scale
below, where

  0 =             and            100 = 
 ""not at all""                    ""most possible""",causal-attr-first,BA,0
sub_70988,1297,68,postBlock3,0,1,"During the last block, how much did you
FEEL PLEASED
when you collected the coins?


Please rate from 0 to 100 on the scale
below, where

  0 =             and            100 = 
 ""not at all""                    ""most possible""",causal-attr-first,BA,0
sub_70988,1298,81,postBlock1,0,1,"During the last block, how much did you
FEEL PLEASED
when you collected the coins?


Please rate from 0 to 100 on the scale
below, where

  0 =             and            100 = 
 ""not at all""                    ""most possible""",causal-attr-first,BA,0
sub_70988,1299,70,postBlock2,0,1,"During the last block, how much did you
FEEL PLEASED
when you collected the coins?


Please rate from 0 to 100 on the scale
below, where

  0 =             and            100 = 
 ""not at all""                    ""most possible""",causal-attr-first,BA,0
sub_70988,1300,86,postBlock0,0,1,"During the last block, how much did you
FEEL PLEASED
when you collected the coins?


Please rate from 0 to 100 on the scale
below, where

  0 =             and            100 = 
 ""not at all""                    ""most possible""",causal-attr-first,BA,0
sub_70988,1301,83,postBlock0,0,2,"During the last block, how much did you
FEEL A SENSE OF ACHIEVEMENT when you
sucessfully hit the required power level?


Please rate from 0 to 100 on the scale
below, where

  0 =             and            100 = 
 ""not at all""                    ""most possible""",causal-attr-first,BA,0
sub_70988,1302,58,postBlock3,0,2,"During the last block, how much did you
FEEL A SENSE OF ACHIEVEMENT when you
sucessfully hit the required power level?


Please rate from 0 to 100 on the scale
below, where

  0 =             and            100 = 
 ""not at all""                    ""most possible""",causal-attr-first,BA,0
sub_70988,1303,80,postBlock1,0,2,"During the last block, how much did you
FEEL A SENSE OF ACHIEVEMENT when you
sucessfully hit the required power level?


Please rate from 0 to 100 on the scale
below, where

  0 =             and            100 = 
 ""not at all""                    ""most possible""",causal-attr-first,BA,0
sub_70988,1304,68,postBlock2,0,2,"During the last block, how much did you
FEEL A SENSE OF ACHIEVEMENT when you
sucessfully hit the required power level?


Please rate from 0 to 100 on the scale
below, where

  0 =             and            100 = 
 ""not at all""                    ""most possible""",causal-attr-first,BA,0
sub_70988,1305,57,postBlock0,0,3,"During the last block, how much did you
FEEL BORED?
Please rate from 0 to 100 on the scale
below, where

  0 =             and            100 = 
 ""not at all""                    ""most possible""",causal-attr-first,BA,0
sub_70988,1306,40,postBlock1,0,3,"During the last block, how much did you
FEEL BORED?
Please rate from 0 to 100 on the scale
below, where

  0 =             and            100 = 
 ""not at all""                    ""most possible""",causal-attr-first,BA,0
sub_70988,1307,15,postBlock3,0,3,"During the last block, how much did you
FEEL BORED?
Please rate from 0 to 100 on the scale
below, where

  0 =             and            100 = 
 ""not at all""                    ""most possible""",causal-attr-first,BA,0
sub_70988,1308,28,postBlock2,0,3,"During the last block, how much did you
FEEL BORED?
Please rate from 0 to 100 on the scale
below, where

  0 =             and            100 = 
 ""not at all""                    ""most possible""",causal-attr-first,BA,0
sub_85946,1309,96,postBlock3,0,1,"During the last block, how much did you
FEEL PLEASED
when you collected the coins?


Please rate from 0 to 100 on the scale
below, where

  0 =             and            100 = 
 ""not at all""                    ""most possible""",causal-attr-first,BA,0
sub_85946,1310,86,postBlock1,0,1,"During the last block, how much did you
FEEL PLEASED
when you collected the coins?


Please rate from 0 to 100 on the scale
below, where

  0 =             and            100 = 
 ""not at all""                    ""most possible""",causal-attr-first,BA,0
sub_85946,1311,93,postBlock2,0,1,"During the last block, how much did you
FEEL PLEASED
when you collected the coins?


Please rate from 0 to 100 on the scale
below, where

  0 =             and            100 = 
 ""not at all""                    ""most possible""",causal-attr-first,BA,0
sub_85946,1312,87,postBlock0,0,1,"During the last block, how much did you
FEEL PLEASED
when you collected the coins?


Please rate from 0 to 100 on the scale
below, where

  0 =             and            100 = 
 ""not at all""                    ""most possible""",causal-attr-first,BA,0
sub_85946,1313,93,postBlock0,0,2,"During the last block, how much did you
FEEL A SENSE OF ACHIEVEMENT when you
sucessfully hit the required power level?


Please rate from 0 to 100 on the scale
below, where

  0 =             and            100 = 
 ""not at all""                    ""most possible""",causal-attr-first,BA,0
sub_85946,1314,100,postBlock3,0,2,"During the last block, how much did you
FEEL A SENSE OF ACHIEVEMENT when you
sucessfully hit the required power level?


Please rate from 0 to 100 on the scale
below, where

  0 =             and            100 = 
 ""not at all""                    ""most possible""",causal-attr-first,BA,0
sub_85946,1315,88,postBlock1,0,2,"During the last block, how much did you
FEEL A SENSE OF ACHIEVEMENT when you
sucessfully hit the required power level?


Please rate from 0 to 100 on the scale
below, where

  0 =             and            100 = 
 ""not at all""                    ""most possible""",causal-attr-first,BA,0
sub_85946,1316,95,postBlock2,0,2,"During the last block, how much did you
FEEL A SENSE OF ACHIEVEMENT when you
sucessfully hit the required power level?


Please rate from 0 to 100 on the scale
below, where

  0 =             and            100 = 
 ""not at all""                    ""most possible""",causal-attr-first,BA,0
sub_85946,1317,10,postBlock0,0,3,"During the last block, how much did you
FEEL BORED?
Please rate from 0 to 100 on the scale
below, where

  0 =             and            100 = 
 ""not at all""                    ""most possible""",causal-attr-first,BA,0
sub_85946,1318,4,postBlock1,0,3,"During the last block, how much did you
FEEL BORED?
Please rate from 0 to 100 on the scale
below, where

  0 =             and            100 = 
 ""not at all""                    ""most possible""",causal-attr-first,BA,0
sub_85946,1319,3,postBlock3,0,3,"During the last block, how much did you
FEEL BORED?
Please rate from 0 to 100 on the scale
below, where

  0 =             and            100 = 
 ""not at all""                    ""most possible""",causal-attr-first,BA,0
sub_85946,1320,4,postBlock2,0,3,"During the last block, how much did you
FEEL BORED?
Please rate from 0 to 100 on the scale
below, where

  0 =             and            100 = 
 ""not at all""                    ""most possible""",causal-attr-first,BA,0
sub_30117,1321,93,postBlock3,0,1,"During the last block, how much did you
FEEL PLEASED
when you collected the coins?


Please rate from 0 to 100 on the scale
below, where

  0 =             and            100 = 
 ""not at all""                    ""most possible""",causal-attr-first,BA,0
sub_30117,1322,100,postBlock1,0,1,"During the last block, how much did you
FEEL PLEASED
when you collected the coins?


Please rate from 0 to 100 on the scale
below, where

  0 =             and            100 = 
 ""not at all""                    ""most possible""",causal-attr-first,BA,0
sub_30117,1323,100,postBlock2,0,1,"During the last block, how much did you
FEEL PLEASED
when you collected the coins?


Please rate from 0 to 100 on the scale
below, where

  0 =             and            100 = 
 ""not at all""                    ""most possible""",causal-attr-first,BA,0
sub_30117,1324,100,postBlock0,0,1,"During the last block, how much did you
FEEL PLEASED
when you collected the coins?


Please rate from 0 to 100 on the scale
below, where

  0 =             and            100 = 
 ""not at all""                    ""most possible""",causal-attr-first,BA,0
sub_30117,1325,99,postBlock0,0,2,"During the last block, how much did you
FEEL A SENSE OF ACHIEVEMENT when you
sucessfully hit the required power level?


Please rate from 0 to 100 on the scale
below, where

  0 =             and            100 = 
 ""not at all""                    ""most possible""",causal-attr-first,BA,0
sub_30117,1326,97,postBlock3,0,2,"During the last block, how much did you
FEEL A SENSE OF ACHIEVEMENT when you
sucessfully hit the required power level?


Please rate from 0 to 100 on the scale
below, where

  0 =             and            100 = 
 ""not at all""                    ""most possible""",causal-attr-first,BA,0
sub_30117,1327,99,postBlock1,0,2,"During the last block, how much did you
FEEL A SENSE OF ACHIEVEMENT when you
sucessfully hit the required power level?


Please rate from 0 to 100 on the scale
below, where

  0 =             and            100 = 
 ""not at all""                    ""most possible""",causal-attr-first,BA,0
sub_30117,1328,100,postBlock2,0,2,"During the last block, how much did you
FEEL A SENSE OF ACHIEVEMENT when you
sucessfully hit the required power level?


Please rate from 0 to 100 on the scale
below, where

  0 =             and            100 = 
 ""not at all""                    ""most possible""",causal-attr-first,BA,0
sub_30117,1329,0,postBlock0,0,3,"During the last block, how much did you
FEEL BORED?
Please rate from 0 to 100 on the scale
below, where

  0 =             and            100 = 
 ""not at all""                    ""most possible""",causal-attr-first,BA,0
sub_30117,1330,3,postBlock1,0,3,"During the last block, how much did you
FEEL BORED?
Please rate from 0 to 100 on the scale
below, where

  0 =             and            100 = 
 ""not at all""                    ""most possible""",causal-attr-first,BA,0
sub_30117,1331,1,postBlock3,0,3,"During the last block, how much did you
FEEL BORED?
Please rate from 0 to 100 on the scale
below, where

  0 =             and            100 = 
 ""not at all""                    ""most possible""",causal-attr-first,BA,0
sub_30117,1332,0,postBlock2,0,3,"During the last block, how much did you
FEEL BORED?
Please rate from 0 to 100 on the scale
below, where

  0 =             and            100 = 
 ""not at all""                    ""most possible""",causal-attr-first,BA,0
sub_81635,1333,83,postBlock3,0,1,"During the last block, how much did you
FEEL PLEASED
when you collected the coins?


Please rate from 0 to 100 on the scale
below, where

  0 =             and            100 = 
 ""not at all""                    ""most possible""",rew-eff-first,CR,0
sub_81635,1334,68,postBlock1,0,1,"During the last block, how much did you
FEEL PLEASED
when you collected the coins?


Please rate from 0 to 100 on the scale
below, where

  0 =             and            100 = 
 ""not at all""                    ""most possible""",rew-eff-first,CR,0
sub_81635,1335,79,postBlock2,0,1,"During the last block, how much did you
FEEL PLEASED
when you collected the coins?


Please rate from 0 to 100 on the scale
below, where

  0 =             and            100 = 
 ""not at all""                    ""most possible""",rew-eff-first,CR,0
sub_81635,1336,85,postBlock0,0,1,"During the last block, how much did you
FEEL PLEASED
when you collected the coins?


Please rate from 0 to 100 on the scale
below, where

  0 =             and            100 = 
 ""not at all""                    ""most possible""",rew-eff-first,CR,0
sub_81635,1337,98,postBlock0,0,2,"During the last block, how much did you
FEEL A SENSE OF ACHIEVEMENT when you
sucessfully hit the required power level?


Please rate from 0 to 100 on the scale
below, where

  0 =             and            100 = 
 ""not at all""                    ""most possible""",rew-eff-first,CR,0
sub_81635,1338,77,postBlock3,0,2,"During the last block, how much did you
FEEL A SENSE OF ACHIEVEMENT when you
sucessfully hit the required power level?


Please rate from 0 to 100 on the scale
below, where

  0 =             and            100 = 
 ""not at all""                    ""most possible""",rew-eff-first,CR,0
sub_81635,1339,31,postBlock1,0,2,"During the last block, how much did you
FEEL A SENSE OF ACHIEVEMENT when you
sucessfully hit the required power level?


Please rate from 0 to 100 on the scale
below, where

  0 =             and            100 = 
 ""not at all""                    ""most possible""",rew-eff-first,CR,0
sub_81635,1340,82,postBlock2,0,2,"During the last block, how much did you
FEEL A SENSE OF ACHIEVEMENT when you
sucessfully hit the required power level?


Please rate from 0 to 100 on the scale
below, where

  0 =             and            100 = 
 ""not at all""                    ""most possible""",rew-eff-first,CR,0
sub_81635,1341,24,postBlock0,0,3,"During the last block, how much did you
FEEL BORED?
Please rate from 0 to 100 on the scale
below, where

  0 =             and            100 = 
 ""not at all""                    ""most possible""",rew-eff-first,CR,0
sub_81635,1342,0,postBlock1,0,3,"During the last block, how much did you
FEEL BORED?
Please rate from 0 to 100 on the scale
below, where

  0 =             and            100 = 
 ""not at all""                    ""most possible""",rew-eff-first,CR,0
sub_81635,1343,20,postBlock3,0,3,"During the last block, how much did you
FEEL BORED?
Please rate from 0 to 100 on the scale
below, where

  0 =             and            100 = 
 ""not at all""                    ""most possible""",rew-eff-first,CR,0
sub_81635,1344,3,postBlock2,0,3,"During the last block, how much did you
FEEL BORED?
Please rate from 0 to 100 on the scale
below, where

  0 =             and            100 = 
 ""not at all""                    ""most possible""",rew-eff-first,CR,0
sub_70981,1345,100,postBlock3,0,1,"During the last block, how much did you
FEEL PLEASED
when you collected the coins?


Please rate from 0 to 100 on the scale
below, where

  0 =             and            100 = 
 ""not at all""                    ""most possible""",causal-attr-first,BA,0
sub_70981,1346,100,postBlock1,0,1,"During the last block, how much did you
FEEL PLEASED
when you collected the coins?


Please rate from 0 to 100 on the scale
below, where

  0 =             and            100 = 
 ""not at all""                    ""most possible""",causal-attr-first,BA,0
sub_70981,1347,100,postBlock2,0,1,"During the last block, how much did you
FEEL PLEASED
when you collected the coins?


Please rate from 0 to 100 on the scale
below, where

  0 =             and            100 = 
 ""not at all""                    ""most possible""",causal-attr-first,BA,0
sub_70981,1348,94,postBlock0,0,1,"During the last block, how much did you
FEEL PLEASED
when you collected the coins?


Please rate from 0 to 100 on the scale
below, where

  0 =             and            100 = 
 ""not at all""                    ""most possible""",causal-attr-first,BA,0
sub_70981,1349,96,postBlock0,0,2,"During the last block, how much did you
FEEL A SENSE OF ACHIEVEMENT when you
sucessfully hit the required power level?


Please rate from 0 to 100 on the scale
below, where

  0 =             and            100 = 
 ""not at all""                    ""most possible""",causal-attr-first,BA,0
sub_70981,1350,100,postBlock3,0,2,"During the last block, how much did you
FEEL A SENSE OF ACHIEVEMENT when you
sucessfully hit the required power level?


Please rate from 0 to 100 on the scale
below, where

  0 =             and            100 = 
 ""not at all""                    ""most possible""",causal-attr-first,BA,0
sub_70981,1351,100,postBlock1,0,2,"During the last block, how much did you
FEEL A SENSE OF ACHIEVEMENT when you
sucessfully hit the required power level?


Please rate from 0 to 100 on the scale
below, where

  0 =             and            100 = 
 ""not at all""                    ""most possible""",causal-attr-first,BA,0
sub_70981,1352,100,postBlock2,0,2,"During the last block, how much did you
FEEL A SENSE OF ACHIEVEMENT when you
sucessfully hit the required power level?


Please rate from 0 to 100 on the scale
below, where

  0 =             and            100 = 
 ""not at all""                    ""most possible""",causal-attr-first,BA,0
sub_70981,1353,40,postBlock0,0,3,"During the last block, how much did you
FEEL BORED?
Please rate from 0 to 100 on the scale
below, where

  0 =             and            100 = 
 ""not at all""                    ""most possible""",causal-attr-first,BA,0
sub_70981,1354,52,postBlock1,0,3,"During the last block, how much did you
FEEL BORED?
Please rate from 0 to 100 on the scale
below, where

  0 =             and            100 = 
 ""not at all""                    ""most possible""",causal-attr-first,BA,0
sub_70981,1355,47,postBlock3,0,3,"During the last block, how much did you
FEEL BORED?
Please rate from 0 to 100 on the scale
below, where

  0 =             and            100 = 
 ""not at all""                    ""most possible""",causal-attr-first,BA,0
sub_70981,1356,45,postBlock2,0,3,"During the last block, how much did you
FEEL BORED?
Please rate from 0 to 100 on the scale
below, where

  0 =             and            100 = 
 ""not at all""                    ""most possible""",causal-attr-first,BA,0
sub_52809,1357,79,postBlock3,0,1,"During the last block, how much did you
FEEL PLEASED
when you collected the coins?


Please rate from 0 to 100 on the scale
below, where

  0 =             and            100 = 
 ""not at all""                    ""most possible""",rew-eff-first,BA,0
sub_52809,1358,80,postBlock1,0,1,"During the last block, how much did you
FEEL PLEASED
when you collected the coins?


Please rate from 0 to 100 on the scale
below, where

  0 =             and            100 = 
 ""not at all""                    ""most possible""",rew-eff-first,BA,0
sub_52809,1359,91,postBlock2,0,1,"During the last block, how much did you
FEEL PLEASED
when you collected the coins?


Please rate from 0 to 100 on the scale
below, where

  0 =             and            100 = 
 ""not at all""                    ""most possible""",rew-eff-first,BA,0
sub_52809,1360,80,postBlock0,0,1,"During the last block, how much did you
FEEL PLEASED
when you collected the coins?


Please rate from 0 to 100 on the scale
below, where

  0 =             and            100 = 
 ""not at all""                    ""most possible""",rew-eff-first,BA,0
sub_52809,1361,75,postBlock0,0,2,"During the last block, how much did you
FEEL A SENSE OF ACHIEVEMENT when you
sucessfully hit the required power level?


Please rate from 0 to 100 on the scale
below, where

  0 =             and            100 = 
 ""not at all""                    ""most possible""",rew-eff-first,BA,0
sub_52809,1362,78,postBlock3,0,2,"During the last block, how much did you
FEEL A SENSE OF ACHIEVEMENT when you
sucessfully hit the required power level?


Please rate from 0 to 100 on the scale
below, where

  0 =             and            100 = 
 ""not at all""                    ""most possible""",rew-eff-first,BA,0
sub_52809,1363,71,postBlock1,0,2,"During the last block, how much did you
FEEL A SENSE OF ACHIEVEMENT when you
sucessfully hit the required power level?


Please rate from 0 to 100 on the scale
below, where

  0 =             and            100 = 
 ""not at all""                    ""most possible""",rew-eff-first,BA,0
sub_52809,1364,83,postBlock2,0,2,"During the last block, how much did you
FEEL A SENSE OF ACHIEVEMENT when you
sucessfully hit the required power level?


Please rate from 0 to 100 on the scale
below, where

  0 =             and            100 = 
 ""not at all""                    ""most possible""",rew-eff-first,BA,0
sub_52809,1365,0,postBlock0,0,3,"During the last block, how much did you
FEEL BORED?
Please rate from 0 to 100 on the scale
below, where

  0 =             and            100 = 
 ""not at all""                    ""most possible""",rew-eff-first,BA,0
sub_52809,1366,1,postBlock1,0,3,"During the last block, how much did you
FEEL BORED?
Please rate from 0 to 100 on the scale
below, where

  0 =             and            100 = 
 ""not at all""                    ""most possible""",rew-eff-first,BA,0
sub_52809,1367,1,postBlock3,0,3,"During the last block, how much did you
FEEL BORED?
Please rate from 0 to 100 on the scale
below, where

  0 =             and            100 = 
 ""not at all""                    ""most possible""",rew-eff-first,BA,0
sub_52809,1368,1,postBlock2,0,3,"During the last block, how much did you
FEEL BORED?
Please rate from 0 to 100 on the scale
below, where

  0 =             and            100 = 
 ""not at all""                    ""most possible""",rew-eff-first,BA,0
sub_74932,1369,82,postBlock3,0,1,"During the last block, how much did you
FEEL PLEASED
when you collected the coins?


Please rate from 0 to 100 on the scale
below, where

  0 =             and            100 = 
 ""not at all""                    ""most possible""",rew-eff-first,BA,0
sub_74932,1370,82,postBlock1,0,1,"During the last block, how much did you
FEEL PLEASED
when you collected the coins?


Please rate from 0 to 100 on the scale
below, where

  0 =             and            100 = 
 ""not at all""                    ""most possible""",rew-eff-first,BA,0
sub_74932,1371,85,postBlock2,0,1,"During the last block, how much did you
FEEL PLEASED
when you collected the coins?


Please rate from 0 to 100 on the scale
below, where

  0 =             and            100 = 
 ""not at all""                    ""most possible""",rew-eff-first,BA,0
sub_74932,1372,80,postBlock0,0,1,"During the last block, how much did you
FEEL PLEASED
when you collected the coins?


Please rate from 0 to 100 on the scale
below, where

  0 =             and            100 = 
 ""not at all""                    ""most possible""",rew-eff-first,BA,0
sub_74932,1373,87,postBlock0,0,2,"During the last block, how much did you
FEEL A SENSE OF ACHIEVEMENT when you
sucessfully hit the required power level?


Please rate from 0 to 100 on the scale
below, where

  0 =             and            100 = 
 ""not at all""                    ""most possible""",rew-eff-first,BA,0
sub_74932,1374,83,postBlock3,0,2,"During the last block, how much did you
FEEL A SENSE OF ACHIEVEMENT when you
sucessfully hit the required power level?


Please rate from 0 to 100 on the scale
below, where

  0 =             and            100 = 
 ""not at all""                    ""most possible""",rew-eff-first,BA,0
sub_74932,1375,86,postBlock1,0,2,"During the last block, how much did you
FEEL A SENSE OF ACHIEVEMENT when you
sucessfully hit the required power level?


Please rate from 0 to 100 on the scale
below, where

  0 =             and            100 = 
 ""not at all""                    ""most possible""",rew-eff-first,BA,0
sub_74932,1376,91,postBlock2,0,2,"During the last block, how much did you
FEEL A SENSE OF ACHIEVEMENT when you
sucessfully hit the required power level?


Please rate from 0 to 100 on the scale
below, where

  0 =             and            100 = 
 ""not at all""                    ""most possible""",rew-eff-first,BA,0
sub_74932,1377,1,postBlock0,0,3,"During the last block, how much did you
FEEL BORED?
Please rate from 0 to 100 on the scale
below, where

  0 =             and            100 = 
 ""not at all""                    ""most possible""",rew-eff-first,BA,0
sub_74932,1378,0,postBlock1,0,3,"During the last block, how much did you
FEEL BORED?
Please rate from 0 to 100 on the scale
below, where

  0 =             and            100 = 
 ""not at all""                    ""most possible""",rew-eff-first,BA,0
sub_74932,1379,2,postBlock3,0,3,"During the last block, how much did you
FEEL BORED?
Please rate from 0 to 100 on the scale
below, where

  0 =             and            100 = 
 ""not at all""                    ""most possible""",rew-eff-first,BA,0
sub_74932,1380,1,postBlock2,0,3,"During the last block, how much did you
FEEL BORED?
Please rate from 0 to 100 on the scale
below, where

  0 =             and            100 = 
 ""not at all""                    ""most possible""",rew-eff-first,BA,0
sub_35806,1381,100,postBlock3,0,1,"During the last block, how much did you
FEEL PLEASED
when you collected the coins?


Please rate from 0 to 100 on the scale
below, where

  0 =             and            100 = 
 ""not at all""                    ""most possible""",causal-attr-first,BA,0
sub_35806,1382,100,postBlock1,0,1,"During the last block, how much did you
FEEL PLEASED
when you collected the coins?


Please rate from 0 to 100 on the scale
below, where

  0 =             and            100 = 
 ""not at all""                    ""most possible""",causal-attr-first,BA,0
sub_35806,1383,100,postBlock2,0,1,"During the last block, how much did you
FEEL PLEASED
when you collected the coins?


Please rate from 0 to 100 on the scale
below, where

  0 =             and            100 = 
 ""not at all""                    ""most possible""",causal-attr-first,BA,0
sub_35806,1384,100,postBlock0,0,1,"During the last block, how much did you
FEEL PLEASED
when you collected the coins?


Please rate from 0 to 100 on the scale
below, where

  0 =             and            100 = 
 ""not at all""                    ""most possible""",causal-attr-first,BA,0
sub_35806,1385,100,postBlock0,0,2,"During the last block, how much did you
FEEL A SENSE OF ACHIEVEMENT when you
sucessfully hit the required power level?


Please rate from 0 to 100 on the scale
below, where

  0 =             and            100 = 
 ""not at all""                    ""most possible""",causal-attr-first,BA,0
sub_35806,1386,100,postBlock3,0,2,"During the last block, how much did you
FEEL A SENSE OF ACHIEVEMENT when you
sucessfully hit the required power level?


Please rate from 0 to 100 on the scale
below, where

  0 =             and            100 = 
 ""not at all""                    ""most possible""",causal-attr-first,BA,0
sub_35806,1387,100,postBlock1,0,2,"During the last block, how much did you
FEEL A SENSE OF ACHIEVEMENT when you
sucessfully hit the required power level?


Please rate from 0 to 100 on the scale
below, where

  0 =             and            100 = 
 ""not at all""                    ""most possible""",causal-attr-first,BA,0
sub_35806,1388,100,postBlock2,0,2,"During the last block, how much did you
FEEL A SENSE OF ACHIEVEMENT when you
sucessfully hit the required power level?


Please rate from 0 to 100 on the scale
below, where

  0 =             and            100 = 
 ""not at all""                    ""most possible""",causal-attr-first,BA,0
sub_35806,1389,0,postBlock0,0,3,"During the last block, how much did you
FEEL BORED?
Please rate from 0 to 100 on the scale
below, where

  0 =             and            100 = 
 ""not at all""                    ""most possible""",causal-attr-first,BA,0
sub_35806,1390,0,postBlock1,0,3,"During the last block, how much did you
FEEL BORED?
Please rate from 0 to 100 on the scale
below, where

  0 =             and            100 = 
 ""not at all""                    ""most possible""",causal-attr-first,BA,0
sub_35806,1391,0,postBlock3,0,3,"During the last block, how much did you
FEEL BORED?
Please rate from 0 to 100 on the scale
below, where

  0 =             and            100 = 
 ""not at all""                    ""most possible""",causal-attr-first,BA,0
sub_35806,1392,0,postBlock2,0,3,"During the last block, how much did you
FEEL BORED?
Please rate from 0 to 100 on the scale
below, where

  0 =             and            100 = 
 ""not at all""                    ""most possible""",causal-attr-first,BA,0
sub_28337,1393,94,postBlock3,0,1,"During the last block, how much did you
FEEL PLEASED
when you collected the coins?


Please rate from 0 to 100 on the scale
below, where

  0 =             and            100 = 
 ""not at all""                    ""most possible""",causal-attr-first,CR,0
sub_28337,1394,97,postBlock1,0,1,"During the last block, how much did you
FEEL PLEASED
when you collected the coins?


Please rate from 0 to 100 on the scale
below, where

  0 =             and            100 = 
 ""not at all""                    ""most possible""",causal-attr-first,CR,0
sub_28337,1395,98,postBlock2,0,1,"During the last block, how much did you
FEEL PLEASED
when you collected the coins?


Please rate from 0 to 100 on the scale
below, where

  0 =             and            100 = 
 ""not at all""                    ""most possible""",causal-attr-first,CR,0
sub_28337,1396,95,postBlock0,0,1,"During the last block, how much did you
FEEL PLEASED
when you collected the coins?


Please rate from 0 to 100 on the scale
below, where

  0 =             and            100 = 
 ""not at all""                    ""most possible""",causal-attr-first,CR,0
sub_28337,1397,96,postBlock0,0,2,"During the last block, how much did you
FEEL A SENSE OF ACHIEVEMENT when you
sucessfully hit the required power level?


Please rate from 0 to 100 on the scale
below, where

  0 =             and            100 = 
 ""not at all""                    ""most possible""",causal-attr-first,CR,0
sub_28337,1398,94,postBlock3,0,2,"During the last block, how much did you
FEEL A SENSE OF ACHIEVEMENT when you
sucessfully hit the required power level?


Please rate from 0 to 100 on the scale
below, where

  0 =             and            100 = 
 ""not at all""                    ""most possible""",causal-attr-first,CR,0
sub_28337,1399,94,postBlock1,0,2,"During the last block, how much did you
FEEL A SENSE OF ACHIEVEMENT when you
sucessfully hit the required power level?


Please rate from 0 to 100 on the scale
below, where

  0 =             and            100 = 
 ""not at all""                    ""most possible""",causal-attr-first,CR,0
sub_28337,1400,95,postBlock2,0,2,"During the last block, how much did you
FEEL A SENSE OF ACHIEVEMENT when you
sucessfully hit the required power level?


Please rate from 0 to 100 on the scale
below, where

  0 =             and            100 = 
 ""not at all""                    ""most possible""",causal-attr-first,CR,0
sub_28337,1401,5,postBlock0,0,3,"During the last block, how much did you
FEEL BORED?
Please rate from 0 to 100 on the scale
below, where

  0 =             and            100 = 
 ""not at all""                    ""most possible""",causal-attr-first,CR,0
sub_28337,1402,5,postBlock1,0,3,"During the last block, how much did you
FEEL BORED?
Please rate from 0 to 100 on the scale
below, where

  0 =             and            100 = 
 ""not at all""                    ""most possible""",causal-attr-first,CR,0
sub_28337,1403,4,postBlock3,0,3,"During the last block, how much did you
FEEL BORED?
Please rate from 0 to 100 on the scale
below, where

  0 =             and            100 = 
 ""not at all""                    ""most possible""",causal-attr-first,CR,0
sub_28337,1404,6,postBlock2,0,3,"During the last block, how much did you
FEEL BORED?
Please rate from 0 to 100 on the scale
below, where

  0 =             and            100 = 
 ""not at all""                    ""most possible""",causal-attr-first,CR,0
sub_71285,1405,100,postBlock3,0,1,"During the last block, how much did you
FEEL PLEASED
when you collected the coins?


Please rate from 0 to 100 on the scale
below, where

  0 =             and            100 = 
 ""not at all""                    ""most possible""",causal-attr-first,CR,0
sub_71285,1406,100,postBlock1,0,1,"During the last block, how much did you
FEEL PLEASED
when you collected the coins?


Please rate from 0 to 100 on the scale
below, where

  0 =             and            100 = 
 ""not at all""                    ""most possible""",causal-attr-first,CR,0
sub_71285,1407,100,postBlock2,0,1,"During the last block, how much did you
FEEL PLEASED
when you collected the coins?


Please rate from 0 to 100 on the scale
below, where

  0 =             and            100 = 
 ""not at all""                    ""most possible""",causal-attr-first,CR,0
sub_71285,1408,100,postBlock0,0,1,"During the last block, how much did you
FEEL PLEASED
when you collected the coins?


Please rate from 0 to 100 on the scale
below, where

  0 =             and            100 = 
 ""not at all""                    ""most possible""",causal-attr-first,CR,0
sub_71285,1409,100,postBlock0,0,2,"During the last block, how much did you
FEEL A SENSE OF ACHIEVEMENT when you
sucessfully hit the required power level?


Please rate from 0 to 100 on the scale
below, where

  0 =             and            100 = 
 ""not at all""                    ""most possible""",causal-attr-first,CR,0
sub_71285,1410,100,postBlock3,0,2,"During the last block, how much did you
FEEL A SENSE OF ACHIEVEMENT when you
sucessfully hit the required power level?


Please rate from 0 to 100 on the scale
below, where

  0 =             and            100 = 
 ""not at all""                    ""most possible""",causal-attr-first,CR,0
sub_71285,1411,100,postBlock1,0,2,"During the last block, how much did you
FEEL A SENSE OF ACHIEVEMENT when you
sucessfully hit the required power level?


Please rate from 0 to 100 on the scale
below, where

  0 =             and            100 = 
 ""not at all""                    ""most possible""",causal-attr-first,CR,0
sub_71285,1412,100,postBlock2,0,2,"During the last block, how much did you
FEEL A SENSE OF ACHIEVEMENT when you
sucessfully hit the required power level?


Please rate from 0 to 100 on the scale
below, where

  0 =             and            100 = 
 ""not at all""                    ""most possible""",causal-attr-first,CR,0
sub_71285,1413,10,postBlock0,0,3,"During the last block, how much did you
FEEL BORED?
Please rate from 0 to 100 on the scale
below, where

  0 =             and            100 = 
 ""not at all""                    ""most possible""",causal-attr-first,CR,0
sub_71285,1414,13,postBlock1,0,3,"During the last block, how much did you
FEEL BORED?
Please rate from 0 to 100 on the scale
below, where

  0 =             and            100 = 
 ""not at all""                    ""most possible""",causal-attr-first,CR,0
sub_71285,1415,30,postBlock3,0,3,"During the last block, how much did you
FEEL BORED?
Please rate from 0 to 100 on the scale
below, where

  0 =             and            100 = 
 ""not at all""                    ""most possible""",causal-attr-first,CR,0
sub_71285,1416,23,postBlock2,0,3,"During the last block, how much did you
FEEL BORED?
Please rate from 0 to 100 on the scale
below, where

  0 =             and            100 = 
 ""not at all""                    ""most possible""",causal-attr-first,CR,0
sub_65181,1417,83,postBlock3,0,1,"During the last block, how much did you
FEEL PLEASED
when you collected the coins?


Please rate from 0 to 100 on the scale
below, where

  0 =             and            100 = 
 ""not at all""                    ""most possible""",rew-eff-first,BA,0
sub_65181,1418,84,postBlock1,0,1,"During the last block, how much did you
FEEL PLEASED
when you collected the coins?


Please rate from 0 to 100 on the scale
below, where

  0 =             and            100 = 
 ""not at all""                    ""most possible""",rew-eff-first,BA,0
sub_65181,1419,83,postBlock2,0,1,"During the last block, how much did you
FEEL PLEASED
when you collected the coins?


Please rate from 0 to 100 on the scale
below, where

  0 =             and            100 = 
 ""not at all""                    ""most possible""",rew-eff-first,BA,0
sub_65181,1420,89,postBlock0,0,1,"During the last block, how much did you
FEEL PLEASED
when you collected the coins?


Please rate from 0 to 100 on the scale
below, where

  0 =             and            100 = 
 ""not at all""                    ""most possible""",rew-eff-first,BA,0
sub_65181,1421,83,postBlock0,0,2,"During the last block, how much did you
FEEL A SENSE OF ACHIEVEMENT when you
sucessfully hit the required power level?


Please rate from 0 to 100 on the scale
below, where

  0 =             and            100 = 
 ""not at all""                    ""most possible""",rew-eff-first,BA,0
sub_65181,1422,77,postBlock3,0,2,"During the last block, how much did you
FEEL A SENSE OF ACHIEVEMENT when you
sucessfully hit the required power level?


Please rate from 0 to 100 on the scale
below, where

  0 =             and            100 = 
 ""not at all""                    ""most possible""",rew-eff-first,BA,0
sub_65181,1423,60,postBlock1,0,2,"During the last block, how much did you
FEEL A SENSE OF ACHIEVEMENT when you
sucessfully hit the required power level?


Please rate from 0 to 100 on the scale
below, where

  0 =             and            100 = 
 ""not at all""                    ""most possible""",rew-eff-first,BA,0
sub_65181,1424,66,postBlock2,0,2,"During the last block, how much did you
FEEL A SENSE OF ACHIEVEMENT when you
sucessfully hit the required power level?


Please rate from 0 to 100 on the scale
below, where

  0 =             and            100 = 
 ""not at all""                    ""most possible""",rew-eff-first,BA,0
sub_65181,1425,78,postBlock0,0,3,"During the last block, how much did you
FEEL BORED?
Please rate from 0 to 100 on the scale
below, where

  0 =             and            100 = 
 ""not at all""                    ""most possible""",rew-eff-first,BA,0
sub_65181,1426,95,postBlock1,0,3,"During the last block, how much did you
FEEL BORED?
Please rate from 0 to 100 on the scale
below, where

  0 =             and            100 = 
 ""not at all""                    ""most possible""",rew-eff-first,BA,0
sub_65181,1427,89,postBlock3,0,3,"During the last block, how much did you
FEEL BORED?
Please rate from 0 to 100 on the scale
below, where

  0 =             and            100 = 
 ""not at all""                    ""most possible""",rew-eff-first,BA,0
sub_65181,1428,91,postBlock2,0,3,"During the last block, how much did you
FEEL BORED?
Please rate from 0 to 100 on the scale
below, where

  0 =             and            100 = 
 ""not at all""                    ""most possible""",rew-eff-first,BA,0
sub_10155,1429,84,postBlock3,0,1,"During the last block, how much did you
FEEL PLEASED
when you collected the coins?


Please rate from 0 to 100 on the scale
below, where

  0 =             and            100 = 
 ""not at all""                    ""most possible""",causal-attr-first,BA,0
sub_10155,1430,87,postBlock1,0,1,"During the last block, how much did you
FEEL PLEASED
when you collected the coins?


Please rate from 0 to 100 on the scale
below, where

  0 =             and            100 = 
 ""not at all""                    ""most possible""",causal-attr-first,BA,0
sub_10155,1431,83,postBlock2,0,1,"During the last block, how much did you
FEEL PLEASED
when you collected the coins?


Please rate from 0 to 100 on the scale
below, where

  0 =             and            100 = 
 ""not at all""                    ""most possible""",causal-attr-first,BA,0
sub_10155,1432,86,postBlock0,0,1,"During the last block, how much did you
FEEL PLEASED
when you collected the coins?


Please rate from 0 to 100 on the scale
below, where

  0 =             and            100 = 
 ""not at all""                    ""most possible""",causal-attr-first,BA,0
sub_10155,1433,88,postBlock0,0,2,"During the last block, how much did you
FEEL A SENSE OF ACHIEVEMENT when you
sucessfully hit the required power level?


Please rate from 0 to 100 on the scale
below, where

  0 =             and            100 = 
 ""not at all""                    ""most possible""",causal-attr-first,BA,0
sub_10155,1434,89,postBlock3,0,2,"During the last block, how much did you
FEEL A SENSE OF ACHIEVEMENT when you
sucessfully hit the required power level?


Please rate from 0 to 100 on the scale
below, where

  0 =             and            100 = 
 ""not at all""                    ""most possible""",causal-attr-first,BA,0
sub_10155,1435,76,postBlock1,0,2,"During the last block, how much did you
FEEL A SENSE OF ACHIEVEMENT when you
sucessfully hit the required power level?


Please rate from 0 to 100 on the scale
below, where

  0 =             and            100 = 
 ""not at all""                    ""most possible""",causal-attr-first,BA,0
sub_10155,1436,88,postBlock2,0,2,"During the last block, how much did you
FEEL A SENSE OF ACHIEVEMENT when you
sucessfully hit the required power level?


Please rate from 0 to 100 on the scale
below, where

  0 =             and            100 = 
 ""not at all""                    ""most possible""",causal-attr-first,BA,0
sub_10155,1437,26,postBlock0,0,3,"During the last block, how much did you
FEEL BORED?
Please rate from 0 to 100 on the scale
below, where

  0 =             and            100 = 
 ""not at all""                    ""most possible""",causal-attr-first,BA,0
sub_10155,1438,70,postBlock1,0,3,"During the last block, how much did you
FEEL BORED?
Please rate from 0 to 100 on the scale
below, where

  0 =             and            100 = 
 ""not at all""                    ""most possible""",causal-attr-first,BA,0
sub_10155,1439,20,postBlock3,0,3,"During the last block, how much did you
FEEL BORED?
Please rate from 0 to 100 on the scale
below, where

  0 =             and            100 = 
 ""not at all""                    ""most possible""",causal-attr-first,BA,0
sub_10155,1440,28,postBlock2,0,3,"During the last block, how much did you
FEEL BORED?
Please rate from 0 to 100 on the scale
below, where

  0 =             and            100 = 
 ""not at all""                    ""most possible""",causal-attr-first,BA,0
sub_96307,1441,93,postBlock3,0,1,"During the last block, how much did you
FEEL PLEASED
when you collected the coins?


Please rate from 0 to 100 on the scale
below, where

  0 =             and            100 = 
 ""not at all""                    ""most possible""",causal-attr-first,BA,0
sub_96307,1442,98,postBlock1,0,1,"During the last block, how much did you
FEEL PLEASED
when you collected the coins?


Please rate from 0 to 100 on the scale
below, where

  0 =             and            100 = 
 ""not at all""                    ""most possible""",causal-attr-first,BA,0
sub_96307,1443,94,postBlock2,0,1,"During the last block, how much did you
FEEL PLEASED
when you collected the coins?


Please rate from 0 to 100 on the scale
below, where

  0 =             and            100 = 
 ""not at all""                    ""most possible""",causal-attr-first,BA,0
sub_96307,1444,99,postBlock0,0,1,"During the last block, how much did you
FEEL PLEASED
when you collected the coins?


Please rate from 0 to 100 on the scale
below, where

  0 =             and            100 = 
 ""not at all""                    ""most possible""",causal-attr-first,BA,0
sub_96307,1445,99,postBlock0,0,2,"During the last block, how much did you
FEEL A SENSE OF ACHIEVEMENT when you
sucessfully hit the required power level?


Please rate from 0 to 100 on the scale
below, where

  0 =             and            100 = 
 ""not at all""                    ""most possible""",causal-attr-first,BA,0
sub_96307,1446,93,postBlock3,0,2,"During the last block, how much did you
FEEL A SENSE OF ACHIEVEMENT when you
sucessfully hit the required power level?


Please rate from 0 to 100 on the scale
below, where

  0 =             and            100 = 
 ""not at all""                    ""most possible""",causal-attr-first,BA,0
sub_96307,1447,96,postBlock1,0,2,"During the last block, how much did you
FEEL A SENSE OF ACHIEVEMENT when you
sucessfully hit the required power level?


Please rate from 0 to 100 on the scale
below, where

  0 =             and            100 = 
 ""not at all""                    ""most possible""",causal-attr-first,BA,0
sub_96307,1448,92,postBlock2,0,2,"During the last block, how much did you
FEEL A SENSE OF ACHIEVEMENT when you
sucessfully hit the required power level?


Please rate from 0 to 100 on the scale
below, where

  0 =             and            100 = 
 ""not at all""                    ""most possible""",causal-attr-first,BA,0
sub_96307,1449,2,postBlock0,0,3,"During the last block, how much did you
FEEL BORED?
Please rate from 0 to 100 on the scale
below, where

  0 =             and            100 = 
 ""not at all""                    ""most possible""",causal-attr-first,BA,0
sub_96307,1450,2,postBlock1,0,3,"During the last block, how much did you
FEEL BORED?
Please rate from 0 to 100 on the scale
below, where

  0 =             and            100 = 
 ""not at all""                    ""most possible""",causal-attr-first,BA,0
sub_96307,1451,4,postBlock3,0,3,"During the last block, how much did you
FEEL BORED?
Please rate from 0 to 100 on the scale
below, where

  0 =             and            100 = 
 ""not at all""                    ""most possible""",causal-attr-first,BA,0
sub_96307,1452,3,postBlock2,0,3,"During the last block, how much did you
FEEL BORED?
Please rate from 0 to 100 on the scale
below, where

  0 =             and            100 = 
 ""not at all""                    ""most possible""",causal-attr-first,BA,0
sub_94686,1453,61,postBlock3,0,1,"During the last block, how much did you
FEEL PLEASED
when you collected the coins?


Please rate from 0 to 100 on the scale
below, where

  0 =             and            100 = 
 ""not at all""                    ""most possible""",rew-eff-first,CR,0
sub_94686,1454,77,postBlock1,0,1,"During the last block, how much did you
FEEL PLEASED
when you collected the coins?


Please rate from 0 to 100 on the scale
below, where

  0 =             and            100 = 
 ""not at all""                    ""most possible""",rew-eff-first,CR,0
sub_94686,1455,57,postBlock2,0,1,"During the last block, how much did you
FEEL PLEASED
when you collected the coins?


Please rate from 0 to 100 on the scale
below, where

  0 =             and            100 = 
 ""not at all""                    ""most possible""",rew-eff-first,CR,0
sub_94686,1456,72,postBlock0,0,1,"During the last block, how much did you
FEEL PLEASED
when you collected the coins?


Please rate from 0 to 100 on the scale
below, where

  0 =             and            100 = 
 ""not at all""                    ""most possible""",rew-eff-first,CR,0
sub_94686,1457,90,postBlock0,0,2,"During the last block, how much did you
FEEL A SENSE OF ACHIEVEMENT when you
sucessfully hit the required power level?


Please rate from 0 to 100 on the scale
below, where

  0 =             and            100 = 
 ""not at all""                    ""most possible""",rew-eff-first,CR,0
sub_94686,1458,61,postBlock3,0,2,"During the last block, how much did you
FEEL A SENSE OF ACHIEVEMENT when you
sucessfully hit the required power level?


Please rate from 0 to 100 on the scale
below, where

  0 =             and            100 = 
 ""not at all""                    ""most possible""",rew-eff-first,CR,0
sub_94686,1459,89,postBlock1,0,2,"During the last block, how much did you
FEEL A SENSE OF ACHIEVEMENT when you
sucessfully hit the required power level?


Please rate from 0 to 100 on the scale
below, where

  0 =             and            100 = 
 ""not at all""                    ""most possible""",rew-eff-first,CR,0
sub_94686,1460,82,postBlock2,0,2,"During the last block, how much did you
FEEL A SENSE OF ACHIEVEMENT when you
sucessfully hit the required power level?


Please rate from 0 to 100 on the scale
below, where

  0 =             and            100 = 
 ""not at all""                    ""most possible""",rew-eff-first,CR,0
sub_94686,1461,40,postBlock0,0,3,"During the last block, how much did you
FEEL BORED?
Please rate from 0 to 100 on the scale
below, where

  0 =             and            100 = 
 ""not at all""                    ""most possible""",rew-eff-first,CR,0
sub_94686,1462,23,postBlock1,0,3,"During the last block, how much did you
FEEL BORED?
Please rate from 0 to 100 on the scale
below, where

  0 =             and            100 = 
 ""not at all""                    ""most possible""",rew-eff-first,CR,0
sub_94686,1463,70,postBlock3,0,3,"During the last block, how much did you
FEEL BORED?
Please rate from 0 to 100 on the scale
below, where

  0 =             and            100 = 
 ""not at all""                    ""most possible""",rew-eff-first,CR,0
sub_94686,1464,59,postBlock2,0,3,"During the last block, how much did you
FEEL BORED?
Please rate from 0 to 100 on the scale
below, where

  0 =             and            100 = 
 ""not at all""                    ""most possible""",rew-eff-first,CR,0
sub_15958,1465,100,postBlock3,0,1,"During the last block, how much did you
FEEL PLEASED
when you collected the coins?


Please rate from 0 to 100 on the scale
below, where

  0 =             and            100 = 
 ""not at all""                    ""most possible""",causal-attr-first,BA,0
sub_15958,1466,100,postBlock1,0,1,"During the last block, how much did you
FEEL PLEASED
when you collected the coins?


Please rate from 0 to 100 on the scale
below, where

  0 =             and            100 = 
 ""not at all""                    ""most possible""",causal-attr-first,BA,0
sub_15958,1467,100,postBlock2,0,1,"During the last block, how much did you
FEEL PLEASED
when you collected the coins?


Please rate from 0 to 100 on the scale
below, where

  0 =             and            100 = 
 ""not at all""                    ""most possible""",causal-attr-first,BA,0
sub_15958,1468,90,postBlock0,0,1,"During the last block, how much did you
FEEL PLEASED
when you collected the coins?


Please rate from 0 to 100 on the scale
below, where

  0 =             and            100 = 
 ""not at all""                    ""most possible""",causal-attr-first,BA,0
sub_15958,1469,100,postBlock0,0,2,"During the last block, how much did you
FEEL A SENSE OF ACHIEVEMENT when you
sucessfully hit the required power level?


Please rate from 0 to 100 on the scale
below, where

  0 =             and            100 = 
 ""not at all""                    ""most possible""",causal-attr-first,BA,0
sub_15958,1470,100,postBlock3,0,2,"During the last block, how much did you
FEEL A SENSE OF ACHIEVEMENT when you
sucessfully hit the required power level?


Please rate from 0 to 100 on the scale
below, where

  0 =             and            100 = 
 ""not at all""                    ""most possible""",causal-attr-first,BA,0
sub_15958,1471,100,postBlock1,0,2,"During the last block, how much did you
FEEL A SENSE OF ACHIEVEMENT when you
sucessfully hit the required power level?


Please rate from 0 to 100 on the scale
below, where

  0 =             and            100 = 
 ""not at all""                    ""most possible""",causal-attr-first,BA,0
sub_15958,1472,100,postBlock2,0,2,"During the last block, how much did you
FEEL A SENSE OF ACHIEVEMENT when you
sucessfully hit the required power level?


Please rate from 0 to 100 on the scale
below, where

  0 =             and            100 = 
 ""not at all""                    ""most possible""",causal-attr-first,BA,0
sub_15958,1473,15,postBlock0,0,3,"During the last block, how much did you
FEEL BORED?
Please rate from 0 to 100 on the scale
below, where

  0 =             and            100 = 
 ""not at all""                    ""most possible""",causal-attr-first,BA,0
sub_15958,1474,5,postBlock1,0,3,"During the last block, how much did you
FEEL BORED?
Please rate from 0 to 100 on the scale
below, where

  0 =             and            100 = 
 ""not at all""                    ""most possible""",causal-attr-first,BA,0
sub_15958,1475,30,postBlock3,0,3,"During the last block, how much did you
FEEL BORED?
Please rate from 0 to 100 on the scale
below, where

  0 =             and            100 = 
 ""not at all""                    ""most possible""",causal-attr-first,BA,0
sub_15958,1476,30,postBlock2,0,3,"During the last block, how much did you
FEEL BORED?
Please rate from 0 to 100 on the scale
below, where

  0 =             and            100 = 
 ""not at all""                    ""most possible""",causal-attr-first,BA,0
sub_33578,1477,97,postBlock3,0,1,"During the last block, how much did you
FEEL PLEASED
when you collected the coins?


Please rate from 0 to 100 on the scale
below, where

  0 =             and            100 = 
 ""not at all""                    ""most possible""",causal-attr-first,CR,0
sub_33578,1478,99,postBlock1,0,1,"During the last block, how much did you
FEEL PLEASED
when you collected the coins?


Please rate from 0 to 100 on the scale
below, where

  0 =             and            100 = 
 ""not at all""                    ""most possible""",causal-attr-first,CR,0
sub_33578,1479,92,postBlock2,0,1,"During the last block, how much did you
FEEL PLEASED
when you collected the coins?


Please rate from 0 to 100 on the scale
below, where

  0 =             and            100 = 
 ""not at all""                    ""most possible""",causal-attr-first,CR,0
sub_33578,1480,100,postBlock0,0,1,"During the last block, how much did you
FEEL PLEASED
when you collected the coins?


Please rate from 0 to 100 on the scale
below, where

  0 =             and            100 = 
 ""not at all""                    ""most possible""",causal-attr-first,CR,0
sub_33578,1481,100,postBlock0,0,2,"During the last block, how much did you
FEEL A SENSE OF ACHIEVEMENT when you
sucessfully hit the required power level?


Please rate from 0 to 100 on the scale
below, where

  0 =             and            100 = 
 ""not at all""                    ""most possible""",causal-attr-first,CR,0
sub_33578,1482,92,postBlock3,0,2,"During the last block, how much did you
FEEL A SENSE OF ACHIEVEMENT when you
sucessfully hit the required power level?


Please rate from 0 to 100 on the scale
below, where

  0 =             and            100 = 
 ""not at all""                    ""most possible""",causal-attr-first,CR,0
sub_33578,1483,98,postBlock1,0,2,"During the last block, how much did you
FEEL A SENSE OF ACHIEVEMENT when you
sucessfully hit the required power level?


Please rate from 0 to 100 on the scale
below, where

  0 =             and            100 = 
 ""not at all""                    ""most possible""",causal-attr-first,CR,0
sub_33578,1484,96,postBlock2,0,2,"During the last block, how much did you
FEEL A SENSE OF ACHIEVEMENT when you
sucessfully hit the required power level?


Please rate from 0 to 100 on the scale
below, where

  0 =             and            100 = 
 ""not at all""                    ""most possible""",causal-attr-first,CR,0
sub_33578,1485,15,postBlock0,0,3,"During the last block, how much did you
FEEL BORED?
Please rate from 0 to 100 on the scale
below, where

  0 =             and            100 = 
 ""not at all""                    ""most possible""",causal-attr-first,CR,0
sub_33578,1486,29,postBlock1,0,3,"During the last block, how much did you
FEEL BORED?
Please rate from 0 to 100 on the scale
below, where

  0 =             and            100 = 
 ""not at all""                    ""most possible""",causal-attr-first,CR,0
sub_33578,1487,54,postBlock3,0,3,"During the last block, how much did you
FEEL BORED?
Please rate from 0 to 100 on the scale
below, where

  0 =             and            100 = 
 ""not at all""                    ""most possible""",causal-attr-first,CR,0
sub_33578,1488,55,postBlock2,0,3,"During the last block, how much did you
FEEL BORED?
Please rate from 0 to 100 on the scale
below, where

  0 =             and            100 = 
 ""not at all""                    ""most possible""",causal-attr-first,CR,0
sub_78228,1489,39,postBlock3,0,1,"During the last block, how much did you
FEEL PLEASED
when you collected the coins?


Please rate from 0 to 100 on the scale
below, where

  0 =             and            100 = 
 ""not at all""                    ""most possible""",rew-eff-first,BA,0
sub_78228,1490,50,postBlock1,0,1,"During the last block, how much did you
FEEL PLEASED
when you collected the coins?


Please rate from 0 to 100 on the scale
below, where

  0 =             and            100 = 
 ""not at all""                    ""most possible""",rew-eff-first,BA,0
sub_78228,1491,39,postBlock2,0,1,"During the last block, how much did you
FEEL PLEASED
when you collected the coins?


Please rate from 0 to 100 on the scale
below, where

  0 =             and            100 = 
 ""not at all""                    ""most possible""",rew-eff-first,BA,0
sub_78228,1492,56,postBlock0,0,1,"During the last block, how much did you
FEEL PLEASED
when you collected the coins?


Please rate from 0 to 100 on the scale
below, where

  0 =             and            100 = 
 ""not at all""                    ""most possible""",rew-eff-first,BA,0
sub_78228,1493,78,postBlock0,0,2,"During the last block, how much did you
FEEL A SENSE OF ACHIEVEMENT when you
sucessfully hit the required power level?


Please rate from 0 to 100 on the scale
below, where

  0 =             and            100 = 
 ""not at all""                    ""most possible""",rew-eff-first,BA,0
sub_78228,1494,58,postBlock3,0,2,"During the last block, how much did you
FEEL A SENSE OF ACHIEVEMENT when you
sucessfully hit the required power level?


Please rate from 0 to 100 on the scale
below, where

  0 =             and            100 = 
 ""not at all""                    ""most possible""",rew-eff-first,BA,0
sub_78228,1495,46,postBlock1,0,2,"During the last block, how much did you
FEEL A SENSE OF ACHIEVEMENT when you
sucessfully hit the required power level?


Please rate from 0 to 100 on the scale
below, where

  0 =             and            100 = 
 ""not at all""                    ""most possible""",rew-eff-first,BA,0
sub_78228,1496,40,postBlock2,0,2,"During the last block, how much did you
FEEL A SENSE OF ACHIEVEMENT when you
sucessfully hit the required power level?


Please rate from 0 to 100 on the scale
below, where

  0 =             and            100 = 
 ""not at all""                    ""most possible""",rew-eff-first,BA,0
sub_78228,1497,74,postBlock0,0,3,"During the last block, how much did you
FEEL BORED?
Please rate from 0 to 100 on the scale
below, where

  0 =             and            100 = 
 ""not at all""                    ""most possible""",rew-eff-first,BA,0
sub_78228,1498,80,postBlock1,0,3,"During the last block, how much did you
FEEL BORED?
Please rate from 0 to 100 on the scale
below, where

  0 =             and            100 = 
 ""not at all""                    ""most possible""",rew-eff-first,BA,0
sub_78228,1499,72,postBlock3,0,3,"During the last block, how much did you
FEEL BORED?
Please rate from 0 to 100 on the scale
below, where

  0 =             and            100 = 
 ""not at all""                    ""most possible""",rew-eff-first,BA,0
sub_78228,1500,67,postBlock2,0,3,"During the last block, how much did you
FEEL BORED?
Please rate from 0 to 100 on the scale
below, where

  0 =             and            100 = 
 ""not at all""                    ""most possible""",rew-eff-first,BA,0
sub_47770,1501,100,postBlock3,0,1,"During the last block, how much did you
FEEL PLEASED
when you collected the coins?


Please rate from 0 to 100 on the scale
below, where

  0 =             and            100 = 
 ""not at all""                    ""most possible""",causal-attr-first,BA,0
sub_47770,1502,100,postBlock1,0,1,"During the last block, how much did you
FEEL PLEASED
when you collected the coins?


Please rate from 0 to 100 on the scale
below, where

  0 =             and            100 = 
 ""not at all""                    ""most possible""",causal-attr-first,BA,0
sub_47770,1503,100,postBlock2,0,1,"During the last block, how much did you
FEEL PLEASED
when you collected the coins?


Please rate from 0 to 100 on the scale
below, where

  0 =             and            100 = 
 ""not at all""                    ""most possible""",causal-attr-first,BA,0
sub_47770,1504,100,postBlock0,0,1,"During the last block, how much did you
FEEL PLEASED
when you collected the coins?


Please rate from 0 to 100 on the scale
below, where

  0 =             and            100 = 
 ""not at all""                    ""most possible""",causal-attr-first,BA,0
sub_47770,1505,100,postBlock0,0,2,"During the last block, how much did you
FEEL A SENSE OF ACHIEVEMENT when you
sucessfully hit the required power level?


Please rate from 0 to 100 on the scale
below, where

  0 =             and            100 = 
 ""not at all""                    ""most possible""",causal-attr-first,BA,0
sub_47770,1506,100,postBlock3,0,2,"During the last block, how much did you
FEEL A SENSE OF ACHIEVEMENT when you
sucessfully hit the required power level?


Please rate from 0 to 100 on the scale
below, where

  0 =             and            100 = 
 ""not at all""                    ""most possible""",causal-attr-first,BA,0
sub_47770,1507,100,postBlock1,0,2,"During the last block, how much did you
FEEL A SENSE OF ACHIEVEMENT when you
sucessfully hit the required power level?


Please rate from 0 to 100 on the scale
below, where

  0 =             and            100 = 
 ""not at all""                    ""most possible""",causal-attr-first,BA,0
sub_47770,1508,100,postBlock2,0,2,"During the last block, how much did you
FEEL A SENSE OF ACHIEVEMENT when you
sucessfully hit the required power level?


Please rate from 0 to 100 on the scale
below, where

  0 =             and            100 = 
 ""not at all""                    ""most possible""",causal-attr-first,BA,0
sub_47770,1509,0,postBlock0,0,3,"During the last block, how much did you
FEEL BORED?
Please rate from 0 to 100 on the scale
below, where

  0 =             and            100 = 
 ""not at all""                    ""most possible""",causal-attr-first,BA,0
sub_47770,1510,0,postBlock1,0,3,"During the last block, how much did you
FEEL BORED?
Please rate from 0 to 100 on the scale
below, where

  0 =             and            100 = 
 ""not at all""                    ""most possible""",causal-attr-first,BA,0
sub_47770,1511,2,postBlock3,0,3,"During the last block, how much did you
FEEL BORED?
Please rate from 0 to 100 on the scale
below, where

  0 =             and            100 = 
 ""not at all""                    ""most possible""",causal-attr-first,BA,0
sub_47770,1512,1,postBlock2,0,3,"During the last block, how much did you
FEEL BORED?
Please rate from 0 to 100 on the scale
below, where

  0 =             and            100 = 
 ""not at all""                    ""most possible""",causal-attr-first,BA,0
sub_86325,1513,53,postBlock3,0,1,"During the last block, how much did you
FEEL PLEASED
when you collected the coins?


Please rate from 0 to 100 on the scale
below, where

  0 =             and            100 = 
 ""not at all""                    ""most possible""",causal-attr-first,BA,0
sub_86325,1514,60,postBlock1,0,1,"During the last block, how much did you
FEEL PLEASED
when you collected the coins?


Please rate from 0 to 100 on the scale
below, where

  0 =             and            100 = 
 ""not at all""                    ""most possible""",causal-attr-first,BA,0
sub_86325,1515,65,postBlock2,0,1,"During the last block, how much did you
FEEL PLEASED
when you collected the coins?


Please rate from 0 to 100 on the scale
below, where

  0 =             and            100 = 
 ""not at all""                    ""most possible""",causal-attr-first,BA,0
sub_86325,1516,75,postBlock0,0,1,"During the last block, how much did you
FEEL PLEASED
when you collected the coins?


Please rate from 0 to 100 on the scale
below, where

  0 =             and            100 = 
 ""not at all""                    ""most possible""",causal-attr-first,BA,0
sub_86325,1517,58,postBlock0,0,2,"During the last block, how much did you
FEEL A SENSE OF ACHIEVEMENT when you
sucessfully hit the required power level?


Please rate from 0 to 100 on the scale
below, where

  0 =             and            100 = 
 ""not at all""                    ""most possible""",causal-attr-first,BA,0
sub_86325,1518,59,postBlock3,0,2,"During the last block, how much did you
FEEL A SENSE OF ACHIEVEMENT when you
sucessfully hit the required power level?


Please rate from 0 to 100 on the scale
below, where

  0 =             and            100 = 
 ""not at all""                    ""most possible""",causal-attr-first,BA,0
sub_86325,1519,74,postBlock1,0,2,"During the last block, how much did you
FEEL A SENSE OF ACHIEVEMENT when you
sucessfully hit the required power level?


Please rate from 0 to 100 on the scale
below, where

  0 =             and            100 = 
 ""not at all""                    ""most possible""",causal-attr-first,BA,0
sub_86325,1520,69,postBlock2,0,2,"During the last block, how much did you
FEEL A SENSE OF ACHIEVEMENT when you
sucessfully hit the required power level?


Please rate from 0 to 100 on the scale
below, where

  0 =             and            100 = 
 ""not at all""                    ""most possible""",causal-attr-first,BA,0
sub_86325,1521,83,postBlock0,0,3,"During the last block, how much did you
FEEL BORED?
Please rate from 0 to 100 on the scale
below, where

  0 =             and            100 = 
 ""not at all""                    ""most possible""",causal-attr-first,BA,0
sub_86325,1522,93,postBlock1,0,3,"During the last block, how much did you
FEEL BORED?
Please rate from 0 to 100 on the scale
below, where

  0 =             and            100 = 
 ""not at all""                    ""most possible""",causal-attr-first,BA,0
sub_86325,1523,93,postBlock3,0,3,"During the last block, how much did you
FEEL BORED?
Please rate from 0 to 100 on the scale
below, where

  0 =             and            100 = 
 ""not at all""                    ""most possible""",causal-attr-first,BA,0
sub_86325,1524,83,postBlock2,0,3,"During the last block, how much did you
FEEL BORED?
Please rate from 0 to 100 on the scale
below, where

  0 =             and            100 = 
 ""not at all""                    ""most possible""",causal-attr-first,BA,0
sub_72358,1525,76,postBlock3,0,1,"During the last block, how much did you
FEEL PLEASED
when you collected the coins?


Please rate from 0 to 100 on the scale
below, where

  0 =             and            100 = 
 ""not at all""                    ""most possible""",causal-attr-first,BA,0
sub_72358,1526,90,postBlock1,0,1,"During the last block, how much did you
FEEL PLEASED
when you collected the coins?


Please rate from 0 to 100 on the scale
below, where

  0 =             and            100 = 
 ""not at all""                    ""most possible""",causal-attr-first,BA,0
sub_72358,1527,93,postBlock2,0,1,"During the last block, how much did you
FEEL PLEASED
when you collected the coins?


Please rate from 0 to 100 on the scale
below, where

  0 =             and            100 = 
 ""not at all""                    ""most possible""",causal-attr-first,BA,0
sub_72358,1528,100,postBlock0,0,1,"During the last block, how much did you
FEEL PLEASED
when you collected the coins?


Please rate from 0 to 100 on the scale
below, where

  0 =             and            100 = 
 ""not at all""                    ""most possible""",causal-attr-first,BA,0
sub_72358,1529,93,postBlock0,0,2,"During the last block, how much did you
FEEL A SENSE OF ACHIEVEMENT when you
sucessfully hit the required power level?


Please rate from 0 to 100 on the scale
below, where

  0 =             and            100 = 
 ""not at all""                    ""most possible""",causal-attr-first,BA,0
sub_72358,1530,70,postBlock3,0,2,"During the last block, how much did you
FEEL A SENSE OF ACHIEVEMENT when you
sucessfully hit the required power level?


Please rate from 0 to 100 on the scale
below, where

  0 =             and            100 = 
 ""not at all""                    ""most possible""",causal-attr-first,BA,0
sub_72358,1531,93,postBlock1,0,2,"During the last block, how much did you
FEEL A SENSE OF ACHIEVEMENT when you
sucessfully hit the required power level?


Please rate from 0 to 100 on the scale
below, where

  0 =             and            100 = 
 ""not at all""                    ""most possible""",causal-attr-first,BA,0
sub_72358,1532,80,postBlock2,0,2,"During the last block, how much did you
FEEL A SENSE OF ACHIEVEMENT when you
sucessfully hit the required power level?


Please rate from 0 to 100 on the scale
below, where

  0 =             and            100 = 
 ""not at all""                    ""most possible""",causal-attr-first,BA,0
sub_72358,1533,10,postBlock0,0,3,"During the last block, how much did you
FEEL BORED?
Please rate from 0 to 100 on the scale
below, where

  0 =             and            100 = 
 ""not at all""                    ""most possible""",causal-attr-first,BA,0
sub_72358,1534,24,postBlock1,0,3,"During the last block, how much did you
FEEL BORED?
Please rate from 0 to 100 on the scale
below, where

  0 =             and            100 = 
 ""not at all""                    ""most possible""",causal-attr-first,BA,0
sub_72358,1535,58,postBlock3,0,3,"During the last block, how much did you
FEEL BORED?
Please rate from 0 to 100 on the scale
below, where

  0 =             and            100 = 
 ""not at all""                    ""most possible""",causal-attr-first,BA,0
sub_72358,1536,26,postBlock2,0,3,"During the last block, how much did you
FEEL BORED?
Please rate from 0 to 100 on the scale
below, where

  0 =             and            100 = 
 ""not at all""                    ""most possible""",causal-attr-first,BA,0
sub_52762,1537,91,postBlock3,0,1,"During the last block, how much did you
FEEL PLEASED
when you collected the coins?


Please rate from 0 to 100 on the scale
below, where

  0 =             and            100 = 
 ""not at all""                    ""most possible""",rew-eff-first,CR,0
sub_52762,1538,100,postBlock1,0,1,"During the last block, how much did you
FEEL PLEASED
when you collected the coins?


Please rate from 0 to 100 on the scale
below, where

  0 =             and            100 = 
 ""not at all""                    ""most possible""",rew-eff-first,CR,0
sub_52762,1539,88,postBlock2,0,1,"During the last block, how much did you
FEEL PLEASED
when you collected the coins?


Please rate from 0 to 100 on the scale
below, where

  0 =             and            100 = 
 ""not at all""                    ""most possible""",rew-eff-first,CR,0
sub_52762,1540,100,postBlock0,0,1,"During the last block, how much did you
FEEL PLEASED
when you collected the coins?


Please rate from 0 to 100 on the scale
below, where

  0 =             and            100 = 
 ""not at all""                    ""most possible""",rew-eff-first,CR,0
sub_52762,1541,100,postBlock0,0,2,"During the last block, how much did you
FEEL A SENSE OF ACHIEVEMENT when you
sucessfully hit the required power level?


Please rate from 0 to 100 on the scale
below, where

  0 =             and            100 = 
 ""not at all""                    ""most possible""",rew-eff-first,CR,0
sub_52762,1542,79,postBlock3,0,2,"During the last block, how much did you
FEEL A SENSE OF ACHIEVEMENT when you
sucessfully hit the required power level?


Please rate from 0 to 100 on the scale
below, where

  0 =             and            100 = 
 ""not at all""                    ""most possible""",rew-eff-first,CR,0
sub_52762,1543,99,postBlock1,0,2,"During the last block, how much did you
FEEL A SENSE OF ACHIEVEMENT when you
sucessfully hit the required power level?


Please rate from 0 to 100 on the scale
below, where

  0 =             and            100 = 
 ""not at all""                    ""most possible""",rew-eff-first,CR,0
sub_52762,1544,74,postBlock2,0,2,"During the last block, how much did you
FEEL A SENSE OF ACHIEVEMENT when you
sucessfully hit the required power level?


Please rate from 0 to 100 on the scale
below, where

  0 =             and            100 = 
 ""not at all""                    ""most possible""",rew-eff-first,CR,0
sub_52762,1545,27,postBlock0,0,3,"During the last block, how much did you
FEEL BORED?
Please rate from 0 to 100 on the scale
below, where

  0 =             and            100 = 
 ""not at all""                    ""most possible""",rew-eff-first,CR,0
sub_52762,1546,23,postBlock1,0,3,"During the last block, how much did you
FEEL BORED?
Please rate from 0 to 100 on the scale
below, where

  0 =             and            100 = 
 ""not at all""                    ""most possible""",rew-eff-first,CR,0
sub_52762,1547,19,postBlock3,0,3,"During the last block, how much did you
FEEL BORED?
Please rate from 0 to 100 on the scale
below, where

  0 =             and            100 = 
 ""not at all""                    ""most possible""",rew-eff-first,CR,0
sub_52762,1548,24,postBlock2,0,3,"During the last block, how much did you
FEEL BORED?
Please rate from 0 to 100 on the scale
below, where

  0 =             and            100 = 
 ""not at all""                    ""most possible""",rew-eff-first,CR,0
sub_74219,1549,64,postBlock3,0,1,"During the last block, how much did you
FEEL PLEASED
when you collected the coins?


Please rate from 0 to 100 on the scale
below, where

  0 =             and            100 = 
 ""not at all""                    ""most possible""",causal-attr-first,BA,0
sub_74219,1550,90,postBlock1,0,1,"During the last block, how much did you
FEEL PLEASED
when you collected the coins?


Please rate from 0 to 100 on the scale
below, where

  0 =             and            100 = 
 ""not at all""                    ""most possible""",causal-attr-first,BA,0
sub_74219,1551,55,postBlock2,0,1,"During the last block, how much did you
FEEL PLEASED
when you collected the coins?


Please rate from 0 to 100 on the scale
below, where

  0 =             and            100 = 
 ""not at all""                    ""most possible""",causal-attr-first,BA,0
sub_74219,1552,96,postBlock0,0,1,"During the last block, how much did you
FEEL PLEASED
when you collected the coins?


Please rate from 0 to 100 on the scale
below, where

  0 =             and            100 = 
 ""not at all""                    ""most possible""",causal-attr-first,BA,0
sub_74219,1553,96,postBlock0,0,2,"During the last block, how much did you
FEEL A SENSE OF ACHIEVEMENT when you
sucessfully hit the required power level?


Please rate from 0 to 100 on the scale
below, where

  0 =             and            100 = 
 ""not at all""                    ""most possible""",causal-attr-first,BA,0
sub_74219,1554,58,postBlock3,0,2,"During the last block, how much did you
FEEL A SENSE OF ACHIEVEMENT when you
sucessfully hit the required power level?


Please rate from 0 to 100 on the scale
below, where

  0 =             and            100 = 
 ""not at all""                    ""most possible""",causal-attr-first,BA,0
sub_74219,1555,85,postBlock1,0,2,"During the last block, how much did you
FEEL A SENSE OF ACHIEVEMENT when you
sucessfully hit the required power level?


Please rate from 0 to 100 on the scale
below, where

  0 =             and            100 = 
 ""not at all""                    ""most possible""",causal-attr-first,BA,0
sub_74219,1556,58,postBlock2,0,2,"During the last block, how much did you
FEEL A SENSE OF ACHIEVEMENT when you
sucessfully hit the required power level?


Please rate from 0 to 100 on the scale
below, where

  0 =             and            100 = 
 ""not at all""                    ""most possible""",causal-attr-first,BA,0
sub_74219,1557,43,postBlock0,0,3,"During the last block, how much did you
FEEL BORED?
Please rate from 0 to 100 on the scale
below, where

  0 =             and            100 = 
 ""not at all""                    ""most possible""",causal-attr-first,BA,0
sub_74219,1558,21,postBlock1,0,3,"During the last block, how much did you
FEEL BORED?
Please rate from 0 to 100 on the scale
below, where

  0 =             and            100 = 
 ""not at all""                    ""most possible""",causal-attr-first,BA,0
sub_74219,1559,96,postBlock3,0,3,"During the last block, how much did you
FEEL BORED?
Please rate from 0 to 100 on the scale
below, where

  0 =             and            100 = 
 ""not at all""                    ""most possible""",causal-attr-first,BA,0
sub_74219,1560,3,postBlock2,0,3,"During the last block, how much did you
FEEL BORED?
Please rate from 0 to 100 on the scale
below, where

  0 =             and            100 = 
 ""not at all""                    ""most possible""",causal-attr-first,BA,0
sub_48179,1561,80,postBlock3,0,1,"During the last block, how much did you
FEEL PLEASED
when you collected the coins?


Please rate from 0 to 100 on the scale
below, where

  0 =             and            100 = 
 ""not at all""                    ""most possible""",causal-attr-first,BA,0
sub_48179,1562,75,postBlock1,0,1,"During the last block, how much did you
FEEL PLEASED
when you collected the coins?


Please rate from 0 to 100 on the scale
below, where

  0 =             and            100 = 
 ""not at all""                    ""most possible""",causal-attr-first,BA,0
sub_48179,1563,90,postBlock2,0,1,"During the last block, how much did you
FEEL PLEASED
when you collected the coins?


Please rate from 0 to 100 on the scale
below, where

  0 =             and            100 = 
 ""not at all""                    ""most possible""",causal-attr-first,BA,0
sub_48179,1564,80,postBlock0,0,1,"During the last block, how much did you
FEEL PLEASED
when you collected the coins?


Please rate from 0 to 100 on the scale
below, where

  0 =             and            100 = 
 ""not at all""                    ""most possible""",causal-attr-first,BA,0
sub_48179,1565,60,postBlock0,0,2,"During the last block, how much did you
FEEL A SENSE OF ACHIEVEMENT when you
sucessfully hit the required power level?


Please rate from 0 to 100 on the scale
below, where

  0 =             and            100 = 
 ""not at all""                    ""most possible""",causal-attr-first,BA,0
sub_48179,1566,60,postBlock3,0,2,"During the last block, how much did you
FEEL A SENSE OF ACHIEVEMENT when you
sucessfully hit the required power level?


Please rate from 0 to 100 on the scale
below, where

  0 =             and            100 = 
 ""not at all""                    ""most possible""",causal-attr-first,BA,0
sub_48179,1567,70,postBlock1,0,2,"During the last block, how much did you
FEEL A SENSE OF ACHIEVEMENT when you
sucessfully hit the required power level?


Please rate from 0 to 100 on the scale
below, where

  0 =             and            100 = 
 ""not at all""                    ""most possible""",causal-attr-first,BA,0
sub_48179,1568,75,postBlock2,0,2,"During the last block, how much did you
FEEL A SENSE OF ACHIEVEMENT when you
sucessfully hit the required power level?


Please rate from 0 to 100 on the scale
below, where

  0 =             and            100 = 
 ""not at all""                    ""most possible""",causal-attr-first,BA,0
sub_48179,1569,25,postBlock0,0,3,"During the last block, how much did you
FEEL BORED?
Please rate from 0 to 100 on the scale
below, where

  0 =             and            100 = 
 ""not at all""                    ""most possible""",causal-attr-first,BA,0
sub_48179,1570,20,postBlock1,0,3,"During the last block, how much did you
FEEL BORED?
Please rate from 0 to 100 on the scale
below, where

  0 =             and            100 = 
 ""not at all""                    ""most possible""",causal-attr-first,BA,0
sub_48179,1571,25,postBlock3,0,3,"During the last block, how much did you
FEEL BORED?
Please rate from 0 to 100 on the scale
below, where

  0 =             and            100 = 
 ""not at all""                    ""most possible""",causal-attr-first,BA,0
sub_48179,1572,10,postBlock2,0,3,"During the last block, how much did you
FEEL BORED?
Please rate from 0 to 100 on the scale
below, where

  0 =             and            100 = 
 ""not at all""                    ""most possible""",causal-attr-first,BA,0
sub_28869,1573,98,postBlock3,0,1,"During the last block, how much did you
FEEL PLEASED
when you collected the coins?


Please rate from 0 to 100 on the scale
below, where

  0 =             and            100 = 
 ""not at all""                    ""most possible""",causal-attr-first,CR,0
sub_28869,1574,100,postBlock1,0,1,"During the last block, how much did you
FEEL PLEASED
when you collected the coins?


Please rate from 0 to 100 on the scale
below, where

  0 =             and            100 = 
 ""not at all""                    ""most possible""",causal-attr-first,CR,0
sub_28869,1575,100,postBlock2,0,1,"During the last block, how much did you
FEEL PLEASED
when you collected the coins?


Please rate from 0 to 100 on the scale
below, where

  0 =             and            100 = 
 ""not at all""                    ""most possible""",causal-attr-first,CR,0
sub_28869,1576,98,postBlock0,0,1,"During the last block, how much did you
FEEL PLEASED
when you collected the coins?


Please rate from 0 to 100 on the scale
below, where

  0 =             and            100 = 
 ""not at all""                    ""most possible""",causal-attr-first,CR,0
sub_28869,1577,100,postBlock0,0,2,"During the last block, how much did you
FEEL A SENSE OF ACHIEVEMENT when you
sucessfully hit the required power level?


Please rate from 0 to 100 on the scale
below, where

  0 =             and            100 = 
 ""not at all""                    ""most possible""",causal-attr-first,CR,0
sub_28869,1578,96,postBlock3,0,2,"During the last block, how much did you
FEEL A SENSE OF ACHIEVEMENT when you
sucessfully hit the required power level?


Please rate from 0 to 100 on the scale
below, where

  0 =             and            100 = 
 ""not at all""                    ""most possible""",causal-attr-first,CR,0
sub_28869,1579,100,postBlock1,0,2,"During the last block, how much did you
FEEL A SENSE OF ACHIEVEMENT when you
sucessfully hit the required power level?


Please rate from 0 to 100 on the scale
below, where

  0 =             and            100 = 
 ""not at all""                    ""most possible""",causal-attr-first,CR,0
sub_28869,1580,100,postBlock2,0,2,"During the last block, how much did you
FEEL A SENSE OF ACHIEVEMENT when you
sucessfully hit the required power level?


Please rate from 0 to 100 on the scale
below, where

  0 =             and            100 = 
 ""not at all""                    ""most possible""",causal-attr-first,CR,0
sub_28869,1581,4,postBlock0,0,3,"During the last block, how much did you
FEEL BORED?
Please rate from 0 to 100 on the scale
below, where

  0 =             and            100 = 
 ""not at all""                    ""most possible""",causal-attr-first,CR,0
sub_28869,1582,2,postBlock1,0,3,"During the last block, how much did you
FEEL BORED?
Please rate from 0 to 100 on the scale
below, where

  0 =             and            100 = 
 ""not at all""                    ""most possible""",causal-attr-first,CR,0
sub_28869,1583,10,postBlock3,0,3,"During the last block, how much did you
FEEL BORED?
Please rate from 0 to 100 on the scale
below, where

  0 =             and            100 = 
 ""not at all""                    ""most possible""",causal-attr-first,CR,0
sub_28869,1584,0,postBlock2,0,3,"During the last block, how much did you
FEEL BORED?
Please rate from 0 to 100 on the scale
below, where

  0 =             and            100 = 
 ""not at all""                    ""most possible""",causal-attr-first,CR,0
sub_31104,1585,100,postBlock3,0,1,"During the last block, how much did you
FEEL PLEASED
when you collected the coins?


Please rate from 0 to 100 on the scale
below, where

  0 =             and            100 = 
 ""not at all""                    ""most possible""",rew-eff-first,CR,0
sub_31104,1586,98,postBlock1,0,1,"During the last block, how much did you
FEEL PLEASED
when you collected the coins?


Please rate from 0 to 100 on the scale
below, where

  0 =             and            100 = 
 ""not at all""                    ""most possible""",rew-eff-first,CR,0
sub_31104,1587,100,postBlock2,0,1,"During the last block, how much did you
FEEL PLEASED
when you collected the coins?


Please rate from 0 to 100 on the scale
below, where

  0 =             and            100 = 
 ""not at all""                    ""most possible""",rew-eff-first,CR,0
sub_31104,1588,100,postBlock0,0,1,"During the last block, how much did you
FEEL PLEASED
when you collected the coins?


Please rate from 0 to 100 on the scale
below, where

  0 =             and            100 = 
 ""not at all""                    ""most possible""",rew-eff-first,CR,0
sub_31104,1589,96,postBlock0,0,2,"During the last block, how much did you
FEEL A SENSE OF ACHIEVEMENT when you
sucessfully hit the required power level?


Please rate from 0 to 100 on the scale
below, where

  0 =             and            100 = 
 ""not at all""                    ""most possible""",rew-eff-first,CR,0
sub_31104,1590,100,postBlock3,0,2,"During the last block, how much did you
FEEL A SENSE OF ACHIEVEMENT when you
sucessfully hit the required power level?


Please rate from 0 to 100 on the scale
below, where

  0 =             and            100 = 
 ""not at all""                    ""most possible""",rew-eff-first,CR,0
sub_31104,1591,100,postBlock1,0,2,"During the last block, how much did you
FEEL A SENSE OF ACHIEVEMENT when you
sucessfully hit the required power level?


Please rate from 0 to 100 on the scale
below, where

  0 =             and            100 = 
 ""not at all""                    ""most possible""",rew-eff-first,CR,0
sub_31104,1592,100,postBlock2,0,2,"During the last block, how much did you
FEEL A SENSE OF ACHIEVEMENT when you
sucessfully hit the required power level?


Please rate from 0 to 100 on the scale
below, where

  0 =             and            100 = 
 ""not at all""                    ""most possible""",rew-eff-first,CR,0
sub_31104,1593,1,postBlock0,0,3,"During the last block, how much did you
FEEL BORED?
Please rate from 0 to 100 on the scale
below, where

  0 =             and            100 = 
 ""not at all""                    ""most possible""",rew-eff-first,CR,0
sub_31104,1594,1,postBlock1,0,3,"During the last block, how much did you
FEEL BORED?
Please rate from 0 to 100 on the scale
below, where

  0 =             and            100 = 
 ""not at all""                    ""most possible""",rew-eff-first,CR,0
sub_31104,1595,0,postBlock3,0,3,"During the last block, how much did you
FEEL BORED?
Please rate from 0 to 100 on the scale
below, where

  0 =             and            100 = 
 ""not at all""                    ""most possible""",rew-eff-first,CR,0
sub_31104,1596,0,postBlock2,0,3,"During the last block, how much did you
FEEL BORED?
Please rate from 0 to 100 on the scale
below, where

  0 =             and            100 = 
 ""not at all""                    ""most possible""",rew-eff-first,CR,0
sub_82378,1597,23,postBlock3,0,1,"During the last block, how much did you
FEEL PLEASED
when you collected the coins?


Please rate from 0 to 100 on the scale
below, where

  0 =             and            100 = 
 ""not at all""                    ""most possible""",causal-attr-first,BA,0
sub_82378,1598,72,postBlock1,0,1,"During the last block, how much did you
FEEL PLEASED
when you collected the coins?


Please rate from 0 to 100 on the scale
below, where

  0 =             and            100 = 
 ""not at all""                    ""most possible""",causal-attr-first,BA,0
sub_82378,1599,30,postBlock2,0,1,"During the last block, how much did you
FEEL PLEASED
when you collected the coins?


Please rate from 0 to 100 on the scale
below, where

  0 =             and            100 = 
 ""not at all""                    ""most possible""",causal-attr-first,BA,0
sub_82378,1600,87,postBlock0,0,1,"During the last block, how much did you
FEEL PLEASED
when you collected the coins?


Please rate from 0 to 100 on the scale
below, where

  0 =             and            100 = 
 ""not at all""                    ""most possible""",causal-attr-first,BA,0
sub_82378,1601,74,postBlock0,0,2,"During the last block, how much did you
FEEL A SENSE OF ACHIEVEMENT when you
sucessfully hit the required power level?


Please rate from 0 to 100 on the scale
below, where

  0 =             and            100 = 
 ""not at all""                    ""most possible""",causal-attr-first,BA,0
sub_82378,1602,20,postBlock3,0,2,"During the last block, how much did you
FEEL A SENSE OF ACHIEVEMENT when you
sucessfully hit the required power level?


Please rate from 0 to 100 on the scale
below, where

  0 =             and            100 = 
 ""not at all""                    ""most possible""",causal-attr-first,BA,0
sub_82378,1603,62,postBlock1,0,2,"During the last block, how much did you
FEEL A SENSE OF ACHIEVEMENT when you
sucessfully hit the required power level?


Please rate from 0 to 100 on the scale
below, where

  0 =             and            100 = 
 ""not at all""                    ""most possible""",causal-attr-first,BA,0
sub_82378,1604,9,postBlock2,0,2,"During the last block, how much did you
FEEL A SENSE OF ACHIEVEMENT when you
sucessfully hit the required power level?


Please rate from 0 to 100 on the scale
below, where

  0 =             and            100 = 
 ""not at all""                    ""most possible""",causal-attr-first,BA,0
sub_82378,1605,11,postBlock0,0,3,"During the last block, how much did you
FEEL BORED?
Please rate from 0 to 100 on the scale
below, where

  0 =             and            100 = 
 ""not at all""                    ""most possible""",causal-attr-first,BA,0
sub_82378,1606,71,postBlock1,0,3,"During the last block, how much did you
FEEL BORED?
Please rate from 0 to 100 on the scale
below, where

  0 =             and            100 = 
 ""not at all""                    ""most possible""",causal-attr-first,BA,0
sub_82378,1607,89,postBlock3,0,3,"During the last block, how much did you
FEEL BORED?
Please rate from 0 to 100 on the scale
below, where

  0 =             and            100 = 
 ""not at all""                    ""most possible""",causal-attr-first,BA,0
sub_82378,1608,78,postBlock2,0,3,"During the last block, how much did you
FEEL BORED?
Please rate from 0 to 100 on the scale
below, where

  0 =             and            100 = 
 ""not at all""                    ""most possible""",causal-attr-first,BA,0
sub_73339,1609,96,postBlock3,0,1,"During the last block, how much did you
FEEL PLEASED
when you collected the coins?


Please rate from 0 to 100 on the scale
below, where

  0 =             and            100 = 
 ""not at all""                    ""most possible""",causal-attr-first,BA,0
sub_73339,1610,97,postBlock1,0,1,"During the last block, how much did you
FEEL PLEASED
when you collected the coins?


Please rate from 0 to 100 on the scale
below, where

  0 =             and            100 = 
 ""not at all""                    ""most possible""",causal-attr-first,BA,0
sub_73339,1611,87,postBlock2,0,1,"During the last block, how much did you
FEEL PLEASED
when you collected the coins?


Please rate from 0 to 100 on the scale
below, where

  0 =             and            100 = 
 ""not at all""                    ""most possible""",causal-attr-first,BA,0
sub_73339,1612,97,postBlock0,0,1,"During the last block, how much did you
FEEL PLEASED
when you collected the coins?


Please rate from 0 to 100 on the scale
below, where

  0 =             and            100 = 
 ""not at all""                    ""most possible""",causal-attr-first,BA,0
sub_73339,1613,95,postBlock0,0,2,"During the last block, how much did you
FEEL A SENSE OF ACHIEVEMENT when you
sucessfully hit the required power level?


Please rate from 0 to 100 on the scale
below, where

  0 =             and            100 = 
 ""not at all""                    ""most possible""",causal-attr-first,BA,0
sub_73339,1614,96,postBlock3,0,2,"During the last block, how much did you
FEEL A SENSE OF ACHIEVEMENT when you
sucessfully hit the required power level?


Please rate from 0 to 100 on the scale
below, where

  0 =             and            100 = 
 ""not at all""                    ""most possible""",causal-attr-first,BA,0
sub_73339,1615,99,postBlock1,0,2,"During the last block, how much did you
FEEL A SENSE OF ACHIEVEMENT when you
sucessfully hit the required power level?


Please rate from 0 to 100 on the scale
below, where

  0 =             and            100 = 
 ""not at all""                    ""most possible""",causal-attr-first,BA,0
sub_73339,1616,93,postBlock2,0,2,"During the last block, how much did you
FEEL A SENSE OF ACHIEVEMENT when you
sucessfully hit the required power level?


Please rate from 0 to 100 on the scale
below, where

  0 =             and            100 = 
 ""not at all""                    ""most possible""",causal-attr-first,BA,0
sub_73339,1617,19,postBlock0,0,3,"During the last block, how much did you
FEEL BORED?
Please rate from 0 to 100 on the scale
below, where

  0 =             and            100 = 
 ""not at all""                    ""most possible""",causal-attr-first,BA,0
sub_73339,1618,13,postBlock1,0,3,"During the last block, how much did you
FEEL BORED?
Please rate from 0 to 100 on the scale
below, where

  0 =             and            100 = 
 ""not at all""                    ""most possible""",causal-attr-first,BA,0
sub_73339,1619,13,postBlock3,0,3,"During the last block, how much did you
FEEL BORED?
Please rate from 0 to 100 on the scale
below, where

  0 =             and            100 = 
 ""not at all""                    ""most possible""",causal-attr-first,BA,0
sub_73339,1620,20,postBlock2,0,3,"During the last block, how much did you
FEEL BORED?
Please rate from 0 to 100 on the scale
below, where

  0 =             and            100 = 
 ""not at all""                    ""most possible""",causal-attr-first,BA,0
sub_17109,1621,80,postBlock3,0,1,"During the last block, how much did you
FEEL PLEASED
when you collected the coins?


Please rate from 0 to 100 on the scale
below, where

  0 =             and            100 = 
 ""not at all""                    ""most possible""",causal-attr-first,BA,0
sub_17109,1622,81,postBlock1,0,1,"During the last block, how much did you
FEEL PLEASED
when you collected the coins?


Please rate from 0 to 100 on the scale
below, where

  0 =             and            100 = 
 ""not at all""                    ""most possible""",causal-attr-first,BA,0
sub_17109,1623,86,postBlock2,0,1,"During the last block, how much did you
FEEL PLEASED
when you collected the coins?


Please rate from 0 to 100 on the scale
below, where

  0 =             and            100 = 
 ""not at all""                    ""most possible""",causal-attr-first,BA,0
sub_17109,1624,86,postBlock0,0,1,"During the last block, how much did you
FEEL PLEASED
when you collected the coins?


Please rate from 0 to 100 on the scale
below, where

  0 =             and            100 = 
 ""not at all""                    ""most possible""",causal-attr-first,BA,0
sub_17109,1625,89,postBlock0,0,2,"During the last block, how much did you
FEEL A SENSE OF ACHIEVEMENT when you
sucessfully hit the required power level?


Please rate from 0 to 100 on the scale
below, where

  0 =             and            100 = 
 ""not at all""                    ""most possible""",causal-attr-first,BA,0
sub_17109,1626,70,postBlock3,0,2,"During the last block, how much did you
FEEL A SENSE OF ACHIEVEMENT when you
sucessfully hit the required power level?


Please rate from 0 to 100 on the scale
below, where

  0 =             and            100 = 
 ""not at all""                    ""most possible""",causal-attr-first,BA,0
sub_17109,1627,83,postBlock1,0,2,"During the last block, how much did you
FEEL A SENSE OF ACHIEVEMENT when you
sucessfully hit the required power level?


Please rate from 0 to 100 on the scale
below, where

  0 =             and            100 = 
 ""not at all""                    ""most possible""",causal-attr-first,BA,0
sub_17109,1628,76,postBlock2,0,2,"During the last block, how much did you
FEEL A SENSE OF ACHIEVEMENT when you
sucessfully hit the required power level?


Please rate from 0 to 100 on the scale
below, where

  0 =             and            100 = 
 ""not at all""                    ""most possible""",causal-attr-first,BA,0
sub_17109,1629,3,postBlock0,0,3,"During the last block, how much did you
FEEL BORED?
Please rate from 0 to 100 on the scale
below, where

  0 =             and            100 = 
 ""not at all""                    ""most possible""",causal-attr-first,BA,0
sub_17109,1630,9,postBlock1,0,3,"During the last block, how much did you
FEEL BORED?
Please rate from 0 to 100 on the scale
below, where

  0 =             and            100 = 
 ""not at all""                    ""most possible""",causal-attr-first,BA,0
sub_17109,1631,27,postBlock3,0,3,"During the last block, how much did you
FEEL BORED?
Please rate from 0 to 100 on the scale
below, where

  0 =             and            100 = 
 ""not at all""                    ""most possible""",causal-attr-first,BA,0
sub_17109,1632,21,postBlock2,0,3,"During the last block, how much did you
FEEL BORED?
Please rate from 0 to 100 on the scale
below, where

  0 =             and            100 = 
 ""not at all""                    ""most possible""",causal-attr-first,BA,0
sub_64376,1633,15,postBlock3,0,1,"During the last block, how much did you
FEEL PLEASED
when you collected the coins?


Please rate from 0 to 100 on the scale
below, where

  0 =             and            100 = 
 ""not at all""                    ""most possible""",rew-eff-first,BA,0
sub_64376,1634,8,postBlock1,0,1,"During the last block, how much did you
FEEL PLEASED
when you collected the coins?


Please rate from 0 to 100 on the scale
below, where

  0 =             and            100 = 
 ""not at all""                    ""most possible""",rew-eff-first,BA,0
sub_64376,1635,8,postBlock2,0,1,"During the last block, how much did you
FEEL PLEASED
when you collected the coins?


Please rate from 0 to 100 on the scale
below, where

  0 =             and            100 = 
 ""not at all""                    ""most possible""",rew-eff-first,BA,0
sub_64376,1636,12,postBlock0,0,1,"During the last block, how much did you
FEEL PLEASED
when you collected the coins?


Please rate from 0 to 100 on the scale
below, where

  0 =             and            100 = 
 ""not at all""                    ""most possible""",rew-eff-first,BA,0
sub_64376,1637,69,postBlock0,0,2,"During the last block, how much did you
FEEL A SENSE OF ACHIEVEMENT when you
sucessfully hit the required power level?


Please rate from 0 to 100 on the scale
below, where

  0 =             and            100 = 
 ""not at all""                    ""most possible""",rew-eff-first,BA,0
sub_64376,1638,5,postBlock3,0,2,"During the last block, how much did you
FEEL A SENSE OF ACHIEVEMENT when you
sucessfully hit the required power level?


Please rate from 0 to 100 on the scale
below, where

  0 =             and            100 = 
 ""not at all""                    ""most possible""",rew-eff-first,BA,0
sub_64376,1639,20,postBlock1,0,2,"During the last block, how much did you
FEEL A SENSE OF ACHIEVEMENT when you
sucessfully hit the required power level?


Please rate from 0 to 100 on the scale
below, where

  0 =             and            100 = 
 ""not at all""                    ""most possible""",rew-eff-first,BA,0
sub_64376,1640,6,postBlock2,0,2,"During the last block, how much did you
FEEL A SENSE OF ACHIEVEMENT when you
sucessfully hit the required power level?


Please rate from 0 to 100 on the scale
below, where

  0 =             and            100 = 
 ""not at all""                    ""most possible""",rew-eff-first,BA,0
sub_64376,1641,86,postBlock0,0,3,"During the last block, how much did you
FEEL BORED?
Please rate from 0 to 100 on the scale
below, where

  0 =             and            100 = 
 ""not at all""                    ""most possible""",rew-eff-first,BA,0
sub_64376,1642,93,postBlock1,0,3,"During the last block, how much did you
FEEL BORED?
Please rate from 0 to 100 on the scale
below, where

  0 =             and            100 = 
 ""not at all""                    ""most possible""",rew-eff-first,BA,0
sub_64376,1643,100,postBlock3,0,3,"During the last block, how much did you
FEEL BORED?
Please rate from 0 to 100 on the scale
below, where

  0 =             and            100 = 
 ""not at all""                    ""most possible""",rew-eff-first,BA,0
sub_64376,1644,94,postBlock2,0,3,"During the last block, how much did you
FEEL BORED?
Please rate from 0 to 100 on the scale
below, where

  0 =             and            100 = 
 ""not at all""                    ""most possible""",rew-eff-first,BA,0
sub_93894,1645,60,postBlock3,0,1,"During the last block, how much did you
FEEL PLEASED
when you collected the coins?


Please rate from 0 to 100 on the scale
below, where

  0 =             and            100 = 
 ""not at all""                    ""most possible""",causal-attr-first,CR,0
sub_93894,1646,80,postBlock1,0,1,"During the last block, how much did you
FEEL PLEASED
when you collected the coins?


Please rate from 0 to 100 on the scale
below, where

  0 =             and            100 = 
 ""not at all""                    ""most possible""",causal-attr-first,CR,0
sub_93894,1647,70,postBlock2,0,1,"During the last block, how much did you
FEEL PLEASED
when you collected the coins?


Please rate from 0 to 100 on the scale
below, where

  0 =             and            100 = 
 ""not at all""                    ""most possible""",causal-attr-first,CR,0
sub_93894,1648,75,postBlock0,0,1,"During the last block, how much did you
FEEL PLEASED
when you collected the coins?


Please rate from 0 to 100 on the scale
below, where

  0 =             and            100 = 
 ""not at all""                    ""most possible""",causal-attr-first,CR,0
sub_93894,1649,78,postBlock0,0,2,"During the last block, how much did you
FEEL A SENSE OF ACHIEVEMENT when you
sucessfully hit the required power level?


Please rate from 0 to 100 on the scale
below, where

  0 =             and            100 = 
 ""not at all""                    ""most possible""",causal-attr-first,CR,0
sub_93894,1650,60,postBlock3,0,2,"During the last block, how much did you
FEEL A SENSE OF ACHIEVEMENT when you
sucessfully hit the required power level?


Please rate from 0 to 100 on the scale
below, where

  0 =             and            100 = 
 ""not at all""                    ""most possible""",causal-attr-first,CR,0
sub_93894,1651,75,postBlock1,0,2,"During the last block, how much did you
FEEL A SENSE OF ACHIEVEMENT when you
sucessfully hit the required power level?


Please rate from 0 to 100 on the scale
below, where

  0 =             and            100 = 
 ""not at all""                    ""most possible""",causal-attr-first,CR,0
sub_93894,1652,65,postBlock2,0,2,"During the last block, how much did you
FEEL A SENSE OF ACHIEVEMENT when you
sucessfully hit the required power level?


Please rate from 0 to 100 on the scale
below, where

  0 =             and            100 = 
 ""not at all""                    ""most possible""",causal-attr-first,CR,0
sub_93894,1653,40,postBlock0,0,3,"During the last block, how much did you
FEEL BORED?
Please rate from 0 to 100 on the scale
below, where

  0 =             and            100 = 
 ""not at all""                    ""most possible""",causal-attr-first,CR,0
sub_93894,1654,36,postBlock1,0,3,"During the last block, how much did you
FEEL BORED?
Please rate from 0 to 100 on the scale
below, where

  0 =             and            100 = 
 ""not at all""                    ""most possible""",causal-attr-first,CR,0
sub_93894,1655,63,postBlock3,0,3,"During the last block, how much did you
FEEL BORED?
Please rate from 0 to 100 on the scale
below, where

  0 =             and            100 = 
 ""not at all""                    ""most possible""",causal-attr-first,CR,0
sub_93894,1656,51,postBlock2,0,3,"During the last block, how much did you
FEEL BORED?
Please rate from 0 to 100 on the scale
below, where

  0 =             and            100 = 
 ""not at all""                    ""most possible""",causal-attr-first,CR,0
sub_63645,1657,79,postBlock3,0,1,"During the last block, how much did you
FEEL PLEASED
when you collected the coins?


Please rate from 0 to 100 on the scale
below, where

  0 =             and            100 = 
 ""not at all""                    ""most possible""",causal-attr-first,CR,0
sub_63645,1658,73,postBlock1,0,1,"During the last block, how much did you
FEEL PLEASED
when you collected the coins?


Please rate from 0 to 100 on the scale
below, where

  0 =             and            100 = 
 ""not at all""                    ""most possible""",causal-attr-first,CR,0
sub_63645,1659,87,postBlock2,0,1,"During the last block, how much did you
FEEL PLEASED
when you collected the coins?


Please rate from 0 to 100 on the scale
below, where

  0 =             and            100 = 
 ""not at all""                    ""most possible""",causal-attr-first,CR,0
sub_63645,1660,70,postBlock0,0,1,"During the last block, how much did you
FEEL PLEASED
when you collected the coins?


Please rate from 0 to 100 on the scale
below, where

  0 =             and            100 = 
 ""not at all""                    ""most possible""",causal-attr-first,CR,0
sub_63645,1661,87,postBlock0,0,2,"During the last block, how much did you
FEEL A SENSE OF ACHIEVEMENT when you
sucessfully hit the required power level?


Please rate from 0 to 100 on the scale
below, where

  0 =             and            100 = 
 ""not at all""                    ""most possible""",causal-attr-first,CR,0
sub_63645,1662,86,postBlock3,0,2,"During the last block, how much did you
FEEL A SENSE OF ACHIEVEMENT when you
sucessfully hit the required power level?


Please rate from 0 to 100 on the scale
below, where

  0 =             and            100 = 
 ""not at all""                    ""most possible""",causal-attr-first,CR,0
sub_63645,1663,84,postBlock1,0,2,"During the last block, how much did you
FEEL A SENSE OF ACHIEVEMENT when you
sucessfully hit the required power level?


Please rate from 0 to 100 on the scale
below, where

  0 =             and            100 = 
 ""not at all""                    ""most possible""",causal-attr-first,CR,0
sub_63645,1664,99,postBlock2,0,2,"During the last block, how much did you
FEEL A SENSE OF ACHIEVEMENT when you
sucessfully hit the required power level?


Please rate from 0 to 100 on the scale
below, where

  0 =             and            100 = 
 ""not at all""                    ""most possible""",causal-attr-first,CR,0
sub_63645,1665,20,postBlock0,0,3,"During the last block, how much did you
FEEL BORED?
Please rate from 0 to 100 on the scale
below, where

  0 =             and            100 = 
 ""not at all""                    ""most possible""",causal-attr-first,CR,0
sub_63645,1666,16,postBlock1,0,3,"During the last block, how much did you
FEEL BORED?
Please rate from 0 to 100 on the scale
below, where

  0 =             and            100 = 
 ""not at all""                    ""most possible""",causal-attr-first,CR,0
sub_63645,1667,18,postBlock3,0,3,"During the last block, how much did you
FEEL BORED?
Please rate from 0 to 100 on the scale
below, where

  0 =             and            100 = 
 ""not at all""                    ""most possible""",causal-attr-first,CR,0
sub_63645,1668,13,postBlock2,0,3,"During the last block, how much did you
FEEL BORED?
Please rate from 0 to 100 on the scale
below, where

  0 =             and            100 = 
 ""not at all""                    ""most possible""",causal-attr-first,CR,0
sub_15641,1669,40,postBlock3,0,1,"During the last block, how much did you
FEEL PLEASED
when you collected the coins?


Please rate from 0 to 100 on the scale
below, where

  0 =             and            100 = 
 ""not at all""                    ""most possible""",rew-eff-first,CR,0
sub_15641,1670,85,postBlock1,0,1,"During the last block, how much did you
FEEL PLEASED
when you collected the coins?


Please rate from 0 to 100 on the scale
below, where

  0 =             and            100 = 
 ""not at all""                    ""most possible""",rew-eff-first,CR,0
sub_15641,1671,53,postBlock2,0,1,"During the last block, how much did you
FEEL PLEASED
when you collected the coins?


Please rate from 0 to 100 on the scale
below, where

  0 =             and            100 = 
 ""not at all""                    ""most possible""",rew-eff-first,CR,0
sub_15641,1672,85,postBlock0,0,1,"During the last block, how much did you
FEEL PLEASED
when you collected the coins?


Please rate from 0 to 100 on the scale
below, where

  0 =             and            100 = 
 ""not at all""                    ""most possible""",rew-eff-first,CR,0
sub_15641,1673,95,postBlock0,0,2,"During the last block, how much did you
FEEL A SENSE OF ACHIEVEMENT when you
sucessfully hit the required power level?


Please rate from 0 to 100 on the scale
below, where

  0 =             and            100 = 
 ""not at all""                    ""most possible""",rew-eff-first,CR,0
sub_15641,1674,45,postBlock3,0,2,"During the last block, how much did you
FEEL A SENSE OF ACHIEVEMENT when you
sucessfully hit the required power level?


Please rate from 0 to 100 on the scale
below, where

  0 =             and            100 = 
 ""not at all""                    ""most possible""",rew-eff-first,CR,0
sub_15641,1675,70,postBlock1,0,2,"During the last block, how much did you
FEEL A SENSE OF ACHIEVEMENT when you
sucessfully hit the required power level?


Please rate from 0 to 100 on the scale
below, where

  0 =             and            100 = 
 ""not at all""                    ""most possible""",rew-eff-first,CR,0
sub_15641,1676,43,postBlock2,0,2,"During the last block, how much did you
FEEL A SENSE OF ACHIEVEMENT when you
sucessfully hit the required power level?


Please rate from 0 to 100 on the scale
below, where

  0 =             and            100 = 
 ""not at all""                    ""most possible""",rew-eff-first,CR,0
sub_15641,1677,3,postBlock0,0,3,"During the last block, how much did you
FEEL BORED?
Please rate from 0 to 100 on the scale
below, where

  0 =             and            100 = 
 ""not at all""                    ""most possible""",rew-eff-first,CR,0
sub_15641,1678,9,postBlock1,0,3,"During the last block, how much did you
FEEL BORED?
Please rate from 0 to 100 on the scale
below, where

  0 =             and            100 = 
 ""not at all""                    ""most possible""",rew-eff-first,CR,0
sub_15641,1679,20,postBlock3,0,3,"During the last block, how much did you
FEEL BORED?
Please rate from 0 to 100 on the scale
below, where

  0 =             and            100 = 
 ""not at all""                    ""most possible""",rew-eff-first,CR,0
sub_15641,1680,20,postBlock2,0,3,"During the last block, how much did you
FEEL BORED?
Please rate from 0 to 100 on the scale
below, where

  0 =             and            100 = 
 ""not at all""                    ""most possible""",rew-eff-first,CR,0
sub_44392,1681,93,postBlock3,0,1,"During the last block, how much did you
FEEL PLEASED
when you collected the coins?


Please rate from 0 to 100 on the scale
below, where

  0 =             and            100 = 
 ""not at all""                    ""most possible""",rew-eff-first,BA,0
sub_44392,1682,84,postBlock1,0,1,"During the last block, how much did you
FEEL PLEASED
when you collected the coins?


Please rate from 0 to 100 on the scale
below, where

  0 =             and            100 = 
 ""not at all""                    ""most possible""",rew-eff-first,BA,0
sub_44392,1683,94,postBlock2,0,1,"During the last block, how much did you
FEEL PLEASED
when you collected the coins?


Please rate from 0 to 100 on the scale
below, where

  0 =             and            100 = 
 ""not at all""                    ""most possible""",rew-eff-first,BA,0
sub_44392,1684,95,postBlock0,0,1,"During the last block, how much did you
FEEL PLEASED
when you collected the coins?


Please rate from 0 to 100 on the scale
below, where

  0 =             and            100 = 
 ""not at all""                    ""most possible""",rew-eff-first,BA,0
sub_44392,1685,98,postBlock0,0,2,"During the last block, how much did you
FEEL A SENSE OF ACHIEVEMENT when you
sucessfully hit the required power level?


Please rate from 0 to 100 on the scale
below, where

  0 =             and            100 = 
 ""not at all""                    ""most possible""",rew-eff-first,BA,0
sub_44392,1686,93,postBlock3,0,2,"During the last block, how much did you
FEEL A SENSE OF ACHIEVEMENT when you
sucessfully hit the required power level?


Please rate from 0 to 100 on the scale
below, where

  0 =             and            100 = 
 ""not at all""                    ""most possible""",rew-eff-first,BA,0
sub_44392,1687,85,postBlock1,0,2,"During the last block, how much did you
FEEL A SENSE OF ACHIEVEMENT when you
sucessfully hit the required power level?


Please rate from 0 to 100 on the scale
below, where

  0 =             and            100 = 
 ""not at all""                    ""most possible""",rew-eff-first,BA,0
sub_44392,1688,95,postBlock2,0,2,"During the last block, how much did you
FEEL A SENSE OF ACHIEVEMENT when you
sucessfully hit the required power level?


Please rate from 0 to 100 on the scale
below, where

  0 =             and            100 = 
 ""not at all""                    ""most possible""",rew-eff-first,BA,0
sub_44392,1689,37,postBlock0,0,3,"During the last block, how much did you
FEEL BORED?
Please rate from 0 to 100 on the scale
below, where

  0 =             and            100 = 
 ""not at all""                    ""most possible""",rew-eff-first,BA,0
sub_44392,1690,39,postBlock1,0,3,"During the last block, how much did you
FEEL BORED?
Please rate from 0 to 100 on the scale
below, where

  0 =             and            100 = 
 ""not at all""                    ""most possible""",rew-eff-first,BA,0
sub_44392,1691,32,postBlock3,0,3,"During the last block, how much did you
FEEL BORED?
Please rate from 0 to 100 on the scale
below, where

  0 =             and            100 = 
 ""not at all""                    ""most possible""",rew-eff-first,BA,0
sub_44392,1692,36,postBlock2,0,3,"During the last block, how much did you
FEEL BORED?
Please rate from 0 to 100 on the scale
below, where

  0 =             and            100 = 
 ""not at all""                    ""most possible""",rew-eff-first,BA,0
sub_25041,1693,100,postBlock3,0,1,"During the last block, how much did you
FEEL PLEASED
when you collected the coins?


Please rate from 0 to 100 on the scale
below, where

  0 =             and            100 = 
 ""not at all""                    ""most possible""",causal-attr-first,BA,0
sub_25041,1694,100,postBlock1,0,1,"During the last block, how much did you
FEEL PLEASED
when you collected the coins?


Please rate from 0 to 100 on the scale
below, where

  0 =             and            100 = 
 ""not at all""                    ""most possible""",causal-attr-first,BA,0
sub_25041,1695,100,postBlock2,0,1,"During the last block, how much did you
FEEL PLEASED
when you collected the coins?


Please rate from 0 to 100 on the scale
below, where

  0 =             and            100 = 
 ""not at all""                    ""most possible""",causal-attr-first,BA,0
sub_25041,1696,100,postBlock0,0,1,"During the last block, how much did you
FEEL PLEASED
when you collected the coins?


Please rate from 0 to 100 on the scale
below, where

  0 =             and            100 = 
 ""not at all""                    ""most possible""",causal-attr-first,BA,0
sub_25041,1697,100,postBlock0,0,2,"During the last block, how much did you
FEEL A SENSE OF ACHIEVEMENT when you
sucessfully hit the required power level?


Please rate from 0 to 100 on the scale
below, where

  0 =             and            100 = 
 ""not at all""                    ""most possible""",causal-attr-first,BA,0
sub_25041,1698,100,postBlock3,0,2,"During the last block, how much did you
FEEL A SENSE OF ACHIEVEMENT when you
sucessfully hit the required power level?


Please rate from 0 to 100 on the scale
below, where

  0 =             and            100 = 
 ""not at all""                    ""most possible""",causal-attr-first,BA,0
sub_25041,1699,100,postBlock1,0,2,"During the last block, how much did you
FEEL A SENSE OF ACHIEVEMENT when you
sucessfully hit the required power level?


Please rate from 0 to 100 on the scale
below, where

  0 =             and            100 = 
 ""not at all""                    ""most possible""",causal-attr-first,BA,0
sub_25041,1700,100,postBlock2,0,2,"During the last block, how much did you
FEEL A SENSE OF ACHIEVEMENT when you
sucessfully hit the required power level?


Please rate from 0 to 100 on the scale
below, where

  0 =             and            100 = 
 ""not at all""                    ""most possible""",causal-attr-first,BA,0
sub_25041,1701,0,postBlock0,0,3,"During the last block, how much did you
FEEL BORED?
Please rate from 0 to 100 on the scale
below, where

  0 =             and            100 = 
 ""not at all""                    ""most possible""",causal-attr-first,BA,0
sub_25041,1702,0,postBlock1,0,3,"During the last block, how much did you
FEEL BORED?
Please rate from 0 to 100 on the scale
below, where

  0 =             and            100 = 
 ""not at all""                    ""most possible""",causal-attr-first,BA,0
sub_25041,1703,1,postBlock3,0,3,"During the last block, how much did you
FEEL BORED?
Please rate from 0 to 100 on the scale
below, where

  0 =             and            100 = 
 ""not at all""                    ""most possible""",causal-attr-first,BA,0
sub_25041,1704,0,postBlock2,0,3,"During the last block, how much did you
FEEL BORED?
Please rate from 0 to 100 on the scale
below, where

  0 =             and            100 = 
 ""not at all""                    ""most possible""",causal-attr-first,BA,0
sub_42161,1705,9,postBlock3,0,1,"During the last block, how much did you
FEEL PLEASED
when you collected the coins?


Please rate from 0 to 100 on the scale
below, where

  0 =             and            100 = 
 ""not at all""                    ""most possible""",rew-eff-first,CR,0
sub_42161,1706,9,postBlock1,0,1,"During the last block, how much did you
FEEL PLEASED
when you collected the coins?


Please rate from 0 to 100 on the scale
below, where

  0 =             and            100 = 
 ""not at all""                    ""most possible""",rew-eff-first,CR,0
sub_42161,1707,8,postBlock2,0,1,"During the last block, how much did you
FEEL PLEASED
when you collected the coins?


Please rate from 0 to 100 on the scale
below, where

  0 =             and            100 = 
 ""not at all""                    ""most possible""",rew-eff-first,CR,0
sub_42161,1708,10,postBlock0,0,1,"During the last block, how much did you
FEEL PLEASED
when you collected the coins?


Please rate from 0 to 100 on the scale
below, where

  0 =             and            100 = 
 ""not at all""                    ""most possible""",rew-eff-first,CR,0
sub_42161,1709,29,postBlock0,0,2,"During the last block, how much did you
FEEL A SENSE OF ACHIEVEMENT when you
sucessfully hit the required power level?


Please rate from 0 to 100 on the scale
below, where

  0 =             and            100 = 
 ""not at all""                    ""most possible""",rew-eff-first,CR,0
sub_42161,1710,15,postBlock3,0,2,"During the last block, how much did you
FEEL A SENSE OF ACHIEVEMENT when you
sucessfully hit the required power level?


Please rate from 0 to 100 on the scale
below, where

  0 =             and            100 = 
 ""not at all""                    ""most possible""",rew-eff-first,CR,0
sub_42161,1711,12,postBlock1,0,2,"During the last block, how much did you
FEEL A SENSE OF ACHIEVEMENT when you
sucessfully hit the required power level?


Please rate from 0 to 100 on the scale
below, where

  0 =             and            100 = 
 ""not at all""                    ""most possible""",rew-eff-first,CR,0
sub_42161,1712,3,postBlock2,0,2,"During the last block, how much did you
FEEL A SENSE OF ACHIEVEMENT when you
sucessfully hit the required power level?


Please rate from 0 to 100 on the scale
below, where

  0 =             and            100 = 
 ""not at all""                    ""most possible""",rew-eff-first,CR,0
sub_42161,1713,91,postBlock0,0,3,"During the last block, how much did you
FEEL BORED?
Please rate from 0 to 100 on the scale
below, where

  0 =             and            100 = 
 ""not at all""                    ""most possible""",rew-eff-first,CR,0
sub_42161,1714,94,postBlock1,0,3,"During the last block, how much did you
FEEL BORED?
Please rate from 0 to 100 on the scale
below, where

  0 =             and            100 = 
 ""not at all""                    ""most possible""",rew-eff-first,CR,0
sub_42161,1715,94,postBlock3,0,3,"During the last block, how much did you
FEEL BORED?
Please rate from 0 to 100 on the scale
below, where

  0 =             and            100 = 
 ""not at all""                    ""most possible""",rew-eff-first,CR,0
sub_42161,1716,97,postBlock2,0,3,"During the last block, how much did you
FEEL BORED?
Please rate from 0 to 100 on the scale
below, where

  0 =             and            100 = 
 ""not at all""                    ""most possible""",rew-eff-first,CR,0
sub_69437,1717,73,postBlock3,0,1,"During the last block, how much did you
FEEL PLEASED
when you collected the coins?


Please rate from 0 to 100 on the scale
below, where

  0 =             and            100 = 
 ""not at all""                    ""most possible""",rew-eff-first,BA,0
sub_69437,1718,77,postBlock1,0,1,"During the last block, how much did you
FEEL PLEASED
when you collected the coins?


Please rate from 0 to 100 on the scale
below, where

  0 =             and            100 = 
 ""not at all""                    ""most possible""",rew-eff-first,BA,0
sub_69437,1719,70,postBlock2,0,1,"During the last block, how much did you
FEEL PLEASED
when you collected the coins?


Please rate from 0 to 100 on the scale
below, where

  0 =             and            100 = 
 ""not at all""                    ""most possible""",rew-eff-first,BA,0
sub_69437,1720,89,postBlock0,0,1,"During the last block, how much did you
FEEL PLEASED
when you collected the coins?


Please rate from 0 to 100 on the scale
below, where

  0 =             and            100 = 
 ""not at all""                    ""most possible""",rew-eff-first,BA,0
sub_69437,1721,82,postBlock0,0,2,"During the last block, how much did you
FEEL A SENSE OF ACHIEVEMENT when you
sucessfully hit the required power level?


Please rate from 0 to 100 on the scale
below, where

  0 =             and            100 = 
 ""not at all""                    ""most possible""",rew-eff-first,BA,0
sub_69437,1722,79,postBlock3,0,2,"During the last block, how much did you
FEEL A SENSE OF ACHIEVEMENT when you
sucessfully hit the required power level?


Please rate from 0 to 100 on the scale
below, where

  0 =             and            100 = 
 ""not at all""                    ""most possible""",rew-eff-first,BA,0
sub_69437,1723,82,postBlock1,0,2,"During the last block, how much did you
FEEL A SENSE OF ACHIEVEMENT when you
sucessfully hit the required power level?


Please rate from 0 to 100 on the scale
below, where

  0 =             and            100 = 
 ""not at all""                    ""most possible""",rew-eff-first,BA,0
sub_69437,1724,71,postBlock2,0,2,"During the last block, how much did you
FEEL A SENSE OF ACHIEVEMENT when you
sucessfully hit the required power level?


Please rate from 0 to 100 on the scale
below, where

  0 =             and            100 = 
 ""not at all""                    ""most possible""",rew-eff-first,BA,0
sub_69437,1725,62,postBlock0,0,3,"During the last block, how much did you
FEEL BORED?
Please rate from 0 to 100 on the scale
below, where

  0 =             and            100 = 
 ""not at all""                    ""most possible""",rew-eff-first,BA,0
sub_69437,1726,71,postBlock1,0,3,"During the last block, how much did you
FEEL BORED?
Please rate from 0 to 100 on the scale
below, where

  0 =             and            100 = 
 ""not at all""                    ""most possible""",rew-eff-first,BA,0
sub_69437,1727,65,postBlock3,0,3,"During the last block, how much did you
FEEL BORED?
Please rate from 0 to 100 on the scale
below, where

  0 =             and            100 = 
 ""not at all""                    ""most possible""",rew-eff-first,BA,0
sub_69437,1728,70,postBlock2,0,3,"During the last block, how much did you
FEEL BORED?
Please rate from 0 to 100 on the scale
below, where

  0 =             and            100 = 
 ""not at all""                    ""most possible""",rew-eff-first,BA,0
sub_14954,1729,93,postBlock3,0,1,"During the last block, how much did you
FEEL PLEASED
when you collected the coins?


Please rate from 0 to 100 on the scale
below, where

  0 =             and            100 = 
 ""not at all""                    ""most possible""",causal-attr-first,BA,0
sub_14954,1730,93,postBlock1,0,1,"During the last block, how much did you
FEEL PLEASED
when you collected the coins?


Please rate from 0 to 100 on the scale
below, where

  0 =             and            100 = 
 ""not at all""                    ""most possible""",causal-attr-first,BA,0
sub_14954,1731,90,postBlock2,0,1,"During the last block, how much did you
FEEL PLEASED
when you collected the coins?


Please rate from 0 to 100 on the scale
below, where

  0 =             and            100 = 
 ""not at all""                    ""most possible""",causal-attr-first,BA,0
sub_14954,1732,100,postBlock0,0,1,"During the last block, how much did you
FEEL PLEASED
when you collected the coins?


Please rate from 0 to 100 on the scale
below, where

  0 =             and            100 = 
 ""not at all""                    ""most possible""",causal-attr-first,BA,0
sub_14954,1733,100,postBlock0,0,2,"During the last block, how much did you
FEEL A SENSE OF ACHIEVEMENT when you
sucessfully hit the required power level?


Please rate from 0 to 100 on the scale
below, where

  0 =             and            100 = 
 ""not at all""                    ""most possible""",causal-attr-first,BA,0
sub_14954,1734,90,postBlock3,0,2,"During the last block, how much did you
FEEL A SENSE OF ACHIEVEMENT when you
sucessfully hit the required power level?


Please rate from 0 to 100 on the scale
below, where

  0 =             and            100 = 
 ""not at all""                    ""most possible""",causal-attr-first,BA,0
sub_14954,1735,92,postBlock1,0,2,"During the last block, how much did you
FEEL A SENSE OF ACHIEVEMENT when you
sucessfully hit the required power level?


Please rate from 0 to 100 on the scale
below, where

  0 =             and            100 = 
 ""not at all""                    ""most possible""",causal-attr-first,BA,0
sub_14954,1736,87,postBlock2,0,2,"During the last block, how much did you
FEEL A SENSE OF ACHIEVEMENT when you
sucessfully hit the required power level?


Please rate from 0 to 100 on the scale
below, where

  0 =             and            100 = 
 ""not at all""                    ""most possible""",causal-attr-first,BA,0
sub_14954,1737,4,postBlock0,0,3,"During the last block, how much did you
FEEL BORED?
Please rate from 0 to 100 on the scale
below, where

  0 =             and            100 = 
 ""not at all""                    ""most possible""",causal-attr-first,BA,0
sub_14954,1738,23,postBlock1,0,3,"During the last block, how much did you
FEEL BORED?
Please rate from 0 to 100 on the scale
below, where

  0 =             and            100 = 
 ""not at all""                    ""most possible""",causal-attr-first,BA,0
sub_14954,1739,48,postBlock3,0,3,"During the last block, how much did you
FEEL BORED?
Please rate from 0 to 100 on the scale
below, where

  0 =             and            100 = 
 ""not at all""                    ""most possible""",causal-attr-first,BA,0
sub_14954,1740,59,postBlock2,0,3,"During the last block, how much did you
FEEL BORED?
Please rate from 0 to 100 on the scale
below, where

  0 =             and            100 = 
 ""not at all""                    ""most possible""",causal-attr-first,BA,0
sub_82613,1741,74,postBlock3,0,1,"During the last block, how much did you
FEEL PLEASED
when you collected the coins?


Please rate from 0 to 100 on the scale
below, where

  0 =             and            100 = 
 ""not at all""                    ""most possible""",rew-eff-first,CR,0
sub_82613,1742,74,postBlock1,0,1,"During the last block, how much did you
FEEL PLEASED
when you collected the coins?


Please rate from 0 to 100 on the scale
below, where

  0 =             and            100 = 
 ""not at all""                    ""most possible""",rew-eff-first,CR,0
sub_82613,1743,78,postBlock2,0,1,"During the last block, how much did you
FEEL PLEASED
when you collected the coins?


Please rate from 0 to 100 on the scale
below, where

  0 =             and            100 = 
 ""not at all""                    ""most possible""",rew-eff-first,CR,0
sub_82613,1744,90,postBlock0,0,1,"During the last block, how much did you
FEEL PLEASED
when you collected the coins?


Please rate from 0 to 100 on the scale
below, where

  0 =             and            100 = 
 ""not at all""                    ""most possible""",rew-eff-first,CR,0
sub_82613,1745,69,postBlock0,0,2,"During the last block, how much did you
FEEL A SENSE OF ACHIEVEMENT when you
sucessfully hit the required power level?


Please rate from 0 to 100 on the scale
below, where

  0 =             and            100 = 
 ""not at all""                    ""most possible""",rew-eff-first,CR,0
sub_82613,1746,79,postBlock3,0,2,"During the last block, how much did you
FEEL A SENSE OF ACHIEVEMENT when you
sucessfully hit the required power level?


Please rate from 0 to 100 on the scale
below, where

  0 =             and            100 = 
 ""not at all""                    ""most possible""",rew-eff-first,CR,0
sub_82613,1747,60,postBlock1,0,2,"During the last block, how much did you
FEEL A SENSE OF ACHIEVEMENT when you
sucessfully hit the required power level?


Please rate from 0 to 100 on the scale
below, where

  0 =             and            100 = 
 ""not at all""                    ""most possible""",rew-eff-first,CR,0
sub_82613,1748,79,postBlock2,0,2,"During the last block, how much did you
FEEL A SENSE OF ACHIEVEMENT when you
sucessfully hit the required power level?


Please rate from 0 to 100 on the scale
below, where

  0 =             and            100 = 
 ""not at all""                    ""most possible""",rew-eff-first,CR,0
sub_82613,1749,82,postBlock0,0,3,"During the last block, how much did you
FEEL BORED?
Please rate from 0 to 100 on the scale
below, where

  0 =             and            100 = 
 ""not at all""                    ""most possible""",rew-eff-first,CR,0
sub_82613,1750,70,postBlock1,0,3,"During the last block, how much did you
FEEL BORED?
Please rate from 0 to 100 on the scale
below, where

  0 =             and            100 = 
 ""not at all""                    ""most possible""",rew-eff-first,CR,0
sub_82613,1751,63,postBlock3,0,3,"During the last block, how much did you
FEEL BORED?
Please rate from 0 to 100 on the scale
below, where

  0 =             and            100 = 
 ""not at all""                    ""most possible""",rew-eff-first,CR,0
sub_82613,1752,84,postBlock2,0,3,"During the last block, how much did you
FEEL BORED?
Please rate from 0 to 100 on the scale
below, where

  0 =             and            100 = 
 ""not at all""                    ""most possible""",rew-eff-first,CR,0
sub_92900,1753,91,postBlock3,0,1,"During the last block, how much did you
FEEL PLEASED
when you collected the coins?


Please rate from 0 to 100 on the scale
below, where

  0 =             and            100 = 
 ""not at all""                    ""most possible""",causal-attr-first,BA,0
sub_92900,1754,81,postBlock1,0,1,"During the last block, how much did you
FEEL PLEASED
when you collected the coins?


Please rate from 0 to 100 on the scale
below, where

  0 =             and            100 = 
 ""not at all""                    ""most possible""",causal-attr-first,BA,0
sub_92900,1755,90,postBlock2,0,1,"During the last block, how much did you
FEEL PLEASED
when you collected the coins?


Please rate from 0 to 100 on the scale
below, where

  0 =             and            100 = 
 ""not at all""                    ""most possible""",causal-attr-first,BA,0
sub_92900,1756,83,postBlock0,0,1,"During the last block, how much did you
FEEL PLEASED
when you collected the coins?


Please rate from 0 to 100 on the scale
below, where

  0 =             and            100 = 
 ""not at all""                    ""most possible""",causal-attr-first,BA,0
sub_92900,1757,89,postBlock0,0,2,"During the last block, how much did you
FEEL A SENSE OF ACHIEVEMENT when you
sucessfully hit the required power level?


Please rate from 0 to 100 on the scale
below, where

  0 =             and            100 = 
 ""not at all""                    ""most possible""",causal-attr-first,BA,0
sub_92900,1758,92,postBlock3,0,2,"During the last block, how much did you
FEEL A SENSE OF ACHIEVEMENT when you
sucessfully hit the required power level?


Please rate from 0 to 100 on the scale
below, where

  0 =             and            100 = 
 ""not at all""                    ""most possible""",causal-attr-first,BA,0
sub_92900,1759,78,postBlock1,0,2,"During the last block, how much did you
FEEL A SENSE OF ACHIEVEMENT when you
sucessfully hit the required power level?


Please rate from 0 to 100 on the scale
below, where

  0 =             and            100 = 
 ""not at all""                    ""most possible""",causal-attr-first,BA,0
sub_92900,1760,88,postBlock2,0,2,"During the last block, how much did you
FEEL A SENSE OF ACHIEVEMENT when you
sucessfully hit the required power level?


Please rate from 0 to 100 on the scale
below, where

  0 =             and            100 = 
 ""not at all""                    ""most possible""",causal-attr-first,BA,0
sub_92900,1761,15,postBlock0,0,3,"During the last block, how much did you
FEEL BORED?
Please rate from 0 to 100 on the scale
below, where

  0 =             and            100 = 
 ""not at all""                    ""most possible""",causal-attr-first,BA,0
sub_92900,1762,9,postBlock1,0,3,"During the last block, how much did you
FEEL BORED?
Please rate from 0 to 100 on the scale
below, where

  0 =             and            100 = 
 ""not at all""                    ""most possible""",causal-attr-first,BA,0
sub_92900,1763,7,postBlock3,0,3,"During the last block, how much did you
FEEL BORED?
Please rate from 0 to 100 on the scale
below, where

  0 =             and            100 = 
 ""not at all""                    ""most possible""",causal-attr-first,BA,0
sub_92900,1764,13,postBlock2,0,3,"During the last block, how much did you
FEEL BORED?
Please rate from 0 to 100 on the scale
below, where

  0 =             and            100 = 
 ""not at all""                    ""most possible""",causal-attr-first,BA,0
sub_57309,1765,100,postBlock3,0,1,"During the last block, how much did you
FEEL PLEASED
when you collected the coins?


Please rate from 0 to 100 on the scale
below, where

  0 =             and            100 = 
 ""not at all""                    ""most possible""",rew-eff-first,BA,0
sub_57309,1766,91,postBlock1,0,1,"During the last block, how much did you
FEEL PLEASED
when you collected the coins?


Please rate from 0 to 100 on the scale
below, where

  0 =             and            100 = 
 ""not at all""                    ""most possible""",rew-eff-first,BA,0
sub_57309,1767,94,postBlock2,0,1,"During the last block, how much did you
FEEL PLEASED
when you collected the coins?


Please rate from 0 to 100 on the scale
below, where

  0 =             and            100 = 
 ""not at all""                    ""most possible""",rew-eff-first,BA,0
sub_57309,1768,86,postBlock0,0,1,"During the last block, how much did you
FEEL PLEASED
when you collected the coins?


Please rate from 0 to 100 on the scale
below, where

  0 =             and            100 = 
 ""not at all""                    ""most possible""",rew-eff-first,BA,0
sub_57309,1769,100,postBlock0,0,2,"During the last block, how much did you
FEEL A SENSE OF ACHIEVEMENT when you
sucessfully hit the required power level?


Please rate from 0 to 100 on the scale
below, where

  0 =             and            100 = 
 ""not at all""                    ""most possible""",rew-eff-first,BA,0
sub_57309,1770,100,postBlock3,0,2,"During the last block, how much did you
FEEL A SENSE OF ACHIEVEMENT when you
sucessfully hit the required power level?


Please rate from 0 to 100 on the scale
below, where

  0 =             and            100 = 
 ""not at all""                    ""most possible""",rew-eff-first,BA,0
sub_57309,1771,100,postBlock1,0,2,"During the last block, how much did you
FEEL A SENSE OF ACHIEVEMENT when you
sucessfully hit the required power level?


Please rate from 0 to 100 on the scale
below, where

  0 =             and            100 = 
 ""not at all""                    ""most possible""",rew-eff-first,BA,0
sub_57309,1772,98,postBlock2,0,2,"During the last block, how much did you
FEEL A SENSE OF ACHIEVEMENT when you
sucessfully hit the required power level?


Please rate from 0 to 100 on the scale
below, where

  0 =             and            100 = 
 ""not at all""                    ""most possible""",rew-eff-first,BA,0
sub_57309,1773,77,postBlock0,0,3,"During the last block, how much did you
FEEL BORED?
Please rate from 0 to 100 on the scale
below, where

  0 =             and            100 = 
 ""not at all""                    ""most possible""",rew-eff-first,BA,0
sub_57309,1774,35,postBlock1,0,3,"During the last block, how much did you
FEEL BORED?
Please rate from 0 to 100 on the scale
below, where

  0 =             and            100 = 
 ""not at all""                    ""most possible""",rew-eff-first,BA,0
sub_57309,1775,24,postBlock3,0,3,"During the last block, how much did you
FEEL BORED?
Please rate from 0 to 100 on the scale
below, where

  0 =             and            100 = 
 ""not at all""                    ""most possible""",rew-eff-first,BA,0
sub_57309,1776,41,postBlock2,0,3,"During the last block, how much did you
FEEL BORED?
Please rate from 0 to 100 on the scale
below, where

  0 =             and            100 = 
 ""not at all""                    ""most possible""",rew-eff-first,BA,0
sub_85552,1777,50,postBlock3,0,1,"During the last block, how much did you
FEEL PLEASED
when you collected the coins?


Please rate from 0 to 100 on the scale
below, where

  0 =             and            100 = 
 ""not at all""                    ""most possible""",rew-eff-first,CR,0
sub_85552,1778,60,postBlock1,0,1,"During the last block, how much did you
FEEL PLEASED
when you collected the coins?


Please rate from 0 to 100 on the scale
below, where

  0 =             and            100 = 
 ""not at all""                    ""most possible""",rew-eff-first,CR,0
sub_85552,1779,55,postBlock2,0,1,"During the last block, how much did you
FEEL PLEASED
when you collected the coins?


Please rate from 0 to 100 on the scale
below, where

  0 =             and            100 = 
 ""not at all""                    ""most possible""",rew-eff-first,CR,0
sub_85552,1780,75,postBlock0,0,1,"During the last block, how much did you
FEEL PLEASED
when you collected the coins?


Please rate from 0 to 100 on the scale
below, where

  0 =             and            100 = 
 ""not at all""                    ""most possible""",rew-eff-first,CR,0
sub_85552,1781,60,postBlock0,0,2,"During the last block, how much did you
FEEL A SENSE OF ACHIEVEMENT when you
sucessfully hit the required power level?


Please rate from 0 to 100 on the scale
below, where

  0 =             and            100 = 
 ""not at all""                    ""most possible""",rew-eff-first,CR,0
sub_85552,1782,50,postBlock3,0,2,"During the last block, how much did you
FEEL A SENSE OF ACHIEVEMENT when you
sucessfully hit the required power level?


Please rate from 0 to 100 on the scale
below, where

  0 =             and            100 = 
 ""not at all""                    ""most possible""",rew-eff-first,CR,0
sub_85552,1783,60,postBlock1,0,2,"During the last block, how much did you
FEEL A SENSE OF ACHIEVEMENT when you
sucessfully hit the required power level?


Please rate from 0 to 100 on the scale
below, where

  0 =             and            100 = 
 ""not at all""                    ""most possible""",rew-eff-first,CR,0
sub_85552,1784,60,postBlock2,0,2,"During the last block, how much did you
FEEL A SENSE OF ACHIEVEMENT when you
sucessfully hit the required power level?


Please rate from 0 to 100 on the scale
below, where

  0 =             and            100 = 
 ""not at all""                    ""most possible""",rew-eff-first,CR,0
sub_85552,1785,90,postBlock0,0,3,"During the last block, how much did you
FEEL BORED?
Please rate from 0 to 100 on the scale
below, where

  0 =             and            100 = 
 ""not at all""                    ""most possible""",rew-eff-first,CR,0
sub_85552,1786,90,postBlock1,0,3,"During the last block, how much did you
FEEL BORED?
Please rate from 0 to 100 on the scale
below, where

  0 =             and            100 = 
 ""not at all""                    ""most possible""",rew-eff-first,CR,0
sub_85552,1787,98,postBlock3,0,3,"During the last block, how much did you
FEEL BORED?
Please rate from 0 to 100 on the scale
below, where

  0 =             and            100 = 
 ""not at all""                    ""most possible""",rew-eff-first,CR,0
sub_85552,1788,93,postBlock2,0,3,"During the last block, how much did you
FEEL BORED?
Please rate from 0 to 100 on the scale
below, where

  0 =             and            100 = 
 ""not at all""                    ""most possible""",rew-eff-first,CR,0
sub_60979,1789,60,postBlock3,0,1,"During the last block, how much did you
FEEL PLEASED
when you collected the coins?


Please rate from 0 to 100 on the scale
below, where

  0 =             and            100 = 
 ""not at all""                    ""most possible""",rew-eff-first,BA,0
sub_60979,1790,70,postBlock1,0,1,"During the last block, how much did you
FEEL PLEASED
when you collected the coins?


Please rate from 0 to 100 on the scale
below, where

  0 =             and            100 = 
 ""not at all""                    ""most possible""",rew-eff-first,BA,0
sub_60979,1791,72,postBlock2,0,1,"During the last block, how much did you
FEEL PLEASED
when you collected the coins?


Please rate from 0 to 100 on the scale
below, where

  0 =             and            100 = 
 ""not at all""                    ""most possible""",rew-eff-first,BA,0
sub_60979,1792,76,postBlock0,0,1,"During the last block, how much did you
FEEL PLEASED
when you collected the coins?


Please rate from 0 to 100 on the scale
below, where

  0 =             and            100 = 
 ""not at all""                    ""most possible""",rew-eff-first,BA,0
sub_60979,1793,45,postBlock0,0,2,"During the last block, how much did you
FEEL A SENSE OF ACHIEVEMENT when you
sucessfully hit the required power level?


Please rate from 0 to 100 on the scale
below, where

  0 =             and            100 = 
 ""not at all""                    ""most possible""",rew-eff-first,BA,0
sub_60979,1794,53,postBlock3,0,2,"During the last block, how much did you
FEEL A SENSE OF ACHIEVEMENT when you
sucessfully hit the required power level?


Please rate from 0 to 100 on the scale
below, where

  0 =             and            100 = 
 ""not at all""                    ""most possible""",rew-eff-first,BA,0
sub_60979,1795,44,postBlock1,0,2,"During the last block, how much did you
FEEL A SENSE OF ACHIEVEMENT when you
sucessfully hit the required power level?


Please rate from 0 to 100 on the scale
below, where

  0 =             and            100 = 
 ""not at all""                    ""most possible""",rew-eff-first,BA,0
sub_60979,1796,55,postBlock2,0,2,"During the last block, how much did you
FEEL A SENSE OF ACHIEVEMENT when you
sucessfully hit the required power level?


Please rate from 0 to 100 on the scale
below, where

  0 =             and            100 = 
 ""not at all""                    ""most possible""",rew-eff-first,BA,0
sub_60979,1797,20,postBlock0,0,3,"During the last block, how much did you
FEEL BORED?
Please rate from 0 to 100 on the scale
below, where

  0 =             and            100 = 
 ""not at all""                    ""most possible""",rew-eff-first,BA,0
sub_60979,1798,26,postBlock1,0,3,"During the last block, how much did you
FEEL BORED?
Please rate from 0 to 100 on the scale
below, where

  0 =             and            100 = 
 ""not at all""                    ""most possible""",rew-eff-first,BA,0
sub_60979,1799,27,postBlock3,0,3,"During the last block, how much did you
FEEL BORED?
Please rate from 0 to 100 on the scale
below, where

  0 =             and            100 = 
 ""not at all""                    ""most possible""",rew-eff-first,BA,0
sub_60979,1800,6,postBlock2,0,3,"During the last block, how much did you
FEEL BORED?
Please rate from 0 to 100 on the scale
below, where

  0 =             and            100 = 
 ""not at all""                    ""most possible""",rew-eff-first,BA,0
sub_13935,1801,71,postBlock3,0,1,"During the last block, how much did you
FEEL PLEASED
when you collected the coins?


Please rate from 0 to 100 on the scale
below, where

  0 =             and            100 = 
 ""not at all""                    ""most possible""",rew-eff-first,CR,0
sub_13935,1802,84,postBlock1,0,1,"During the last block, how much did you
FEEL PLEASED
when you collected the coins?


Please rate from 0 to 100 on the scale
below, where

  0 =             and            100 = 
 ""not at all""                    ""most possible""",rew-eff-first,CR,0
sub_13935,1803,84,postBlock2,0,1,"During the last block, how much did you
FEEL PLEASED
when you collected the coins?


Please rate from 0 to 100 on the scale
below, where

  0 =             and            100 = 
 ""not at all""                    ""most possible""",rew-eff-first,CR,0
sub_13935,1804,86,postBlock0,0,1,"During the last block, how much did you
FEEL PLEASED
when you collected the coins?


Please rate from 0 to 100 on the scale
below, where

  0 =             and            100 = 
 ""not at all""                    ""most possible""",rew-eff-first,CR,0
sub_13935,1805,96,postBlock0,0,2,"During the last block, how much did you
FEEL A SENSE OF ACHIEVEMENT when you
sucessfully hit the required power level?


Please rate from 0 to 100 on the scale
below, where

  0 =             and            100 = 
 ""not at all""                    ""most possible""",rew-eff-first,CR,0
sub_13935,1806,65,postBlock3,0,2,"During the last block, how much did you
FEEL A SENSE OF ACHIEVEMENT when you
sucessfully hit the required power level?


Please rate from 0 to 100 on the scale
below, where

  0 =             and            100 = 
 ""not at all""                    ""most possible""",rew-eff-first,CR,0
sub_13935,1807,90,postBlock1,0,2,"During the last block, how much did you
FEEL A SENSE OF ACHIEVEMENT when you
sucessfully hit the required power level?


Please rate from 0 to 100 on the scale
below, where

  0 =             and            100 = 
 ""not at all""                    ""most possible""",rew-eff-first,CR,0
sub_13935,1808,80,postBlock2,0,2,"During the last block, how much did you
FEEL A SENSE OF ACHIEVEMENT when you
sucessfully hit the required power level?


Please rate from 0 to 100 on the scale
below, where

  0 =             and            100 = 
 ""not at all""                    ""most possible""",rew-eff-first,CR,0
sub_13935,1809,19,postBlock0,0,3,"During the last block, how much did you
FEEL BORED?
Please rate from 0 to 100 on the scale
below, where

  0 =             and            100 = 
 ""not at all""                    ""most possible""",rew-eff-first,CR,0
sub_13935,1810,20,postBlock1,0,3,"During the last block, how much did you
FEEL BORED?
Please rate from 0 to 100 on the scale
below, where

  0 =             and            100 = 
 ""not at all""                    ""most possible""",rew-eff-first,CR,0
sub_13935,1811,34,postBlock3,0,3,"During the last block, how much did you
FEEL BORED?
Please rate from 0 to 100 on the scale
below, where

  0 =             and            100 = 
 ""not at all""                    ""most possible""",rew-eff-first,CR,0
sub_13935,1812,28,postBlock2,0,3,"During the last block, how much did you
FEEL BORED?
Please rate from 0 to 100 on the scale
below, where

  0 =             and            100 = 
 ""not at all""                    ""most possible""",rew-eff-first,CR,0
sub_14742,1813,100,postBlock3,0,1,"During the last block, how much did you
FEEL PLEASED
when you collected the coins?


Please rate from 0 to 100 on the scale
below, where

  0 =             and            100 = 
 ""not at all""                    ""most possible""",causal-attr-first,CR,0
sub_14742,1814,100,postBlock1,0,1,"During the last block, how much did you
FEEL PLEASED
when you collected the coins?


Please rate from 0 to 100 on the scale
below, where

  0 =             and            100 = 
 ""not at all""                    ""most possible""",causal-attr-first,CR,0
sub_14742,1815,100,postBlock2,0,1,"During the last block, how much did you
FEEL PLEASED
when you collected the coins?


Please rate from 0 to 100 on the scale
below, where

  0 =             and            100 = 
 ""not at all""                    ""most possible""",causal-attr-first,CR,0
sub_14742,1816,100,postBlock0,0,1,"During the last block, how much did you
FEEL PLEASED
when you collected the coins?


Please rate from 0 to 100 on the scale
below, where

  0 =             and            100 = 
 ""not at all""                    ""most possible""",causal-attr-first,CR,0
sub_14742,1817,100,postBlock0,0,2,"During the last block, how much did you
FEEL A SENSE OF ACHIEVEMENT when you
sucessfully hit the required power level?


Please rate from 0 to 100 on the scale
below, where

  0 =             and            100 = 
 ""not at all""                    ""most possible""",causal-attr-first,CR,0
sub_14742,1818,100,postBlock3,0,2,"During the last block, how much did you
FEEL A SENSE OF ACHIEVEMENT when you
sucessfully hit the required power level?


Please rate from 0 to 100 on the scale
below, where

  0 =             and            100 = 
 ""not at all""                    ""most possible""",causal-attr-first,CR,0
sub_14742,1819,100,postBlock1,0,2,"During the last block, how much did you
FEEL A SENSE OF ACHIEVEMENT when you
sucessfully hit the required power level?


Please rate from 0 to 100 on the scale
below, where

  0 =             and            100 = 
 ""not at all""                    ""most possible""",causal-attr-first,CR,0
sub_14742,1820,100,postBlock2,0,2,"During the last block, how much did you
FEEL A SENSE OF ACHIEVEMENT when you
sucessfully hit the required power level?


Please rate from 0 to 100 on the scale
below, where

  0 =             and            100 = 
 ""not at all""                    ""most possible""",causal-attr-first,CR,0
sub_14742,1821,0,postBlock0,0,3,"During the last block, how much did you
FEEL BORED?
Please rate from 0 to 100 on the scale
below, where

  0 =             and            100 = 
 ""not at all""                    ""most possible""",causal-attr-first,CR,0
sub_14742,1822,0,postBlock1,0,3,"During the last block, how much did you
FEEL BORED?
Please rate from 0 to 100 on the scale
below, where

  0 =             and            100 = 
 ""not at all""                    ""most possible""",causal-attr-first,CR,0
sub_14742,1823,0,postBlock3,0,3,"During the last block, how much did you
FEEL BORED?
Please rate from 0 to 100 on the scale
below, where

  0 =             and            100 = 
 ""not at all""                    ""most possible""",causal-attr-first,CR,0
sub_14742,1824,0,postBlock2,0,3,"During the last block, how much did you
FEEL BORED?
Please rate from 0 to 100 on the scale
below, where

  0 =             and            100 = 
 ""not at all""                    ""most possible""",causal-attr-first,CR,0
sub_97812,1825,90,postBlock3,0,1,"During the last block, how much did you
FEEL PLEASED
when you collected the coins?


Please rate from 0 to 100 on the scale
below, where

  0 =             and            100 = 
 ""not at all""                    ""most possible""",rew-eff-first,CR,0
sub_97812,1826,90,postBlock1,0,1,"During the last block, how much did you
FEEL PLEASED
when you collected the coins?


Please rate from 0 to 100 on the scale
below, where

  0 =             and            100 = 
 ""not at all""                    ""most possible""",rew-eff-first,CR,0
sub_97812,1827,95,postBlock2,0,1,"During the last block, how much did you
FEEL PLEASED
when you collected the coins?


Please rate from 0 to 100 on the scale
below, where

  0 =             and            100 = 
 ""not at all""                    ""most possible""",rew-eff-first,CR,0
sub_97812,1828,90,postBlock0,0,1,"During the last block, how much did you
FEEL PLEASED
when you collected the coins?


Please rate from 0 to 100 on the scale
below, where

  0 =             and            100 = 
 ""not at all""                    ""most possible""",rew-eff-first,CR,0
sub_97812,1829,90,postBlock0,0,2,"During the last block, how much did you
FEEL A SENSE OF ACHIEVEMENT when you
sucessfully hit the required power level?


Please rate from 0 to 100 on the scale
below, where

  0 =             and            100 = 
 ""not at all""                    ""most possible""",rew-eff-first,CR,0
sub_97812,1830,90,postBlock3,0,2,"During the last block, how much did you
FEEL A SENSE OF ACHIEVEMENT when you
sucessfully hit the required power level?


Please rate from 0 to 100 on the scale
below, where

  0 =             and            100 = 
 ""not at all""                    ""most possible""",rew-eff-first,CR,0
sub_97812,1831,90,postBlock1,0,2,"During the last block, how much did you
FEEL A SENSE OF ACHIEVEMENT when you
sucessfully hit the required power level?


Please rate from 0 to 100 on the scale
below, where

  0 =             and            100 = 
 ""not at all""                    ""most possible""",rew-eff-first,CR,0
sub_97812,1832,90,postBlock2,0,2,"During the last block, how much did you
FEEL A SENSE OF ACHIEVEMENT when you
sucessfully hit the required power level?


Please rate from 0 to 100 on the scale
below, where

  0 =             and            100 = 
 ""not at all""                    ""most possible""",rew-eff-first,CR,0
sub_97812,1833,30,postBlock0,0,3,"During the last block, how much did you
FEEL BORED?
Please rate from 0 to 100 on the scale
below, where

  0 =             and            100 = 
 ""not at all""                    ""most possible""",rew-eff-first,CR,0
sub_97812,1834,30,postBlock1,0,3,"During the last block, how much did you
FEEL BORED?
Please rate from 0 to 100 on the scale
below, where

  0 =             and            100 = 
 ""not at all""                    ""most possible""",rew-eff-first,CR,0
sub_97812,1835,30,postBlock3,0,3,"During the last block, how much did you
FEEL BORED?
Please rate from 0 to 100 on the scale
below, where

  0 =             and            100 = 
 ""not at all""                    ""most possible""",rew-eff-first,CR,0
sub_97812,1836,30,postBlock2,0,3,"During the last block, how much did you
FEEL BORED?
Please rate from 0 to 100 on the scale
below, where

  0 =             and            100 = 
 ""not at all""                    ""most possible""",rew-eff-first,CR,0
sub_43695,1837,83,postBlock3,0,1,"During the last block, how much did you
FEEL PLEASED
when you collected the coins?


Please rate from 0 to 100 on the scale
below, where

  0 =             and            100 = 
 ""not at all""                    ""most possible""",causal-attr-first,CR,0
sub_43695,1838,94,postBlock1,0,1,"During the last block, how much did you
FEEL PLEASED
when you collected the coins?


Please rate from 0 to 100 on the scale
below, where

  0 =             and            100 = 
 ""not at all""                    ""most possible""",causal-attr-first,CR,0
sub_43695,1839,91,postBlock2,0,1,"During the last block, how much did you
FEEL PLEASED
when you collected the coins?


Please rate from 0 to 100 on the scale
below, where

  0 =             and            100 = 
 ""not at all""                    ""most possible""",causal-attr-first,CR,0
sub_43695,1840,98,postBlock0,0,1,"During the last block, how much did you
FEEL PLEASED
when you collected the coins?


Please rate from 0 to 100 on the scale
below, where

  0 =             and            100 = 
 ""not at all""                    ""most possible""",causal-attr-first,CR,0
sub_43695,1841,90,postBlock0,0,2,"During the last block, how much did you
FEEL A SENSE OF ACHIEVEMENT when you
sucessfully hit the required power level?


Please rate from 0 to 100 on the scale
below, where

  0 =             and            100 = 
 ""not at all""                    ""most possible""",causal-attr-first,CR,0
sub_43695,1842,71,postBlock3,0,2,"During the last block, how much did you
FEEL A SENSE OF ACHIEVEMENT when you
sucessfully hit the required power level?


Please rate from 0 to 100 on the scale
below, where

  0 =             and            100 = 
 ""not at all""                    ""most possible""",causal-attr-first,CR,0
sub_43695,1843,94,postBlock1,0,2,"During the last block, how much did you
FEEL A SENSE OF ACHIEVEMENT when you
sucessfully hit the required power level?


Please rate from 0 to 100 on the scale
below, where

  0 =             and            100 = 
 ""not at all""                    ""most possible""",causal-attr-first,CR,0
sub_43695,1844,82,postBlock2,0,2,"During the last block, how much did you
FEEL A SENSE OF ACHIEVEMENT when you
sucessfully hit the required power level?


Please rate from 0 to 100 on the scale
below, where

  0 =             and            100 = 
 ""not at all""                    ""most possible""",causal-attr-first,CR,0
sub_43695,1845,17,postBlock0,0,3,"During the last block, how much did you
FEEL BORED?
Please rate from 0 to 100 on the scale
below, where

  0 =             and            100 = 
 ""not at all""                    ""most possible""",causal-attr-first,CR,0
sub_43695,1846,93,postBlock1,0,3,"During the last block, how much did you
FEEL BORED?
Please rate from 0 to 100 on the scale
below, where

  0 =             and            100 = 
 ""not at all""                    ""most possible""",causal-attr-first,CR,0
sub_43695,1847,40,postBlock3,0,3,"During the last block, how much did you
FEEL BORED?
Please rate from 0 to 100 on the scale
below, where

  0 =             and            100 = 
 ""not at all""                    ""most possible""",causal-attr-first,CR,0
sub_43695,1848,51,postBlock2,0,3,"During the last block, how much did you
FEEL BORED?
Please rate from 0 to 100 on the scale
below, where

  0 =             and            100 = 
 ""not at all""                    ""most possible""",causal-attr-first,CR,0
sub_15497,1849,89,postBlock3,0,1,"During the last block, how much did you
FEEL PLEASED
when you collected the coins?


Please rate from 0 to 100 on the scale
below, where

  0 =             and            100 = 
 ""not at all""                    ""most possible""",rew-eff-first,CR,0
sub_15497,1850,86,postBlock1,0,1,"During the last block, how much did you
FEEL PLEASED
when you collected the coins?


Please rate from 0 to 100 on the scale
below, where

  0 =             and            100 = 
 ""not at all""                    ""most possible""",rew-eff-first,CR,0
sub_15497,1851,80,postBlock2,0,1,"During the last block, how much did you
FEEL PLEASED
when you collected the coins?


Please rate from 0 to 100 on the scale
below, where

  0 =             and            100 = 
 ""not at all""                    ""most possible""",rew-eff-first,CR,0
sub_15497,1852,70,postBlock0,0,1,"During the last block, how much did you
FEEL PLEASED
when you collected the coins?


Please rate from 0 to 100 on the scale
below, where

  0 =             and            100 = 
 ""not at all""                    ""most possible""",rew-eff-first,CR,0
sub_15497,1853,82,postBlock0,0,2,"During the last block, how much did you
FEEL A SENSE OF ACHIEVEMENT when you
sucessfully hit the required power level?


Please rate from 0 to 100 on the scale
below, where

  0 =             and            100 = 
 ""not at all""                    ""most possible""",rew-eff-first,CR,0
sub_15497,1854,79,postBlock3,0,2,"During the last block, how much did you
FEEL A SENSE OF ACHIEVEMENT when you
sucessfully hit the required power level?


Please rate from 0 to 100 on the scale
below, where

  0 =             and            100 = 
 ""not at all""                    ""most possible""",rew-eff-first,CR,0
sub_15497,1855,92,postBlock1,0,2,"During the last block, how much did you
FEEL A SENSE OF ACHIEVEMENT when you
sucessfully hit the required power level?


Please rate from 0 to 100 on the scale
below, where

  0 =             and            100 = 
 ""not at all""                    ""most possible""",rew-eff-first,CR,0
sub_15497,1856,78,postBlock2,0,2,"During the last block, how much did you
FEEL A SENSE OF ACHIEVEMENT when you
sucessfully hit the required power level?


Please rate from 0 to 100 on the scale
below, where

  0 =             and            100 = 
 ""not at all""                    ""most possible""",rew-eff-first,CR,0
sub_15497,1857,15,postBlock0,0,3,"During the last block, how much did you
FEEL BORED?
Please rate from 0 to 100 on the scale
below, where

  0 =             and            100 = 
 ""not at all""                    ""most possible""",rew-eff-first,CR,0
sub_15497,1858,7,postBlock1,0,3,"During the last block, how much did you
FEEL BORED?
Please rate from 0 to 100 on the scale
below, where

  0 =             and            100 = 
 ""not at all""                    ""most possible""",rew-eff-first,CR,0
sub_15497,1859,14,postBlock3,0,3,"During the last block, how much did you
FEEL BORED?
Please rate from 0 to 100 on the scale
below, where

  0 =             and            100 = 
 ""not at all""                    ""most possible""",rew-eff-first,CR,0
sub_15497,1860,80,postBlock2,0,3,"During the last block, how much did you
FEEL BORED?
Please rate from 0 to 100 on the scale
below, where

  0 =             and            100 = 
 ""not at all""                    ""most possible""",rew-eff-first,CR,0
sub_76613,1861,85,postBlock3,0,1,"During the last block, how much did you
FEEL PLEASED
when you collected the coins?


Please rate from 0 to 100 on the scale
below, where

  0 =             and            100 = 
 ""not at all""                    ""most possible""",rew-eff-first,CR,0
sub_76613,1862,85,postBlock1,0,1,"During the last block, how much did you
FEEL PLEASED
when you collected the coins?


Please rate from 0 to 100 on the scale
below, where

  0 =             and            100 = 
 ""not at all""                    ""most possible""",rew-eff-first,CR,0
sub_76613,1863,82,postBlock2,0,1,"During the last block, how much did you
FEEL PLEASED
when you collected the coins?


Please rate from 0 to 100 on the scale
below, where

  0 =             and            100 = 
 ""not at all""                    ""most possible""",rew-eff-first,CR,0
sub_76613,1864,77,postBlock0,0,1,"During the last block, how much did you
FEEL PLEASED
when you collected the coins?


Please rate from 0 to 100 on the scale
below, where

  0 =             and            100 = 
 ""not at all""                    ""most possible""",rew-eff-first,CR,0
sub_76613,1865,53,postBlock0,0,2,"During the last block, how much did you
FEEL A SENSE OF ACHIEVEMENT when you
sucessfully hit the required power level?


Please rate from 0 to 100 on the scale
below, where

  0 =             and            100 = 
 ""not at all""                    ""most possible""",rew-eff-first,CR,0
sub_76613,1866,83,postBlock3,0,2,"During the last block, how much did you
FEEL A SENSE OF ACHIEVEMENT when you
sucessfully hit the required power level?


Please rate from 0 to 100 on the scale
below, where

  0 =             and            100 = 
 ""not at all""                    ""most possible""",rew-eff-first,CR,0
sub_76613,1867,84,postBlock1,0,2,"During the last block, how much did you
FEEL A SENSE OF ACHIEVEMENT when you
sucessfully hit the required power level?


Please rate from 0 to 100 on the scale
below, where

  0 =             and            100 = 
 ""not at all""                    ""most possible""",rew-eff-first,CR,0
sub_76613,1868,82,postBlock2,0,2,"During the last block, how much did you
FEEL A SENSE OF ACHIEVEMENT when you
sucessfully hit the required power level?


Please rate from 0 to 100 on the scale
below, where

  0 =             and            100 = 
 ""not at all""                    ""most possible""",rew-eff-first,CR,0
sub_76613,1869,24,postBlock0,0,3,"During the last block, how much did you
FEEL BORED?
Please rate from 0 to 100 on the scale
below, where

  0 =             and            100 = 
 ""not at all""                    ""most possible""",rew-eff-first,CR,0
sub_76613,1870,10,postBlock1,0,3,"During the last block, how much did you
FEEL BORED?
Please rate from 0 to 100 on the scale
below, where

  0 =             and            100 = 
 ""not at all""                    ""most possible""",rew-eff-first,CR,0
sub_76613,1871,8,postBlock3,0,3,"During the last block, how much did you
FEEL BORED?
Please rate from 0 to 100 on the scale
below, where

  0 =             and            100 = 
 ""not at all""                    ""most possible""",rew-eff-first,CR,0
sub_76613,1872,5,postBlock2,0,3,"During the last block, how much did you
FEEL BORED?
Please rate from 0 to 100 on the scale
below, where

  0 =             and            100 = 
 ""not at all""                    ""most possible""",rew-eff-first,CR,0
sub_90411,1873,71,postBlock3,0,1,"During the last block, how much did you
FEEL PLEASED
when you collected the coins?


Please rate from 0 to 100 on the scale
below, where

  0 =             and            100 = 
 ""not at all""                    ""most possible""",rew-eff-first,CR,0
sub_90411,1874,86,postBlock1,0,1,"During the last block, how much did you
FEEL PLEASED
when you collected the coins?


Please rate from 0 to 100 on the scale
below, where

  0 =             and            100 = 
 ""not at all""                    ""most possible""",rew-eff-first,CR,0
sub_90411,1875,76,postBlock2,0,1,"During the last block, how much did you
FEEL PLEASED
when you collected the coins?


Please rate from 0 to 100 on the scale
below, where

  0 =             and            100 = 
 ""not at all""                    ""most possible""",rew-eff-first,CR,0
sub_90411,1876,51,postBlock0,0,1,"During the last block, how much did you
FEEL PLEASED
when you collected the coins?


Please rate from 0 to 100 on the scale
below, where

  0 =             and            100 = 
 ""not at all""                    ""most possible""",rew-eff-first,CR,0
sub_90411,1877,55,postBlock0,0,2,"During the last block, how much did you
FEEL A SENSE OF ACHIEVEMENT when you
sucessfully hit the required power level?


Please rate from 0 to 100 on the scale
below, where

  0 =             and            100 = 
 ""not at all""                    ""most possible""",rew-eff-first,CR,0
sub_90411,1878,80,postBlock3,0,2,"During the last block, how much did you
FEEL A SENSE OF ACHIEVEMENT when you
sucessfully hit the required power level?


Please rate from 0 to 100 on the scale
below, where

  0 =             and            100 = 
 ""not at all""                    ""most possible""",rew-eff-first,CR,0
sub_90411,1879,89,postBlock1,0,2,"During the last block, how much did you
FEEL A SENSE OF ACHIEVEMENT when you
sucessfully hit the required power level?


Please rate from 0 to 100 on the scale
below, where

  0 =             and            100 = 
 ""not at all""                    ""most possible""",rew-eff-first,CR,0
sub_90411,1880,79,postBlock2,0,2,"During the last block, how much did you
FEEL A SENSE OF ACHIEVEMENT when you
sucessfully hit the required power level?


Please rate from 0 to 100 on the scale
below, where

  0 =             and            100 = 
 ""not at all""                    ""most possible""",rew-eff-first,CR,0
sub_90411,1881,14,postBlock0,0,3,"During the last block, how much did you
FEEL BORED?
Please rate from 0 to 100 on the scale
below, where

  0 =             and            100 = 
 ""not at all""                    ""most possible""",rew-eff-first,CR,0
sub_90411,1882,5,postBlock1,0,3,"During the last block, how much did you
FEEL BORED?
Please rate from 0 to 100 on the scale
below, where

  0 =             and            100 = 
 ""not at all""                    ""most possible""",rew-eff-first,CR,0
sub_90411,1883,6,postBlock3,0,3,"During the last block, how much did you
FEEL BORED?
Please rate from 0 to 100 on the scale
below, where

  0 =             and            100 = 
 ""not at all""                    ""most possible""",rew-eff-first,CR,0
sub_90411,1884,2,postBlock2,0,3,"During the last block, how much did you
FEEL BORED?
Please rate from 0 to 100 on the scale
below, where

  0 =             and            100 = 
 ""not at all""                    ""most possible""",rew-eff-first,CR,0
sub_41648,1885,100,postBlock3,0,1,"During the last block, how much did you
FEEL PLEASED
when you collected the coins?


Please rate from 0 to 100 on the scale
below, where

  0 =             and            100 = 
 ""not at all""                    ""most possible""",rew-eff-first,CR,0
sub_41648,1886,100,postBlock1,0,1,"During the last block, how much did you
FEEL PLEASED
when you collected the coins?


Please rate from 0 to 100 on the scale
below, where

  0 =             and            100 = 
 ""not at all""                    ""most possible""",rew-eff-first,CR,0
sub_41648,1887,100,postBlock2,0,1,"During the last block, how much did you
FEEL PLEASED
when you collected the coins?


Please rate from 0 to 100 on the scale
below, where

  0 =             and            100 = 
 ""not at all""                    ""most possible""",rew-eff-first,CR,0
sub_41648,1888,100,postBlock0,0,1,"During the last block, how much did you
FEEL PLEASED
when you collected the coins?


Please rate from 0 to 100 on the scale
below, where

  0 =             and            100 = 
 ""not at all""                    ""most possible""",rew-eff-first,CR,0
sub_41648,1889,100,postBlock0,0,2,"During the last block, how much did you
FEEL A SENSE OF ACHIEVEMENT when you
sucessfully hit the required power level?


Please rate from 0 to 100 on the scale
below, where

  0 =             and            100 = 
 ""not at all""                    ""most possible""",rew-eff-first,CR,0
sub_41648,1890,100,postBlock3,0,2,"During the last block, how much did you
FEEL A SENSE OF ACHIEVEMENT when you
sucessfully hit the required power level?


Please rate from 0 to 100 on the scale
below, where

  0 =             and            100 = 
 ""not at all""                    ""most possible""",rew-eff-first,CR,0
sub_41648,1891,100,postBlock1,0,2,"During the last block, how much did you
FEEL A SENSE OF ACHIEVEMENT when you
sucessfully hit the required power level?


Please rate from 0 to 100 on the scale
below, where

  0 =             and            100 = 
 ""not at all""                    ""most possible""",rew-eff-first,CR,0
sub_41648,1892,100,postBlock2,0,2,"During the last block, how much did you
FEEL A SENSE OF ACHIEVEMENT when you
sucessfully hit the required power level?


Please rate from 0 to 100 on the scale
below, where

  0 =             and            100 = 
 ""not at all""                    ""most possible""",rew-eff-first,CR,0
sub_41648,1893,65,postBlock0,0,3,"During the last block, how much did you
FEEL BORED?
Please rate from 0 to 100 on the scale
below, where

  0 =             and            100 = 
 ""not at all""                    ""most possible""",rew-eff-first,CR,0
sub_41648,1894,75,postBlock1,0,3,"During the last block, how much did you
FEEL BORED?
Please rate from 0 to 100 on the scale
below, where

  0 =             and            100 = 
 ""not at all""                    ""most possible""",rew-eff-first,CR,0
sub_41648,1895,97,postBlock3,0,3,"During the last block, how much did you
FEEL BORED?
Please rate from 0 to 100 on the scale
below, where

  0 =             and            100 = 
 ""not at all""                    ""most possible""",rew-eff-first,CR,0
sub_41648,1896,75,postBlock2,0,3,"During the last block, how much did you
FEEL BORED?
Please rate from 0 to 100 on the scale
below, where

  0 =             and            100 = 
 ""not at all""                    ""most possible""",rew-eff-first,CR,0
sub_70380,1897,85,postBlock3,0,1,"During the last block, how much did you
FEEL PLEASED
when you collected the coins?


Please rate from 0 to 100 on the scale
below, where

  0 =             and            100 = 
 ""not at all""                    ""most possible""",causal-attr-first,CR,0
sub_70380,1898,91,postBlock1,0,1,"During the last block, how much did you
FEEL PLEASED
when you collected the coins?


Please rate from 0 to 100 on the scale
below, where

  0 =             and            100 = 
 ""not at all""                    ""most possible""",causal-attr-first,CR,0
sub_70380,1899,59,postBlock2,0,1,"During the last block, how much did you
FEEL PLEASED
when you collected the coins?


Please rate from 0 to 100 on the scale
below, where

  0 =             and            100 = 
 ""not at all""                    ""most possible""",causal-attr-first,CR,0
sub_70380,1900,98,postBlock0,0,1,"During the last block, how much did you
FEEL PLEASED
when you collected the coins?


Please rate from 0 to 100 on the scale
below, where

  0 =             and            100 = 
 ""not at all""                    ""most possible""",causal-attr-first,CR,0
sub_70380,1901,81,postBlock0,0,2,"During the last block, how much did you
FEEL A SENSE OF ACHIEVEMENT when you
sucessfully hit the required power level?


Please rate from 0 to 100 on the scale
below, where

  0 =             and            100 = 
 ""not at all""                    ""most possible""",causal-attr-first,CR,0
sub_70380,1902,78,postBlock3,0,2,"During the last block, how much did you
FEEL A SENSE OF ACHIEVEMENT when you
sucessfully hit the required power level?


Please rate from 0 to 100 on the scale
below, where

  0 =             and            100 = 
 ""not at all""                    ""most possible""",causal-attr-first,CR,0
sub_70380,1903,69,postBlock1,0,2,"During the last block, how much did you
FEEL A SENSE OF ACHIEVEMENT when you
sucessfully hit the required power level?


Please rate from 0 to 100 on the scale
below, where

  0 =             and            100 = 
 ""not at all""                    ""most possible""",causal-attr-first,CR,0
sub_70380,1904,58,postBlock2,0,2,"During the last block, how much did you
FEEL A SENSE OF ACHIEVEMENT when you
sucessfully hit the required power level?


Please rate from 0 to 100 on the scale
below, where

  0 =             and            100 = 
 ""not at all""                    ""most possible""",causal-attr-first,CR,0
sub_70380,1905,35,postBlock0,0,3,"During the last block, how much did you
FEEL BORED?
Please rate from 0 to 100 on the scale
below, where

  0 =             and            100 = 
 ""not at all""                    ""most possible""",causal-attr-first,CR,0
sub_70380,1906,49,postBlock1,0,3,"During the last block, how much did you
FEEL BORED?
Please rate from 0 to 100 on the scale
below, where

  0 =             and            100 = 
 ""not at all""                    ""most possible""",causal-attr-first,CR,0
sub_70380,1907,65,postBlock3,0,3,"During the last block, how much did you
FEEL BORED?
Please rate from 0 to 100 on the scale
below, where

  0 =             and            100 = 
 ""not at all""                    ""most possible""",causal-attr-first,CR,0
sub_70380,1908,73,postBlock2,0,3,"During the last block, how much did you
FEEL BORED?
Please rate from 0 to 100 on the scale
below, where

  0 =             and            100 = 
 ""not at all""                    ""most possible""",causal-attr-first,CR,0
sub_40517,1909,0,postBlock3,0,1,"During the last block, how much did you
FEEL PLEASED
when you collected the coins?


Please rate from 0 to 100 on the scale
below, where

  0 =             and            100 = 
 ""not at all""                    ""most possible""",rew-eff-first,CR,0
sub_40517,1910,5,postBlock1,0,1,"During the last block, how much did you
FEEL PLEASED
when you collected the coins?


Please rate from 0 to 100 on the scale
below, where

  0 =             and            100 = 
 ""not at all""                    ""most possible""",rew-eff-first,CR,0
sub_40517,1911,1,postBlock2,0,1,"During the last block, how much did you
FEEL PLEASED
when you collected the coins?


Please rate from 0 to 100 on the scale
below, where

  0 =             and            100 = 
 ""not at all""                    ""most possible""",rew-eff-first,CR,0
sub_40517,1912,10,postBlock0,0,1,"During the last block, how much did you
FEEL PLEASED
when you collected the coins?


Please rate from 0 to 100 on the scale
below, where

  0 =             and            100 = 
 ""not at all""                    ""most possible""",rew-eff-first,CR,0
sub_40517,1913,10,postBlock0,0,2,"During the last block, how much did you
FEEL A SENSE OF ACHIEVEMENT when you
sucessfully hit the required power level?


Please rate from 0 to 100 on the scale
below, where

  0 =             and            100 = 
 ""not at all""                    ""most possible""",rew-eff-first,CR,0
sub_40517,1914,0,postBlock3,0,2,"During the last block, how much did you
FEEL A SENSE OF ACHIEVEMENT when you
sucessfully hit the required power level?


Please rate from 0 to 100 on the scale
below, where

  0 =             and            100 = 
 ""not at all""                    ""most possible""",rew-eff-first,CR,0
sub_40517,1915,5,postBlock1,0,2,"During the last block, how much did you
FEEL A SENSE OF ACHIEVEMENT when you
sucessfully hit the required power level?


Please rate from 0 to 100 on the scale
below, where

  0 =             and            100 = 
 ""not at all""                    ""most possible""",rew-eff-first,CR,0
sub_40517,1916,0,postBlock2,0,2,"During the last block, how much did you
FEEL A SENSE OF ACHIEVEMENT when you
sucessfully hit the required power level?


Please rate from 0 to 100 on the scale
below, where

  0 =             and            100 = 
 ""not at all""                    ""most possible""",rew-eff-first,CR,0
sub_40517,1917,25,postBlock0,0,3,"During the last block, how much did you
FEEL BORED?
Please rate from 0 to 100 on the scale
below, where

  0 =             and            100 = 
 ""not at all""                    ""most possible""",rew-eff-first,CR,0
sub_40517,1918,40,postBlock1,0,3,"During the last block, how much did you
FEEL BORED?
Please rate from 0 to 100 on the scale
below, where

  0 =             and            100 = 
 ""not at all""                    ""most possible""",rew-eff-first,CR,0
sub_40517,1919,34,postBlock3,0,3,"During the last block, how much did you
FEEL BORED?
Please rate from 0 to 100 on the scale
below, where

  0 =             and            100 = 
 ""not at all""                    ""most possible""",rew-eff-first,CR,0
sub_40517,1920,39,postBlock2,0,3,"During the last block, how much did you
FEEL BORED?
Please rate from 0 to 100 on the scale
below, where

  0 =             and            100 = 
 ""not at all""                    ""most possible""",rew-eff-first,CR,0
sub_14059,1921,74,postBlock3,0,1,"During the last block, how much did you
FEEL PLEASED
when you collected the coins?


Please rate from 0 to 100 on the scale
below, where

  0 =             and            100 = 
 ""not at all""                    ""most possible""",rew-eff-first,BA,0
sub_14059,1922,85,postBlock1,0,1,"During the last block, how much did you
FEEL PLEASED
when you collected the coins?


Please rate from 0 to 100 on the scale
below, where

  0 =             and            100 = 
 ""not at all""                    ""most possible""",rew-eff-first,BA,0
sub_14059,1923,80,postBlock2,0,1,"During the last block, how much did you
FEEL PLEASED
when you collected the coins?


Please rate from 0 to 100 on the scale
below, where

  0 =             and            100 = 
 ""not at all""                    ""most possible""",rew-eff-first,BA,0
sub_14059,1924,83,postBlock0,0,1,"During the last block, how much did you
FEEL PLEASED
when you collected the coins?


Please rate from 0 to 100 on the scale
below, where

  0 =             and            100 = 
 ""not at all""                    ""most possible""",rew-eff-first,BA,0
sub_14059,1925,82,postBlock0,0,2,"During the last block, how much did you
FEEL A SENSE OF ACHIEVEMENT when you
sucessfully hit the required power level?


Please rate from 0 to 100 on the scale
below, where

  0 =             and            100 = 
 ""not at all""                    ""most possible""",rew-eff-first,BA,0
sub_14059,1926,74,postBlock3,0,2,"During the last block, how much did you
FEEL A SENSE OF ACHIEVEMENT when you
sucessfully hit the required power level?


Please rate from 0 to 100 on the scale
below, where

  0 =             and            100 = 
 ""not at all""                    ""most possible""",rew-eff-first,BA,0
sub_14059,1927,86,postBlock1,0,2,"During the last block, how much did you
FEEL A SENSE OF ACHIEVEMENT when you
sucessfully hit the required power level?


Please rate from 0 to 100 on the scale
below, where

  0 =             and            100 = 
 ""not at all""                    ""most possible""",rew-eff-first,BA,0
sub_14059,1928,79,postBlock2,0,2,"During the last block, how much did you
FEEL A SENSE OF ACHIEVEMENT when you
sucessfully hit the required power level?


Please rate from 0 to 100 on the scale
below, where

  0 =             and            100 = 
 ""not at all""                    ""most possible""",rew-eff-first,BA,0
sub_14059,1929,26,postBlock0,0,3,"During the last block, how much did you
FEEL BORED?
Please rate from 0 to 100 on the scale
below, where

  0 =             and            100 = 
 ""not at all""                    ""most possible""",rew-eff-first,BA,0
sub_14059,1930,28,postBlock1,0,3,"During the last block, how much did you
FEEL BORED?
Please rate from 0 to 100 on the scale
below, where

  0 =             and            100 = 
 ""not at all""                    ""most possible""",rew-eff-first,BA,0
sub_14059,1931,38,postBlock3,0,3,"During the last block, how much did you
FEEL BORED?
Please rate from 0 to 100 on the scale
below, where

  0 =             and            100 = 
 ""not at all""                    ""most possible""",rew-eff-first,BA,0
sub_14059,1932,36,postBlock2,0,3,"During the last block, how much did you
FEEL BORED?
Please rate from 0 to 100 on the scale
below, where

  0 =             and            100 = 
 ""not at all""                    ""most possible""",rew-eff-first,BA,0
sub_30114,1933,90,postBlock3,0,1,"During the last block, how much did you
FEEL PLEASED
when you collected the coins?


Please rate from 0 to 100 on the scale
below, where

  0 =             and            100 = 
 ""not at all""                    ""most possible""",rew-eff-first,BA,0
sub_30114,1934,82,postBlock1,0,1,"During the last block, how much did you
FEEL PLEASED
when you collected the coins?


Please rate from 0 to 100 on the scale
below, where

  0 =             and            100 = 
 ""not at all""                    ""most possible""",rew-eff-first,BA,0
sub_30114,1935,89,postBlock2,0,1,"During the last block, how much did you
FEEL PLEASED
when you collected the coins?


Please rate from 0 to 100 on the scale
below, where

  0 =             and            100 = 
 ""not at all""                    ""most possible""",rew-eff-first,BA,0
sub_30114,1936,90,postBlock0,0,1,"During the last block, how much did you
FEEL PLEASED
when you collected the coins?


Please rate from 0 to 100 on the scale
below, where

  0 =             and            100 = 
 ""not at all""                    ""most possible""",rew-eff-first,BA,0
sub_30114,1937,80,postBlock0,0,2,"During the last block, how much did you
FEEL A SENSE OF ACHIEVEMENT when you
sucessfully hit the required power level?


Please rate from 0 to 100 on the scale
below, where

  0 =             and            100 = 
 ""not at all""                    ""most possible""",rew-eff-first,BA,0
sub_30114,1938,81,postBlock3,0,2,"During the last block, how much did you
FEEL A SENSE OF ACHIEVEMENT when you
sucessfully hit the required power level?


Please rate from 0 to 100 on the scale
below, where

  0 =             and            100 = 
 ""not at all""                    ""most possible""",rew-eff-first,BA,0
sub_30114,1939,80,postBlock1,0,2,"During the last block, how much did you
FEEL A SENSE OF ACHIEVEMENT when you
sucessfully hit the required power level?


Please rate from 0 to 100 on the scale
below, where

  0 =             and            100 = 
 ""not at all""                    ""most possible""",rew-eff-first,BA,0
sub_30114,1940,85,postBlock2,0,2,"During the last block, how much did you
FEEL A SENSE OF ACHIEVEMENT when you
sucessfully hit the required power level?


Please rate from 0 to 100 on the scale
below, where

  0 =             and            100 = 
 ""not at all""                    ""most possible""",rew-eff-first,BA,0
sub_30114,1941,5,postBlock0,0,3,"During the last block, how much did you
FEEL BORED?
Please rate from 0 to 100 on the scale
below, where

  0 =             and            100 = 
 ""not at all""                    ""most possible""",rew-eff-first,BA,0
sub_30114,1942,3,postBlock1,0,3,"During the last block, how much did you
FEEL BORED?
Please rate from 0 to 100 on the scale
below, where

  0 =             and            100 = 
 ""not at all""                    ""most possible""",rew-eff-first,BA,0
sub_30114,1943,12,postBlock3,0,3,"During the last block, how much did you
FEEL BORED?
Please rate from 0 to 100 on the scale
below, where

  0 =             and            100 = 
 ""not at all""                    ""most possible""",rew-eff-first,BA,0
sub_30114,1944,9,postBlock2,0,3,"During the last block, how much did you
FEEL BORED?
Please rate from 0 to 100 on the scale
below, where

  0 =             and            100 = 
 ""not at all""                    ""most possible""",rew-eff-first,BA,0
sub_54077,1945,62,postBlock3,0,1,"During the last block, how much did you
FEEL PLEASED
when you collected the coins?


Please rate from 0 to 100 on the scale
below, where

  0 =             and            100 = 
 ""not at all""                    ""most possible""",causal-attr-first,BA,0
sub_54077,1946,58,postBlock1,0,1,"During the last block, how much did you
FEEL PLEASED
when you collected the coins?


Please rate from 0 to 100 on the scale
below, where

  0 =             and            100 = 
 ""not at all""                    ""most possible""",causal-attr-first,BA,0
sub_54077,1947,65,postBlock2,0,1,"During the last block, how much did you
FEEL PLEASED
when you collected the coins?


Please rate from 0 to 100 on the scale
below, where

  0 =             and            100 = 
 ""not at all""                    ""most possible""",causal-attr-first,BA,0
sub_54077,1948,25,postBlock0,0,1,"During the last block, how much did you
FEEL PLEASED
when you collected the coins?


Please rate from 0 to 100 on the scale
below, where

  0 =             and            100 = 
 ""not at all""                    ""most possible""",causal-attr-first,BA,0
sub_54077,1949,25,postBlock0,0,2,"During the last block, how much did you
FEEL A SENSE OF ACHIEVEMENT when you
sucessfully hit the required power level?


Please rate from 0 to 100 on the scale
below, where

  0 =             and            100 = 
 ""not at all""                    ""most possible""",causal-attr-first,BA,0
sub_54077,1950,58,postBlock3,0,2,"During the last block, how much did you
FEEL A SENSE OF ACHIEVEMENT when you
sucessfully hit the required power level?


Please rate from 0 to 100 on the scale
below, where

  0 =             and            100 = 
 ""not at all""                    ""most possible""",causal-attr-first,BA,0
sub_54077,1951,60,postBlock1,0,2,"During the last block, how much did you
FEEL A SENSE OF ACHIEVEMENT when you
sucessfully hit the required power level?


Please rate from 0 to 100 on the scale
below, where

  0 =             and            100 = 
 ""not at all""                    ""most possible""",causal-attr-first,BA,0
sub_54077,1952,71,postBlock2,0,2,"During the last block, how much did you
FEEL A SENSE OF ACHIEVEMENT when you
sucessfully hit the required power level?


Please rate from 0 to 100 on the scale
below, where

  0 =             and            100 = 
 ""not at all""                    ""most possible""",causal-attr-first,BA,0
sub_54077,1953,84,postBlock0,0,3,"During the last block, how much did you
FEEL BORED?
Please rate from 0 to 100 on the scale
below, where

  0 =             and            100 = 
 ""not at all""                    ""most possible""",causal-attr-first,BA,0
sub_54077,1954,79,postBlock1,0,3,"During the last block, how much did you
FEEL BORED?
Please rate from 0 to 100 on the scale
below, where

  0 =             and            100 = 
 ""not at all""                    ""most possible""",causal-attr-first,BA,0
sub_54077,1955,79,postBlock3,0,3,"During the last block, how much did you
FEEL BORED?
Please rate from 0 to 100 on the scale
below, where

  0 =             and            100 = 
 ""not at all""                    ""most possible""",causal-attr-first,BA,0
sub_54077,1956,90,postBlock2,0,3,"During the last block, how much did you
FEEL BORED?
Please rate from 0 to 100 on the scale
below, where

  0 =             and            100 = 
 ""not at all""                    ""most possible""",causal-attr-first,BA,0
sub_65426,1957,100,postBlock3,0,1,"During the last block, how much did you
FEEL PLEASED
when you collected the coins?


Please rate from 0 to 100 on the scale
below, where

  0 =             and            100 = 
 ""not at all""                    ""most possible""",causal-attr-first,CR,0
sub_65426,1958,99,postBlock1,0,1,"During the last block, how much did you
FEEL PLEASED
when you collected the coins?


Please rate from 0 to 100 on the scale
below, where

  0 =             and            100 = 
 ""not at all""                    ""most possible""",causal-attr-first,CR,0
sub_65426,1959,80,postBlock2,0,1,"During the last block, how much did you
FEEL PLEASED
when you collected the coins?


Please rate from 0 to 100 on the scale
below, where

  0 =             and            100 = 
 ""not at all""                    ""most possible""",causal-attr-first,CR,0
sub_65426,1960,99,postBlock0,0,1,"During the last block, how much did you
FEEL PLEASED
when you collected the coins?


Please rate from 0 to 100 on the scale
below, where

  0 =             and            100 = 
 ""not at all""                    ""most possible""",causal-attr-first,CR,0
sub_65426,1961,100,postBlock0,0,2,"During the last block, how much did you
FEEL A SENSE OF ACHIEVEMENT when you
sucessfully hit the required power level?


Please rate from 0 to 100 on the scale
below, where

  0 =             and            100 = 
 ""not at all""                    ""most possible""",causal-attr-first,CR,0
sub_65426,1962,100,postBlock3,0,2,"During the last block, how much did you
FEEL A SENSE OF ACHIEVEMENT when you
sucessfully hit the required power level?


Please rate from 0 to 100 on the scale
below, where

  0 =             and            100 = 
 ""not at all""                    ""most possible""",causal-attr-first,CR,0
sub_65426,1963,80,postBlock1,0,2,"During the last block, how much did you
FEEL A SENSE OF ACHIEVEMENT when you
sucessfully hit the required power level?


Please rate from 0 to 100 on the scale
below, where

  0 =             and            100 = 
 ""not at all""                    ""most possible""",causal-attr-first,CR,0
sub_65426,1964,70,postBlock2,0,2,"During the last block, how much did you
FEEL A SENSE OF ACHIEVEMENT when you
sucessfully hit the required power level?


Please rate from 0 to 100 on the scale
below, where

  0 =             and            100 = 
 ""not at all""                    ""most possible""",causal-attr-first,CR,0
sub_65426,1965,0,postBlock0,0,3,"During the last block, how much did you
FEEL BORED?
Please rate from 0 to 100 on the scale
below, where

  0 =             and            100 = 
 ""not at all""                    ""most possible""",causal-attr-first,CR,0
sub_65426,1966,0,postBlock1,0,3,"During the last block, how much did you
FEEL BORED?
Please rate from 0 to 100 on the scale
below, where

  0 =             and            100 = 
 ""not at all""                    ""most possible""",causal-attr-first,CR,0
sub_65426,1967,0,postBlock3,0,3,"During the last block, how much did you
FEEL BORED?
Please rate from 0 to 100 on the scale
below, where

  0 =             and            100 = 
 ""not at all""                    ""most possible""",causal-attr-first,CR,0
sub_65426,1968,15,postBlock2,0,3,"During the last block, how much did you
FEEL BORED?
Please rate from 0 to 100 on the scale
below, where

  0 =             and            100 = 
 ""not at all""                    ""most possible""",causal-attr-first,CR,0
sub_80716,1969,80,postBlock3,0,1,"During the last block, how much did you
FEEL PLEASED
when you collected the coins?


Please rate from 0 to 100 on the scale
below, where

  0 =             and            100 = 
 ""not at all""                    ""most possible""",rew-eff-first,BA,0
sub_80716,1970,80,postBlock1,0,1,"During the last block, how much did you
FEEL PLEASED
when you collected the coins?


Please rate from 0 to 100 on the scale
below, where

  0 =             and            100 = 
 ""not at all""                    ""most possible""",rew-eff-first,BA,0
sub_80716,1971,80,postBlock2,0,1,"During the last block, how much did you
FEEL PLEASED
when you collected the coins?


Please rate from 0 to 100 on the scale
below, where

  0 =             and            100 = 
 ""not at all""                    ""most possible""",rew-eff-first,BA,0
sub_80716,1972,80,postBlock0,0,1,"During the last block, how much did you
FEEL PLEASED
when you collected the coins?


Please rate from 0 to 100 on the scale
below, where

  0 =             and            100 = 
 ""not at all""                    ""most possible""",rew-eff-first,BA,0
sub_80716,1973,100,postBlock0,0,2,"During the last block, how much did you
FEEL A SENSE OF ACHIEVEMENT when you
sucessfully hit the required power level?


Please rate from 0 to 100 on the scale
below, where

  0 =             and            100 = 
 ""not at all""                    ""most possible""",rew-eff-first,BA,0
sub_80716,1974,100,postBlock3,0,2,"During the last block, how much did you
FEEL A SENSE OF ACHIEVEMENT when you
sucessfully hit the required power level?


Please rate from 0 to 100 on the scale
below, where

  0 =             and            100 = 
 ""not at all""                    ""most possible""",rew-eff-first,BA,0
sub_80716,1975,100,postBlock1,0,2,"During the last block, how much did you
FEEL A SENSE OF ACHIEVEMENT when you
sucessfully hit the required power level?


Please rate from 0 to 100 on the scale
below, where

  0 =             and            100 = 
 ""not at all""                    ""most possible""",rew-eff-first,BA,0
sub_80716,1976,99,postBlock2,0,2,"During the last block, how much did you
FEEL A SENSE OF ACHIEVEMENT when you
sucessfully hit the required power level?


Please rate from 0 to 100 on the scale
below, where

  0 =             and            100 = 
 ""not at all""                    ""most possible""",rew-eff-first,BA,0
sub_80716,1977,19,postBlock0,0,3,"During the last block, how much did you
FEEL BORED?
Please rate from 0 to 100 on the scale
below, where

  0 =             and            100 = 
 ""not at all""                    ""most possible""",rew-eff-first,BA,0
sub_80716,1978,28,postBlock1,0,3,"During the last block, how much did you
FEEL BORED?
Please rate from 0 to 100 on the scale
below, where

  0 =             and            100 = 
 ""not at all""                    ""most possible""",rew-eff-first,BA,0
sub_80716,1979,21,postBlock3,0,3,"During the last block, how much did you
FEEL BORED?
Please rate from 0 to 100 on the scale
below, where

  0 =             and            100 = 
 ""not at all""                    ""most possible""",rew-eff-first,BA,0
sub_80716,1980,15,postBlock2,0,3,"During the last block, how much did you
FEEL BORED?
Please rate from 0 to 100 on the scale
below, where

  0 =             and            100 = 
 ""not at all""                    ""most possible""",rew-eff-first,BA,0
sub_80313,1981,87,postBlock3,0,1,"During the last block, how much did you
FEEL PLEASED
when you collected the coins?


Please rate from 0 to 100 on the scale
below, where

  0 =             and            100 = 
 ""not at all""                    ""most possible""",causal-attr-first,CR,0
sub_80313,1982,87,postBlock1,0,1,"During the last block, how much did you
FEEL PLEASED
when you collected the coins?


Please rate from 0 to 100 on the scale
below, where

  0 =             and            100 = 
 ""not at all""                    ""most possible""",causal-attr-first,CR,0
sub_80313,1983,85,postBlock2,0,1,"During the last block, how much did you
FEEL PLEASED
when you collected the coins?


Please rate from 0 to 100 on the scale
below, where

  0 =             and            100 = 
 ""not at all""                    ""most possible""",causal-attr-first,CR,0
sub_80313,1984,72,postBlock0,0,1,"During the last block, how much did you
FEEL PLEASED
when you collected the coins?


Please rate from 0 to 100 on the scale
below, where

  0 =             and            100 = 
 ""not at all""                    ""most possible""",causal-attr-first,CR,0
sub_80313,1985,100,postBlock0,0,2,"During the last block, how much did you
FEEL A SENSE OF ACHIEVEMENT when you
sucessfully hit the required power level?


Please rate from 0 to 100 on the scale
below, where

  0 =             and            100 = 
 ""not at all""                    ""most possible""",causal-attr-first,CR,0
sub_80313,1986,86,postBlock3,0,2,"During the last block, how much did you
FEEL A SENSE OF ACHIEVEMENT when you
sucessfully hit the required power level?


Please rate from 0 to 100 on the scale
below, where

  0 =             and            100 = 
 ""not at all""                    ""most possible""",causal-attr-first,CR,0
sub_80313,1987,92,postBlock1,0,2,"During the last block, how much did you
FEEL A SENSE OF ACHIEVEMENT when you
sucessfully hit the required power level?


Please rate from 0 to 100 on the scale
below, where

  0 =             and            100 = 
 ""not at all""                    ""most possible""",causal-attr-first,CR,0
sub_80313,1988,86,postBlock2,0,2,"During the last block, how much did you
FEEL A SENSE OF ACHIEVEMENT when you
sucessfully hit the required power level?


Please rate from 0 to 100 on the scale
below, where

  0 =             and            100 = 
 ""not at all""                    ""most possible""",causal-attr-first,CR,0
sub_80313,1989,0,postBlock0,0,3,"During the last block, how much did you
FEEL BORED?
Please rate from 0 to 100 on the scale
below, where

  0 =             and            100 = 
 ""not at all""                    ""most possible""",causal-attr-first,CR,0
sub_80313,1990,4,postBlock1,0,3,"During the last block, how much did you
FEEL BORED?
Please rate from 0 to 100 on the scale
below, where

  0 =             and            100 = 
 ""not at all""                    ""most possible""",causal-attr-first,CR,0
sub_80313,1991,3,postBlock3,0,3,"During the last block, how much did you
FEEL BORED?
Please rate from 0 to 100 on the scale
below, where

  0 =             and            100 = 
 ""not at all""                    ""most possible""",causal-attr-first,CR,0
sub_80313,1992,2,postBlock2,0,3,"During the last block, how much did you
FEEL BORED?
Please rate from 0 to 100 on the scale
below, where

  0 =             and            100 = 
 ""not at all""                    ""most possible""",causal-attr-first,CR,0
sub_22369,1993,100,postBlock3,0,1,"During the last block, how much did you
FEEL PLEASED
when you collected the coins?


Please rate from 0 to 100 on the scale
below, where

  0 =             and            100 = 
 ""not at all""                    ""most possible""",causal-attr-first,CR,0
sub_22369,1994,100,postBlock1,0,1,"During the last block, how much did you
FEEL PLEASED
when you collected the coins?


Please rate from 0 to 100 on the scale
below, where

  0 =             and            100 = 
 ""not at all""                    ""most possible""",causal-attr-first,CR,0
sub_22369,1995,100,postBlock2,0,1,"During the last block, how much did you
FEEL PLEASED
when you collected the coins?


Please rate from 0 to 100 on the scale
below, where

  0 =             and            100 = 
 ""not at all""                    ""most possible""",causal-attr-first,CR,0
sub_22369,1996,100,postBlock0,0,1,"During the last block, how much did you
FEEL PLEASED
when you collected the coins?


Please rate from 0 to 100 on the scale
below, where

  0 =             and            100 = 
 ""not at all""                    ""most possible""",causal-attr-first,CR,0
sub_22369,1997,100,postBlock0,0,2,"During the last block, how much did you
FEEL A SENSE OF ACHIEVEMENT when you
sucessfully hit the required power level?


Please rate from 0 to 100 on the scale
below, where

  0 =             and            100 = 
 ""not at all""                    ""most possible""",causal-attr-first,CR,0
sub_22369,1998,100,postBlock3,0,2,"During the last block, how much did you
FEEL A SENSE OF ACHIEVEMENT when you
sucessfully hit the required power level?


Please rate from 0 to 100 on the scale
below, where

  0 =             and            100 = 
 ""not at all""                    ""most possible""",causal-attr-first,CR,0
sub_22369,1999,100,postBlock1,0,2,"During the last block, how much did you
FEEL A SENSE OF ACHIEVEMENT when you
sucessfully hit the required power level?


Please rate from 0 to 100 on the scale
below, where

  0 =             and            100 = 
 ""not at all""                    ""most possible""",causal-attr-first,CR,0
sub_22369,2000,100,postBlock2,0,2,"During the last block, how much did you
FEEL A SENSE OF ACHIEVEMENT when you
sucessfully hit the required power level?


Please rate from 0 to 100 on the scale
below, where

  0 =             and            100 = 
 ""not at all""                    ""most possible""",causal-attr-first,CR,0
sub_22369,2001,15,postBlock0,0,3,"During the last block, how much did you
FEEL BORED?
Please rate from 0 to 100 on the scale
below, where

  0 =             and            100 = 
 ""not at all""                    ""most possible""",causal-attr-first,CR,0
sub_22369,2002,20,postBlock1,0,3,"During the last block, how much did you
FEEL BORED?
Please rate from 0 to 100 on the scale
below, where

  0 =             and            100 = 
 ""not at all""                    ""most possible""",causal-attr-first,CR,0
sub_22369,2003,15,postBlock3,0,3,"During the last block, how much did you
FEEL BORED?
Please rate from 0 to 100 on the scale
below, where

  0 =             and            100 = 
 ""not at all""                    ""most possible""",causal-attr-first,CR,0
sub_22369,2004,25,postBlock2,0,3,"During the last block, how much did you
FEEL BORED?
Please rate from 0 to 100 on the scale
below, where

  0 =             and            100 = 
 ""not at all""                    ""most possible""",causal-attr-first,CR,0
sub_66493,2005,36,postBlock3,0,1,"During the last block, how much did you
FEEL PLEASED
when you collected the coins?


Please rate from 0 to 100 on the scale
below, where

  0 =             and            100 = 
 ""not at all""                    ""most possible""",rew-eff-first,BA,0
sub_66493,2006,63,postBlock1,0,1,"During the last block, how much did you
FEEL PLEASED
when you collected the coins?


Please rate from 0 to 100 on the scale
below, where

  0 =             and            100 = 
 ""not at all""                    ""most possible""",rew-eff-first,BA,0
sub_66493,2007,42,postBlock2,0,1,"During the last block, how much did you
FEEL PLEASED
when you collected the coins?


Please rate from 0 to 100 on the scale
below, where

  0 =             and            100 = 
 ""not at all""                    ""most possible""",rew-eff-first,BA,0
sub_66493,2008,80,postBlock0,0,1,"During the last block, how much did you
FEEL PLEASED
when you collected the coins?


Please rate from 0 to 100 on the scale
below, where

  0 =             and            100 = 
 ""not at all""                    ""most possible""",rew-eff-first,BA,0
sub_66493,2009,75,postBlock0,0,2,"During the last block, how much did you
FEEL A SENSE OF ACHIEVEMENT when you
sucessfully hit the required power level?


Please rate from 0 to 100 on the scale
below, where

  0 =             and            100 = 
 ""not at all""                    ""most possible""",rew-eff-first,BA,0
sub_66493,2010,13,postBlock3,0,2,"During the last block, how much did you
FEEL A SENSE OF ACHIEVEMENT when you
sucessfully hit the required power level?


Please rate from 0 to 100 on the scale
below, where

  0 =             and            100 = 
 ""not at all""                    ""most possible""",rew-eff-first,BA,0
sub_66493,2011,62,postBlock1,0,2,"During the last block, how much did you
FEEL A SENSE OF ACHIEVEMENT when you
sucessfully hit the required power level?


Please rate from 0 to 100 on the scale
below, where

  0 =             and            100 = 
 ""not at all""                    ""most possible""",rew-eff-first,BA,0
sub_66493,2012,42,postBlock2,0,2,"During the last block, how much did you
FEEL A SENSE OF ACHIEVEMENT when you
sucessfully hit the required power level?


Please rate from 0 to 100 on the scale
below, where

  0 =             and            100 = 
 ""not at all""                    ""most possible""",rew-eff-first,BA,0
sub_66493,2013,40,postBlock0,0,3,"During the last block, how much did you
FEEL BORED?
Please rate from 0 to 100 on the scale
below, where

  0 =             and            100 = 
 ""not at all""                    ""most possible""",rew-eff-first,BA,0
sub_66493,2014,86,postBlock1,0,3,"During the last block, how much did you
FEEL BORED?
Please rate from 0 to 100 on the scale
below, where

  0 =             and            100 = 
 ""not at all""                    ""most possible""",rew-eff-first,BA,0
sub_66493,2015,78,postBlock3,0,3,"During the last block, how much did you
FEEL BORED?
Please rate from 0 to 100 on the scale
below, where

  0 =             and            100 = 
 ""not at all""                    ""most possible""",rew-eff-first,BA,0
sub_66493,2016,79,postBlock2,0,3,"During the last block, how much did you
FEEL BORED?
Please rate from 0 to 100 on the scale
below, where

  0 =             and            100 = 
 ""not at all""                    ""most possible""",rew-eff-first,BA,0
sub_10093,2017,1,postBlock3,0,1,"During the last block, how much did you
FEEL PLEASED
when you collected the coins?


Please rate from 0 to 100 on the scale
below, where

  0 =             and            100 = 
 ""not at all""                    ""most possible""",causal-attr-first,BA,0
sub_10093,2018,54,postBlock1,0,1,"During the last block, how much did you
FEEL PLEASED
when you collected the coins?


Please rate from 0 to 100 on the scale
below, where

  0 =             and            100 = 
 ""not at all""                    ""most possible""",causal-attr-first,BA,0
sub_10093,2019,20,postBlock2,0,1,"During the last block, how much did you
FEEL PLEASED
when you collected the coins?


Please rate from 0 to 100 on the scale
below, where

  0 =             and            100 = 
 ""not at all""                    ""most possible""",causal-attr-first,BA,0
sub_10093,2020,74,postBlock0,0,1,"During the last block, how much did you
FEEL PLEASED
when you collected the coins?


Please rate from 0 to 100 on the scale
below, where

  0 =             and            100 = 
 ""not at all""                    ""most possible""",causal-attr-first,BA,0
sub_10093,2021,68,postBlock0,0,2,"During the last block, how much did you
FEEL A SENSE OF ACHIEVEMENT when you
sucessfully hit the required power level?


Please rate from 0 to 100 on the scale
below, where

  0 =             and            100 = 
 ""not at all""                    ""most possible""",causal-attr-first,BA,0
sub_10093,2022,1,postBlock3,0,2,"During the last block, how much did you
FEEL A SENSE OF ACHIEVEMENT when you
sucessfully hit the required power level?


Please rate from 0 to 100 on the scale
below, where

  0 =             and            100 = 
 ""not at all""                    ""most possible""",causal-attr-first,BA,0
sub_10093,2023,52,postBlock1,0,2,"During the last block, how much did you
FEEL A SENSE OF ACHIEVEMENT when you
sucessfully hit the required power level?


Please rate from 0 to 100 on the scale
below, where

  0 =             and            100 = 
 ""not at all""                    ""most possible""",causal-attr-first,BA,0
sub_10093,2024,19,postBlock2,0,2,"During the last block, how much did you
FEEL A SENSE OF ACHIEVEMENT when you
sucessfully hit the required power level?


Please rate from 0 to 100 on the scale
below, where

  0 =             and            100 = 
 ""not at all""                    ""most possible""",causal-attr-first,BA,0
sub_10093,2025,61,postBlock0,0,3,"During the last block, how much did you
FEEL BORED?
Please rate from 0 to 100 on the scale
below, where

  0 =             and            100 = 
 ""not at all""                    ""most possible""",causal-attr-first,BA,0
sub_10093,2026,90,postBlock1,0,3,"During the last block, how much did you
FEEL BORED?
Please rate from 0 to 100 on the scale
below, where

  0 =             and            100 = 
 ""not at all""                    ""most possible""",causal-attr-first,BA,0
sub_10093,2027,100,postBlock3,0,3,"During the last block, how much did you
FEEL BORED?
Please rate from 0 to 100 on the scale
below, where

  0 =             and            100 = 
 ""not at all""                    ""most possible""",causal-attr-first,BA,0
sub_10093,2028,98,postBlock2,0,3,"During the last block, how much did you
FEEL BORED?
Please rate from 0 to 100 on the scale
below, where

  0 =             and            100 = 
 ""not at all""                    ""most possible""",causal-attr-first,BA,0
sub_40385,2029,50,postBlock3,0,1,"During the last block, how much did you
FEEL PLEASED
when you collected the coins?


Please rate from 0 to 100 on the scale
below, where

  0 =             and            100 = 
 ""not at all""                    ""most possible""",rew-eff-first,CR,0
sub_40385,2030,48,postBlock1,0,1,"During the last block, how much did you
FEEL PLEASED
when you collected the coins?


Please rate from 0 to 100 on the scale
below, where

  0 =             and            100 = 
 ""not at all""                    ""most possible""",rew-eff-first,CR,0
sub_40385,2031,48,postBlock2,0,1,"During the last block, how much did you
FEEL PLEASED
when you collected the coins?


Please rate from 0 to 100 on the scale
below, where

  0 =             and            100 = 
 ""not at all""                    ""most possible""",rew-eff-first,CR,0
sub_40385,2032,18,postBlock0,0,1,"During the last block, how much did you
FEEL PLEASED
when you collected the coins?


Please rate from 0 to 100 on the scale
below, where

  0 =             and            100 = 
 ""not at all""                    ""most possible""",rew-eff-first,CR,0
sub_40385,2033,48,postBlock0,0,2,"During the last block, how much did you
FEEL A SENSE OF ACHIEVEMENT when you
sucessfully hit the required power level?


Please rate from 0 to 100 on the scale
below, where

  0 =             and            100 = 
 ""not at all""                    ""most possible""",rew-eff-first,CR,0
sub_40385,2034,49,postBlock3,0,2,"During the last block, how much did you
FEEL A SENSE OF ACHIEVEMENT when you
sucessfully hit the required power level?


Please rate from 0 to 100 on the scale
below, where

  0 =             and            100 = 
 ""not at all""                    ""most possible""",rew-eff-first,CR,0
sub_40385,2035,50,postBlock1,0,2,"During the last block, how much did you
FEEL A SENSE OF ACHIEVEMENT when you
sucessfully hit the required power level?


Please rate from 0 to 100 on the scale
below, where

  0 =             and            100 = 
 ""not at all""                    ""most possible""",rew-eff-first,CR,0
sub_40385,2036,49,postBlock2,0,2,"During the last block, how much did you
FEEL A SENSE OF ACHIEVEMENT when you
sucessfully hit the required power level?


Please rate from 0 to 100 on the scale
below, where

  0 =             and            100 = 
 ""not at all""                    ""most possible""",rew-eff-first,CR,0
sub_40385,2037,49,postBlock0,0,3,"During the last block, how much did you
FEEL BORED?
Please rate from 0 to 100 on the scale
below, where

  0 =             and            100 = 
 ""not at all""                    ""most possible""",rew-eff-first,CR,0
sub_40385,2038,48,postBlock1,0,3,"During the last block, how much did you
FEEL BORED?
Please rate from 0 to 100 on the scale
below, where

  0 =             and            100 = 
 ""not at all""                    ""most possible""",rew-eff-first,CR,0
sub_40385,2039,48,postBlock3,0,3,"During the last block, how much did you
FEEL BORED?
Please rate from 0 to 100 on the scale
below, where

  0 =             and            100 = 
 ""not at all""                    ""most possible""",rew-eff-first,CR,0
sub_40385,2040,49,postBlock2,0,3,"During the last block, how much did you
FEEL BORED?
Please rate from 0 to 100 on the scale
below, where

  0 =             and            100 = 
 ""not at all""                    ""most possible""",rew-eff-first,CR,0
sub_69378,2041,88,postBlock3,0,1,"During the last block, how much did you
FEEL PLEASED
when you collected the coins?


Please rate from 0 to 100 on the scale
below, where

  0 =             and            100 = 
 ""not at all""                    ""most possible""",rew-eff-first,BA,0
sub_69378,2042,90,postBlock1,0,1,"During the last block, how much did you
FEEL PLEASED
when you collected the coins?


Please rate from 0 to 100 on the scale
below, where

  0 =             and            100 = 
 ""not at all""                    ""most possible""",rew-eff-first,BA,0
sub_69378,2043,97,postBlock2,0,1,"During the last block, how much did you
FEEL PLEASED
when you collected the coins?


Please rate from 0 to 100 on the scale
below, where

  0 =             and            100 = 
 ""not at all""                    ""most possible""",rew-eff-first,BA,0
sub_69378,2044,47,postBlock0,0,1,"During the last block, how much did you
FEEL PLEASED
when you collected the coins?


Please rate from 0 to 100 on the scale
below, where

  0 =             and            100 = 
 ""not at all""                    ""most possible""",rew-eff-first,BA,0
sub_69378,2045,80,postBlock0,0,2,"During the last block, how much did you
FEEL A SENSE OF ACHIEVEMENT when you
sucessfully hit the required power level?


Please rate from 0 to 100 on the scale
below, where

  0 =             and            100 = 
 ""not at all""                    ""most possible""",rew-eff-first,BA,0
sub_69378,2046,85,postBlock3,0,2,"During the last block, how much did you
FEEL A SENSE OF ACHIEVEMENT when you
sucessfully hit the required power level?


Please rate from 0 to 100 on the scale
below, where

  0 =             and            100 = 
 ""not at all""                    ""most possible""",rew-eff-first,BA,0
sub_69378,2047,98,postBlock1,0,2,"During the last block, how much did you
FEEL A SENSE OF ACHIEVEMENT when you
sucessfully hit the required power level?


Please rate from 0 to 100 on the scale
below, where

  0 =             and            100 = 
 ""not at all""                    ""most possible""",rew-eff-first,BA,0
sub_69378,2048,98,postBlock2,0,2,"During the last block, how much did you
FEEL A SENSE OF ACHIEVEMENT when you
sucessfully hit the required power level?


Please rate from 0 to 100 on the scale
below, where

  0 =             and            100 = 
 ""not at all""                    ""most possible""",rew-eff-first,BA,0
sub_69378,2049,7,postBlock0,0,3,"During the last block, how much did you
FEEL BORED?
Please rate from 0 to 100 on the scale
below, where

  0 =             and            100 = 
 ""not at all""                    ""most possible""",rew-eff-first,BA,0
sub_69378,2050,1,postBlock1,0,3,"During the last block, how much did you
FEEL BORED?
Please rate from 0 to 100 on the scale
below, where

  0 =             and            100 = 
 ""not at all""                    ""most possible""",rew-eff-first,BA,0
sub_69378,2051,9,postBlock3,0,3,"During the last block, how much did you
FEEL BORED?
Please rate from 0 to 100 on the scale
below, where

  0 =             and            100 = 
 ""not at all""                    ""most possible""",rew-eff-first,BA,0
sub_69378,2052,1,postBlock2,0,3,"During the last block, how much did you
FEEL BORED?
Please rate from 0 to 100 on the scale
below, where

  0 =             and            100 = 
 ""not at all""                    ""most possible""",rew-eff-first,BA,0
sub_84200,2053,90,postBlock3,0,1,"During the last block, how much did you
FEEL PLEASED
when you collected the coins?


Please rate from 0 to 100 on the scale
below, where

  0 =             and            100 = 
 ""not at all""                    ""most possible""",causal-attr-first,CR,0
sub_84200,2054,100,postBlock1,0,1,"During the last block, how much did you
FEEL PLEASED
when you collected the coins?


Please rate from 0 to 100 on the scale
below, where

  0 =             and            100 = 
 ""not at all""                    ""most possible""",causal-attr-first,CR,0
sub_84200,2055,100,postBlock2,0,1,"During the last block, how much did you
FEEL PLEASED
when you collected the coins?


Please rate from 0 to 100 on the scale
below, where

  0 =             and            100 = 
 ""not at all""                    ""most possible""",causal-attr-first,CR,0
sub_84200,2056,100,postBlock0,0,1,"During the last block, how much did you
FEEL PLEASED
when you collected the coins?


Please rate from 0 to 100 on the scale
below, where

  0 =             and            100 = 
 ""not at all""                    ""most possible""",causal-attr-first,CR,0
sub_84200,2057,100,postBlock0,0,2,"During the last block, how much did you
FEEL A SENSE OF ACHIEVEMENT when you
sucessfully hit the required power level?


Please rate from 0 to 100 on the scale
below, where

  0 =             and            100 = 
 ""not at all""                    ""most possible""",causal-attr-first,CR,0
sub_84200,2058,75,postBlock3,0,2,"During the last block, how much did you
FEEL A SENSE OF ACHIEVEMENT when you
sucessfully hit the required power level?


Please rate from 0 to 100 on the scale
below, where

  0 =             and            100 = 
 ""not at all""                    ""most possible""",causal-attr-first,CR,0
sub_84200,2059,100,postBlock1,0,2,"During the last block, how much did you
FEEL A SENSE OF ACHIEVEMENT when you
sucessfully hit the required power level?


Please rate from 0 to 100 on the scale
below, where

  0 =             and            100 = 
 ""not at all""                    ""most possible""",causal-attr-first,CR,0
sub_84200,2060,100,postBlock2,0,2,"During the last block, how much did you
FEEL A SENSE OF ACHIEVEMENT when you
sucessfully hit the required power level?


Please rate from 0 to 100 on the scale
below, where

  0 =             and            100 = 
 ""not at all""                    ""most possible""",causal-attr-first,CR,0
sub_84200,2061,0,postBlock0,0,3,"During the last block, how much did you
FEEL BORED?
Please rate from 0 to 100 on the scale
below, where

  0 =             and            100 = 
 ""not at all""                    ""most possible""",causal-attr-first,CR,0
sub_84200,2062,0,postBlock1,0,3,"During the last block, how much did you
FEEL BORED?
Please rate from 0 to 100 on the scale
below, where

  0 =             and            100 = 
 ""not at all""                    ""most possible""",causal-attr-first,CR,0
sub_84200,2063,3,postBlock3,0,3,"During the last block, how much did you
FEEL BORED?
Please rate from 0 to 100 on the scale
below, where

  0 =             and            100 = 
 ""not at all""                    ""most possible""",causal-attr-first,CR,0
sub_84200,2064,2,postBlock2,0,3,"During the last block, how much did you
FEEL BORED?
Please rate from 0 to 100 on the scale
below, where

  0 =             and            100 = 
 ""not at all""                    ""most possible""",causal-attr-first,CR,0
sub_26288,2065,68,postBlock3,0,1,"During the last block, how much did you
FEEL PLEASED
when you collected the coins?


Please rate from 0 to 100 on the scale
below, where

  0 =             and            100 = 
 ""not at all""                    ""most possible""",causal-attr-first,BA,0
sub_26288,2066,74,postBlock1,0,1,"During the last block, how much did you
FEEL PLEASED
when you collected the coins?


Please rate from 0 to 100 on the scale
below, where

  0 =             and            100 = 
 ""not at all""                    ""most possible""",causal-attr-first,BA,0
sub_26288,2067,62,postBlock2,0,1,"During the last block, how much did you
FEEL PLEASED
when you collected the coins?


Please rate from 0 to 100 on the scale
below, where

  0 =             and            100 = 
 ""not at all""                    ""most possible""",causal-attr-first,BA,0
sub_26288,2068,67,postBlock0,0,1,"During the last block, how much did you
FEEL PLEASED
when you collected the coins?


Please rate from 0 to 100 on the scale
below, where

  0 =             and            100 = 
 ""not at all""                    ""most possible""",causal-attr-first,BA,0
sub_26288,2069,76,postBlock0,0,2,"During the last block, how much did you
FEEL A SENSE OF ACHIEVEMENT when you
sucessfully hit the required power level?


Please rate from 0 to 100 on the scale
below, where

  0 =             and            100 = 
 ""not at all""                    ""most possible""",causal-attr-first,BA,0
sub_26288,2070,60,postBlock3,0,2,"During the last block, how much did you
FEEL A SENSE OF ACHIEVEMENT when you
sucessfully hit the required power level?


Please rate from 0 to 100 on the scale
below, where

  0 =             and            100 = 
 ""not at all""                    ""most possible""",causal-attr-first,BA,0
sub_26288,2071,68,postBlock1,0,2,"During the last block, how much did you
FEEL A SENSE OF ACHIEVEMENT when you
sucessfully hit the required power level?


Please rate from 0 to 100 on the scale
below, where

  0 =             and            100 = 
 ""not at all""                    ""most possible""",causal-attr-first,BA,0
sub_26288,2072,67,postBlock2,0,2,"During the last block, how much did you
FEEL A SENSE OF ACHIEVEMENT when you
sucessfully hit the required power level?


Please rate from 0 to 100 on the scale
below, where

  0 =             and            100 = 
 ""not at all""                    ""most possible""",causal-attr-first,BA,0
sub_26288,2073,37,postBlock0,0,3,"During the last block, how much did you
FEEL BORED?
Please rate from 0 to 100 on the scale
below, where

  0 =             and            100 = 
 ""not at all""                    ""most possible""",causal-attr-first,BA,0
sub_26288,2074,41,postBlock1,0,3,"During the last block, how much did you
FEEL BORED?
Please rate from 0 to 100 on the scale
below, where

  0 =             and            100 = 
 ""not at all""                    ""most possible""",causal-attr-first,BA,0
sub_26288,2075,56,postBlock3,0,3,"During the last block, how much did you
FEEL BORED?
Please rate from 0 to 100 on the scale
below, where

  0 =             and            100 = 
 ""not at all""                    ""most possible""",causal-attr-first,BA,0
sub_26288,2076,62,postBlock2,0,3,"During the last block, how much did you
FEEL BORED?
Please rate from 0 to 100 on the scale
below, where

  0 =             and            100 = 
 ""not at all""                    ""most possible""",causal-attr-first,BA,0
sub_78723,2077,73,postBlock3,0,1,"During the last block, how much did you
FEEL PLEASED
when you collected the coins?


Please rate from 0 to 100 on the scale
below, where

  0 =             and            100 = 
 ""not at all""                    ""most possible""",rew-eff-first,BA,0
sub_78723,2078,59,postBlock1,0,1,"During the last block, how much did you
FEEL PLEASED
when you collected the coins?


Please rate from 0 to 100 on the scale
below, where

  0 =             and            100 = 
 ""not at all""                    ""most possible""",rew-eff-first,BA,0
sub_78723,2079,74,postBlock2,0,1,"During the last block, how much did you
FEEL PLEASED
when you collected the coins?


Please rate from 0 to 100 on the scale
below, where

  0 =             and            100 = 
 ""not at all""                    ""most possible""",rew-eff-first,BA,0
sub_78723,2080,75,postBlock0,0,1,"During the last block, how much did you
FEEL PLEASED
when you collected the coins?


Please rate from 0 to 100 on the scale
below, where

  0 =             and            100 = 
 ""not at all""                    ""most possible""",rew-eff-first,BA,0
sub_78723,2081,63,postBlock0,0,2,"During the last block, how much did you
FEEL A SENSE OF ACHIEVEMENT when you
sucessfully hit the required power level?


Please rate from 0 to 100 on the scale
below, where

  0 =             and            100 = 
 ""not at all""                    ""most possible""",rew-eff-first,BA,0
sub_78723,2082,85,postBlock3,0,2,"During the last block, how much did you
FEEL A SENSE OF ACHIEVEMENT when you
sucessfully hit the required power level?


Please rate from 0 to 100 on the scale
below, where

  0 =             and            100 = 
 ""not at all""                    ""most possible""",rew-eff-first,BA,0
sub_78723,2083,53,postBlock1,0,2,"During the last block, how much did you
FEEL A SENSE OF ACHIEVEMENT when you
sucessfully hit the required power level?


Please rate from 0 to 100 on the scale
below, where

  0 =             and            100 = 
 ""not at all""                    ""most possible""",rew-eff-first,BA,0
sub_78723,2084,74,postBlock2,0,2,"During the last block, how much did you
FEEL A SENSE OF ACHIEVEMENT when you
sucessfully hit the required power level?


Please rate from 0 to 100 on the scale
below, where

  0 =             and            100 = 
 ""not at all""                    ""most possible""",rew-eff-first,BA,0
sub_78723,2085,21,postBlock0,0,3,"During the last block, how much did you
FEEL BORED?
Please rate from 0 to 100 on the scale
below, where

  0 =             and            100 = 
 ""not at all""                    ""most possible""",rew-eff-first,BA,0
sub_78723,2086,43,postBlock1,0,3,"During the last block, how much did you
FEEL BORED?
Please rate from 0 to 100 on the scale
below, where

  0 =             and            100 = 
 ""not at all""                    ""most possible""",rew-eff-first,BA,0
sub_78723,2087,57,postBlock3,0,3,"During the last block, how much did you
FEEL BORED?
Please rate from 0 to 100 on the scale
below, where

  0 =             and            100 = 
 ""not at all""                    ""most possible""",rew-eff-first,BA,0
sub_78723,2088,52,postBlock2,0,3,"During the last block, how much did you
FEEL BORED?
Please rate from 0 to 100 on the scale
below, where

  0 =             and            100 = 
 ""not at all""                    ""most possible""",rew-eff-first,BA,0
sub_87547,2089,82,postBlock3,0,1,"During the last block, how much did you
FEEL PLEASED
when you collected the coins?


Please rate from 0 to 100 on the scale
below, where

  0 =             and            100 = 
 ""not at all""                    ""most possible""",causal-attr-first,CR,0
sub_87547,2090,60,postBlock1,0,1,"During the last block, how much did you
FEEL PLEASED
when you collected the coins?


Please rate from 0 to 100 on the scale
below, where

  0 =             and            100 = 
 ""not at all""                    ""most possible""",causal-attr-first,CR,0
sub_87547,2091,77,postBlock2,0,1,"During the last block, how much did you
FEEL PLEASED
when you collected the coins?


Please rate from 0 to 100 on the scale
below, where

  0 =             and            100 = 
 ""not at all""                    ""most possible""",causal-attr-first,CR,0
sub_87547,2092,83,postBlock0,0,1,"During the last block, how much did you
FEEL PLEASED
when you collected the coins?


Please rate from 0 to 100 on the scale
below, where

  0 =             and            100 = 
 ""not at all""                    ""most possible""",causal-attr-first,CR,0
sub_87547,2093,60,postBlock0,0,2,"During the last block, how much did you
FEEL A SENSE OF ACHIEVEMENT when you
sucessfully hit the required power level?


Please rate from 0 to 100 on the scale
below, where

  0 =             and            100 = 
 ""not at all""                    ""most possible""",causal-attr-first,CR,0
sub_87547,2094,85,postBlock3,0,2,"During the last block, how much did you
FEEL A SENSE OF ACHIEVEMENT when you
sucessfully hit the required power level?


Please rate from 0 to 100 on the scale
below, where

  0 =             and            100 = 
 ""not at all""                    ""most possible""",causal-attr-first,CR,0
sub_87547,2095,80,postBlock1,0,2,"During the last block, how much did you
FEEL A SENSE OF ACHIEVEMENT when you
sucessfully hit the required power level?


Please rate from 0 to 100 on the scale
below, where

  0 =             and            100 = 
 ""not at all""                    ""most possible""",causal-attr-first,CR,0
sub_87547,2096,87,postBlock2,0,2,"During the last block, how much did you
FEEL A SENSE OF ACHIEVEMENT when you
sucessfully hit the required power level?


Please rate from 0 to 100 on the scale
below, where

  0 =             and            100 = 
 ""not at all""                    ""most possible""",causal-attr-first,CR,0
sub_87547,2097,10,postBlock0,0,3,"During the last block, how much did you
FEEL BORED?
Please rate from 0 to 100 on the scale
below, where

  0 =             and            100 = 
 ""not at all""                    ""most possible""",causal-attr-first,CR,0
sub_87547,2098,0,postBlock1,0,3,"During the last block, how much did you
FEEL BORED?
Please rate from 0 to 100 on the scale
below, where

  0 =             and            100 = 
 ""not at all""                    ""most possible""",causal-attr-first,CR,0
sub_87547,2099,1,postBlock3,0,3,"During the last block, how much did you
FEEL BORED?
Please rate from 0 to 100 on the scale
below, where

  0 =             and            100 = 
 ""not at all""                    ""most possible""",causal-attr-first,CR,0
sub_87547,2100,0,postBlock2,0,3,"During the last block, how much did you
FEEL BORED?
Please rate from 0 to 100 on the scale
below, where

  0 =             and            100 = 
 ""not at all""                    ""most possible""",causal-attr-first,CR,0
sub_29997,2101,38,postBlock3,0,1,"During the last block, how much did you
FEEL PLEASED
when you collected the coins?


Please rate from 0 to 100 on the scale
below, where

  0 =             and            100 = 
 ""not at all""                    ""most possible""",rew-eff-first,BA,0
sub_29997,2102,42,postBlock1,0,1,"During the last block, how much did you
FEEL PLEASED
when you collected the coins?


Please rate from 0 to 100 on the scale
below, where

  0 =             and            100 = 
 ""not at all""                    ""most possible""",rew-eff-first,BA,0
sub_29997,2103,56,postBlock2,0,1,"During the last block, how much did you
FEEL PLEASED
when you collected the coins?


Please rate from 0 to 100 on the scale
below, where

  0 =             and            100 = 
 ""not at all""                    ""most possible""",rew-eff-first,BA,0
sub_29997,2104,78,postBlock0,0,1,"During the last block, how much did you
FEEL PLEASED
when you collected the coins?


Please rate from 0 to 100 on the scale
below, where

  0 =             and            100 = 
 ""not at all""                    ""most possible""",rew-eff-first,BA,0
sub_29997,2105,60,postBlock0,0,2,"During the last block, how much did you
FEEL A SENSE OF ACHIEVEMENT when you
sucessfully hit the required power level?


Please rate from 0 to 100 on the scale
below, where

  0 =             and            100 = 
 ""not at all""                    ""most possible""",rew-eff-first,BA,0
sub_29997,2106,21,postBlock3,0,2,"During the last block, how much did you
FEEL A SENSE OF ACHIEVEMENT when you
sucessfully hit the required power level?


Please rate from 0 to 100 on the scale
below, where

  0 =             and            100 = 
 ""not at all""                    ""most possible""",rew-eff-first,BA,0
sub_29997,2107,54,postBlock1,0,2,"During the last block, how much did you
FEEL A SENSE OF ACHIEVEMENT when you
sucessfully hit the required power level?


Please rate from 0 to 100 on the scale
below, where

  0 =             and            100 = 
 ""not at all""                    ""most possible""",rew-eff-first,BA,0
sub_29997,2108,57,postBlock2,0,2,"During the last block, how much did you
FEEL A SENSE OF ACHIEVEMENT when you
sucessfully hit the required power level?


Please rate from 0 to 100 on the scale
below, where

  0 =             and            100 = 
 ""not at all""                    ""most possible""",rew-eff-first,BA,0
sub_29997,2109,42,postBlock0,0,3,"During the last block, how much did you
FEEL BORED?
Please rate from 0 to 100 on the scale
below, where

  0 =             and            100 = 
 ""not at all""                    ""most possible""",rew-eff-first,BA,0
sub_29997,2110,63,postBlock1,0,3,"During the last block, how much did you
FEEL BORED?
Please rate from 0 to 100 on the scale
below, where

  0 =             and            100 = 
 ""not at all""                    ""most possible""",rew-eff-first,BA,0
sub_29997,2111,54,postBlock3,0,3,"During the last block, how much did you
FEEL BORED?
Please rate from 0 to 100 on the scale
below, where

  0 =             and            100 = 
 ""not at all""                    ""most possible""",rew-eff-first,BA,0
sub_29997,2112,46,postBlock2,0,3,"During the last block, how much did you
FEEL BORED?
Please rate from 0 to 100 on the scale
below, where

  0 =             and            100 = 
 ""not at all""                    ""most possible""",rew-eff-first,BA,0
sub_77686,2113,85,postBlock3,0,1,"During the last block, how much did you
FEEL PLEASED
when you collected the coins?


Please rate from 0 to 100 on the scale
below, where

  0 =             and            100 = 
 ""not at all""                    ""most possible""",causal-attr-first,CR,0
sub_77686,2114,55,postBlock1,0,1,"During the last block, how much did you
FEEL PLEASED
when you collected the coins?


Please rate from 0 to 100 on the scale
below, where

  0 =             and            100 = 
 ""not at all""                    ""most possible""",causal-attr-first,CR,0
sub_77686,2115,72,postBlock2,0,1,"During the last block, how much did you
FEEL PLEASED
when you collected the coins?


Please rate from 0 to 100 on the scale
below, where

  0 =             and            100 = 
 ""not at all""                    ""most possible""",causal-attr-first,CR,0
sub_77686,2116,81,postBlock0,0,1,"During the last block, how much did you
FEEL PLEASED
when you collected the coins?


Please rate from 0 to 100 on the scale
below, where

  0 =             and            100 = 
 ""not at all""                    ""most possible""",causal-attr-first,CR,0
sub_77686,2117,97,postBlock0,0,2,"During the last block, how much did you
FEEL A SENSE OF ACHIEVEMENT when you
sucessfully hit the required power level?


Please rate from 0 to 100 on the scale
below, where

  0 =             and            100 = 
 ""not at all""                    ""most possible""",causal-attr-first,CR,0
sub_77686,2118,79,postBlock3,0,2,"During the last block, how much did you
FEEL A SENSE OF ACHIEVEMENT when you
sucessfully hit the required power level?


Please rate from 0 to 100 on the scale
below, where

  0 =             and            100 = 
 ""not at all""                    ""most possible""",causal-attr-first,CR,0
sub_77686,2119,53,postBlock1,0,2,"During the last block, how much did you
FEEL A SENSE OF ACHIEVEMENT when you
sucessfully hit the required power level?


Please rate from 0 to 100 on the scale
below, where

  0 =             and            100 = 
 ""not at all""                    ""most possible""",causal-attr-first,CR,0
sub_77686,2120,72,postBlock2,0,2,"During the last block, how much did you
FEEL A SENSE OF ACHIEVEMENT when you
sucessfully hit the required power level?


Please rate from 0 to 100 on the scale
below, where

  0 =             and            100 = 
 ""not at all""                    ""most possible""",causal-attr-first,CR,0
sub_77686,2121,4,postBlock0,0,3,"During the last block, how much did you
FEEL BORED?
Please rate from 0 to 100 on the scale
below, where

  0 =             and            100 = 
 ""not at all""                    ""most possible""",causal-attr-first,CR,0
sub_77686,2122,83,postBlock1,0,3,"During the last block, how much did you
FEEL BORED?
Please rate from 0 to 100 on the scale
below, where

  0 =             and            100 = 
 ""not at all""                    ""most possible""",causal-attr-first,CR,0
sub_77686,2123,21,postBlock3,0,3,"During the last block, how much did you
FEEL BORED?
Please rate from 0 to 100 on the scale
below, where

  0 =             and            100 = 
 ""not at all""                    ""most possible""",causal-attr-first,CR,0
sub_77686,2124,10,postBlock2,0,3,"During the last block, how much did you
FEEL BORED?
Please rate from 0 to 100 on the scale
below, where

  0 =             and            100 = 
 ""not at all""                    ""most possible""",causal-attr-first,CR,0
sub_21608,2125,82,postBlock3,0,1,"During the last block, how much did you
FEEL PLEASED
when you collected the coins?


Please rate from 0 to 100 on the scale
below, where

  0 =             and            100 = 
 ""not at all""                    ""most possible""",rew-eff-first,CR,0
sub_21608,2126,75,postBlock1,0,1,"During the last block, how much did you
FEEL PLEASED
when you collected the coins?


Please rate from 0 to 100 on the scale
below, where

  0 =             and            100 = 
 ""not at all""                    ""most possible""",rew-eff-first,CR,0
sub_21608,2127,91,postBlock2,0,1,"During the last block, how much did you
FEEL PLEASED
when you collected the coins?


Please rate from 0 to 100 on the scale
below, where

  0 =             and            100 = 
 ""not at all""                    ""most possible""",rew-eff-first,CR,0
sub_21608,2128,92,postBlock0,0,1,"During the last block, how much did you
FEEL PLEASED
when you collected the coins?


Please rate from 0 to 100 on the scale
below, where

  0 =             and            100 = 
 ""not at all""                    ""most possible""",rew-eff-first,CR,0
sub_21608,2129,99,postBlock0,0,2,"During the last block, how much did you
FEEL A SENSE OF ACHIEVEMENT when you
sucessfully hit the required power level?


Please rate from 0 to 100 on the scale
below, where

  0 =             and            100 = 
 ""not at all""                    ""most possible""",rew-eff-first,CR,0
sub_21608,2130,82,postBlock3,0,2,"During the last block, how much did you
FEEL A SENSE OF ACHIEVEMENT when you
sucessfully hit the required power level?


Please rate from 0 to 100 on the scale
below, where

  0 =             and            100 = 
 ""not at all""                    ""most possible""",rew-eff-first,CR,0
sub_21608,2131,27,postBlock1,0,2,"During the last block, how much did you
FEEL A SENSE OF ACHIEVEMENT when you
sucessfully hit the required power level?


Please rate from 0 to 100 on the scale
below, where

  0 =             and            100 = 
 ""not at all""                    ""most possible""",rew-eff-first,CR,0
sub_21608,2132,86,postBlock2,0,2,"During the last block, how much did you
FEEL A SENSE OF ACHIEVEMENT when you
sucessfully hit the required power level?


Please rate from 0 to 100 on the scale
below, where

  0 =             and            100 = 
 ""not at all""                    ""most possible""",rew-eff-first,CR,0
sub_21608,2133,2,postBlock0,0,3,"During the last block, how much did you
FEEL BORED?
Please rate from 0 to 100 on the scale
below, where

  0 =             and            100 = 
 ""not at all""                    ""most possible""",rew-eff-first,CR,0
sub_21608,2134,31,postBlock1,0,3,"During the last block, how much did you
FEEL BORED?
Please rate from 0 to 100 on the scale
below, where

  0 =             and            100 = 
 ""not at all""                    ""most possible""",rew-eff-first,CR,0
sub_21608,2135,31,postBlock3,0,3,"During the last block, how much did you
FEEL BORED?
Please rate from 0 to 100 on the scale
below, where

  0 =             and            100 = 
 ""not at all""                    ""most possible""",rew-eff-first,CR,0
sub_21608,2136,2,postBlock2,0,3,"During the last block, how much did you
FEEL BORED?
Please rate from 0 to 100 on the scale
below, where

  0 =             and            100 = 
 ""not at all""                    ""most possible""",rew-eff-first,CR,0
sub_68551,2137,64,postBlock3,0,1,"During the last block, how much did you
FEEL PLEASED
when you collected the coins?


Please rate from 0 to 100 on the scale
below, where

  0 =             and            100 = 
 ""not at all""                    ""most possible""",causal-attr-first,CR,0
sub_68551,2138,83,postBlock1,0,1,"During the last block, how much did you
FEEL PLEASED
when you collected the coins?


Please rate from 0 to 100 on the scale
below, where

  0 =             and            100 = 
 ""not at all""                    ""most possible""",causal-attr-first,CR,0
sub_68551,2139,65,postBlock2,0,1,"During the last block, how much did you
FEEL PLEASED
when you collected the coins?


Please rate from 0 to 100 on the scale
below, where

  0 =             and            100 = 
 ""not at all""                    ""most possible""",causal-attr-first,CR,0
sub_68551,2140,85,postBlock0,0,1,"During the last block, how much did you
FEEL PLEASED
when you collected the coins?


Please rate from 0 to 100 on the scale
below, where

  0 =             and            100 = 
 ""not at all""                    ""most possible""",causal-attr-first,CR,0
sub_68551,2141,90,postBlock0,0,2,"During the last block, how much did you
FEEL A SENSE OF ACHIEVEMENT when you
sucessfully hit the required power level?


Please rate from 0 to 100 on the scale
below, where

  0 =             and            100 = 
 ""not at all""                    ""most possible""",causal-attr-first,CR,0
sub_68551,2142,64,postBlock3,0,2,"During the last block, how much did you
FEEL A SENSE OF ACHIEVEMENT when you
sucessfully hit the required power level?


Please rate from 0 to 100 on the scale
below, where

  0 =             and            100 = 
 ""not at all""                    ""most possible""",causal-attr-first,CR,0
sub_68551,2143,89,postBlock1,0,2,"During the last block, how much did you
FEEL A SENSE OF ACHIEVEMENT when you
sucessfully hit the required power level?


Please rate from 0 to 100 on the scale
below, where

  0 =             and            100 = 
 ""not at all""                    ""most possible""",causal-attr-first,CR,0
sub_68551,2144,73,postBlock2,0,2,"During the last block, how much did you
FEEL A SENSE OF ACHIEVEMENT when you
sucessfully hit the required power level?


Please rate from 0 to 100 on the scale
below, where

  0 =             and            100 = 
 ""not at all""                    ""most possible""",causal-attr-first,CR,0
sub_68551,2145,34,postBlock0,0,3,"During the last block, how much did you
FEEL BORED?
Please rate from 0 to 100 on the scale
below, where

  0 =             and            100 = 
 ""not at all""                    ""most possible""",causal-attr-first,CR,0
sub_68551,2146,40,postBlock1,0,3,"During the last block, how much did you
FEEL BORED?
Please rate from 0 to 100 on the scale
below, where

  0 =             and            100 = 
 ""not at all""                    ""most possible""",causal-attr-first,CR,0
sub_68551,2147,55,postBlock3,0,3,"During the last block, how much did you
FEEL BORED?
Please rate from 0 to 100 on the scale
below, where

  0 =             and            100 = 
 ""not at all""                    ""most possible""",causal-attr-first,CR,0
sub_68551,2148,44,postBlock2,0,3,"During the last block, how much did you
FEEL BORED?
Please rate from 0 to 100 on the scale
below, where

  0 =             and            100 = 
 ""not at all""                    ""most possible""",causal-attr-first,CR,0
sub_19605,2149,87,postBlock3,0,1,"During the last block, how much did you
FEEL PLEASED
when you collected the coins?


Please rate from 0 to 100 on the scale
below, where

  0 =             and            100 = 
 ""not at all""                    ""most possible""",causal-attr-first,BA,0
sub_19605,2150,77,postBlock1,0,1,"During the last block, how much did you
FEEL PLEASED
when you collected the coins?


Please rate from 0 to 100 on the scale
below, where

  0 =             and            100 = 
 ""not at all""                    ""most possible""",causal-attr-first,BA,0
sub_19605,2151,86,postBlock2,0,1,"During the last block, how much did you
FEEL PLEASED
when you collected the coins?


Please rate from 0 to 100 on the scale
below, where

  0 =             and            100 = 
 ""not at all""                    ""most possible""",causal-attr-first,BA,0
sub_19605,2152,62,postBlock0,0,1,"During the last block, how much did you
FEEL PLEASED
when you collected the coins?


Please rate from 0 to 100 on the scale
below, where

  0 =             and            100 = 
 ""not at all""                    ""most possible""",causal-attr-first,BA,0
sub_19605,2153,89,postBlock0,0,2,"During the last block, how much did you
FEEL A SENSE OF ACHIEVEMENT when you
sucessfully hit the required power level?


Please rate from 0 to 100 on the scale
below, where

  0 =             and            100 = 
 ""not at all""                    ""most possible""",causal-attr-first,BA,0
sub_19605,2154,29,postBlock3,0,2,"During the last block, how much did you
FEEL A SENSE OF ACHIEVEMENT when you
sucessfully hit the required power level?


Please rate from 0 to 100 on the scale
below, where

  0 =             and            100 = 
 ""not at all""                    ""most possible""",causal-attr-first,BA,0
sub_19605,2155,99,postBlock1,0,2,"During the last block, how much did you
FEEL A SENSE OF ACHIEVEMENT when you
sucessfully hit the required power level?


Please rate from 0 to 100 on the scale
below, where

  0 =             and            100 = 
 ""not at all""                    ""most possible""",causal-attr-first,BA,0
sub_19605,2156,78,postBlock2,0,2,"During the last block, how much did you
FEEL A SENSE OF ACHIEVEMENT when you
sucessfully hit the required power level?


Please rate from 0 to 100 on the scale
below, where

  0 =             and            100 = 
 ""not at all""                    ""most possible""",causal-attr-first,BA,0
sub_19605,2157,34,postBlock0,0,3,"During the last block, how much did you
FEEL BORED?
Please rate from 0 to 100 on the scale
below, where

  0 =             and            100 = 
 ""not at all""                    ""most possible""",causal-attr-first,BA,0
sub_19605,2158,58,postBlock1,0,3,"During the last block, how much did you
FEEL BORED?
Please rate from 0 to 100 on the scale
below, where

  0 =             and            100 = 
 ""not at all""                    ""most possible""",causal-attr-first,BA,0
sub_19605,2159,67,postBlock3,0,3,"During the last block, how much did you
FEEL BORED?
Please rate from 0 to 100 on the scale
below, where

  0 =             and            100 = 
 ""not at all""                    ""most possible""",causal-attr-first,BA,0
sub_19605,2160,48,postBlock2,0,3,"During the last block, how much did you
FEEL BORED?
Please rate from 0 to 100 on the scale
below, where

  0 =             and            100 = 
 ""not at all""                    ""most possible""",causal-attr-first,BA,0
sub_26580,2161,28,postBlock3,0,1,"During the last block, how much did you
FEEL PLEASED
when you collected the coins?


Please rate from 0 to 100 on the scale
below, where

  0 =             and            100 = 
 ""not at all""                    ""most possible""",causal-attr-first,CR,0
sub_26580,2162,40,postBlock1,0,1,"During the last block, how much did you
FEEL PLEASED
when you collected the coins?


Please rate from 0 to 100 on the scale
below, where

  0 =             and            100 = 
 ""not at all""                    ""most possible""",causal-attr-first,CR,0
sub_26580,2163,34,postBlock2,0,1,"During the last block, how much did you
FEEL PLEASED
when you collected the coins?


Please rate from 0 to 100 on the scale
below, where

  0 =             and            100 = 
 ""not at all""                    ""most possible""",causal-attr-first,CR,0
sub_26580,2164,60,postBlock0,0,1,"During the last block, how much did you
FEEL PLEASED
when you collected the coins?


Please rate from 0 to 100 on the scale
below, where

  0 =             and            100 = 
 ""not at all""                    ""most possible""",causal-attr-first,CR,0
sub_26580,2165,57,postBlock0,0,2,"During the last block, how much did you
FEEL A SENSE OF ACHIEVEMENT when you
sucessfully hit the required power level?


Please rate from 0 to 100 on the scale
below, where

  0 =             and            100 = 
 ""not at all""                    ""most possible""",causal-attr-first,CR,0
sub_26580,2166,33,postBlock3,0,2,"During the last block, how much did you
FEEL A SENSE OF ACHIEVEMENT when you
sucessfully hit the required power level?


Please rate from 0 to 100 on the scale
below, where

  0 =             and            100 = 
 ""not at all""                    ""most possible""",causal-attr-first,CR,0
sub_26580,2167,58,postBlock1,0,2,"During the last block, how much did you
FEEL A SENSE OF ACHIEVEMENT when you
sucessfully hit the required power level?


Please rate from 0 to 100 on the scale
below, where

  0 =             and            100 = 
 ""not at all""                    ""most possible""",causal-attr-first,CR,0
sub_26580,2168,34,postBlock2,0,2,"During the last block, how much did you
FEEL A SENSE OF ACHIEVEMENT when you
sucessfully hit the required power level?


Please rate from 0 to 100 on the scale
below, where

  0 =             and            100 = 
 ""not at all""                    ""most possible""",causal-attr-first,CR,0
sub_26580,2169,69,postBlock0,0,3,"During the last block, how much did you
FEEL BORED?
Please rate from 0 to 100 on the scale
below, where

  0 =             and            100 = 
 ""not at all""                    ""most possible""",causal-attr-first,CR,0
sub_26580,2170,43,postBlock1,0,3,"During the last block, how much did you
FEEL BORED?
Please rate from 0 to 100 on the scale
below, where

  0 =             and            100 = 
 ""not at all""                    ""most possible""",causal-attr-first,CR,0
sub_26580,2171,88,postBlock3,0,3,"During the last block, how much did you
FEEL BORED?
Please rate from 0 to 100 on the scale
below, where

  0 =             and            100 = 
 ""not at all""                    ""most possible""",causal-attr-first,CR,0
sub_26580,2172,72,postBlock2,0,3,"During the last block, how much did you
FEEL BORED?
Please rate from 0 to 100 on the scale
below, where

  0 =             and            100 = 
 ""not at all""                    ""most possible""",causal-attr-first,CR,0
sub_95550,2173,86,postBlock3,0,1,"During the last block, how much did you
FEEL PLEASED
when you collected the coins?


Please rate from 0 to 100 on the scale
below, where

  0 =             and            100 = 
 ""not at all""                    ""most possible""",causal-attr-first,CR,0
sub_95550,2174,99,postBlock1,0,1,"During the last block, how much did you
FEEL PLEASED
when you collected the coins?


Please rate from 0 to 100 on the scale
below, where

  0 =             and            100 = 
 ""not at all""                    ""most possible""",causal-attr-first,CR,0
sub_95550,2175,91,postBlock2,0,1,"During the last block, how much did you
FEEL PLEASED
when you collected the coins?


Please rate from 0 to 100 on the scale
below, where

  0 =             and            100 = 
 ""not at all""                    ""most possible""",causal-attr-first,CR,0
sub_95550,2176,99,postBlock0,0,1,"During the last block, how much did you
FEEL PLEASED
when you collected the coins?


Please rate from 0 to 100 on the scale
below, where

  0 =             and            100 = 
 ""not at all""                    ""most possible""",causal-attr-first,CR,0
sub_95550,2177,99,postBlock0,0,2,"During the last block, how much did you
FEEL A SENSE OF ACHIEVEMENT when you
sucessfully hit the required power level?


Please rate from 0 to 100 on the scale
below, where

  0 =             and            100 = 
 ""not at all""                    ""most possible""",causal-attr-first,CR,0
sub_95550,2178,77,postBlock3,0,2,"During the last block, how much did you
FEEL A SENSE OF ACHIEVEMENT when you
sucessfully hit the required power level?


Please rate from 0 to 100 on the scale
below, where

  0 =             and            100 = 
 ""not at all""                    ""most possible""",causal-attr-first,CR,0
sub_95550,2179,89,postBlock1,0,2,"During the last block, how much did you
FEEL A SENSE OF ACHIEVEMENT when you
sucessfully hit the required power level?


Please rate from 0 to 100 on the scale
below, where

  0 =             and            100 = 
 ""not at all""                    ""most possible""",causal-attr-first,CR,0
sub_95550,2180,83,postBlock2,0,2,"During the last block, how much did you
FEEL A SENSE OF ACHIEVEMENT when you
sucessfully hit the required power level?


Please rate from 0 to 100 on the scale
below, where

  0 =             and            100 = 
 ""not at all""                    ""most possible""",causal-attr-first,CR,0
sub_95550,2181,82,postBlock0,0,3,"During the last block, how much did you
FEEL BORED?
Please rate from 0 to 100 on the scale
below, where

  0 =             and            100 = 
 ""not at all""                    ""most possible""",causal-attr-first,CR,0
sub_95550,2182,76,postBlock1,0,3,"During the last block, how much did you
FEEL BORED?
Please rate from 0 to 100 on the scale
below, where

  0 =             and            100 = 
 ""not at all""                    ""most possible""",causal-attr-first,CR,0
sub_95550,2183,68,postBlock3,0,3,"During the last block, how much did you
FEEL BORED?
Please rate from 0 to 100 on the scale
below, where

  0 =             and            100 = 
 ""not at all""                    ""most possible""",causal-attr-first,CR,0
sub_95550,2184,71,postBlock2,0,3,"During the last block, how much did you
FEEL BORED?
Please rate from 0 to 100 on the scale
below, where

  0 =             and            100 = 
 ""not at all""                    ""most possible""",causal-attr-first,CR,0
sub_31928,2185,98,postBlock3,0,1,"During the last block, how much did you
FEEL PLEASED
when you collected the coins?


Please rate from 0 to 100 on the scale
below, where

  0 =             and            100 = 
 ""not at all""                    ""most possible""",rew-eff-first,CR,0
sub_31928,2186,100,postBlock1,0,1,"During the last block, how much did you
FEEL PLEASED
when you collected the coins?


Please rate from 0 to 100 on the scale
below, where

  0 =             and            100 = 
 ""not at all""                    ""most possible""",rew-eff-first,CR,0
sub_31928,2187,98,postBlock2,0,1,"During the last block, how much did you
FEEL PLEASED
when you collected the coins?


Please rate from 0 to 100 on the scale
below, where

  0 =             and            100 = 
 ""not at all""                    ""most possible""",rew-eff-first,CR,0
sub_31928,2188,99,postBlock0,0,1,"During the last block, how much did you
FEEL PLEASED
when you collected the coins?


Please rate from 0 to 100 on the scale
below, where

  0 =             and            100 = 
 ""not at all""                    ""most possible""",rew-eff-first,CR,0
sub_31928,2189,100,postBlock0,0,2,"During the last block, how much did you
FEEL A SENSE OF ACHIEVEMENT when you
sucessfully hit the required power level?


Please rate from 0 to 100 on the scale
below, where

  0 =             and            100 = 
 ""not at all""                    ""most possible""",rew-eff-first,CR,0
sub_31928,2190,98,postBlock3,0,2,"During the last block, how much did you
FEEL A SENSE OF ACHIEVEMENT when you
sucessfully hit the required power level?


Please rate from 0 to 100 on the scale
below, where

  0 =             and            100 = 
 ""not at all""                    ""most possible""",rew-eff-first,CR,0
sub_31928,2191,100,postBlock1,0,2,"During the last block, how much did you
FEEL A SENSE OF ACHIEVEMENT when you
sucessfully hit the required power level?


Please rate from 0 to 100 on the scale
below, where

  0 =             and            100 = 
 ""not at all""                    ""most possible""",rew-eff-first,CR,0
sub_31928,2192,97,postBlock2,0,2,"During the last block, how much did you
FEEL A SENSE OF ACHIEVEMENT when you
sucessfully hit the required power level?


Please rate from 0 to 100 on the scale
below, where

  0 =             and            100 = 
 ""not at all""                    ""most possible""",rew-eff-first,CR,0
sub_31928,2193,66,postBlock0,0,3,"During the last block, how much did you
FEEL BORED?
Please rate from 0 to 100 on the scale
below, where

  0 =             and            100 = 
 ""not at all""                    ""most possible""",rew-eff-first,CR,0
sub_31928,2194,60,postBlock1,0,3,"During the last block, how much did you
FEEL BORED?
Please rate from 0 to 100 on the scale
below, where

  0 =             and            100 = 
 ""not at all""                    ""most possible""",rew-eff-first,CR,0
sub_31928,2195,35,postBlock3,0,3,"During the last block, how much did you
FEEL BORED?
Please rate from 0 to 100 on the scale
below, where

  0 =             and            100 = 
 ""not at all""                    ""most possible""",rew-eff-first,CR,0
sub_31928,2196,44,postBlock2,0,3,"During the last block, how much did you
FEEL BORED?
Please rate from 0 to 100 on the scale
below, where

  0 =             and            100 = 
 ""not at all""                    ""most possible""",rew-eff-first,CR,0
sub_92992,2197,80,postBlock3,0,1,"During the last block, how much did you
FEEL PLEASED
when you collected the coins?


Please rate from 0 to 100 on the scale
below, where

  0 =             and            100 = 
 ""not at all""                    ""most possible""",causal-attr-first,BA,0
sub_92992,2198,80,postBlock1,0,1,"During the last block, how much did you
FEEL PLEASED
when you collected the coins?


Please rate from 0 to 100 on the scale
below, where

  0 =             and            100 = 
 ""not at all""                    ""most possible""",causal-attr-first,BA,0
sub_92992,2199,60,postBlock2,0,1,"During the last block, how much did you
FEEL PLEASED
when you collected the coins?


Please rate from 0 to 100 on the scale
below, where

  0 =             and            100 = 
 ""not at all""                    ""most possible""",causal-attr-first,BA,0
sub_92992,2200,80,postBlock0,0,1,"During the last block, how much did you
FEEL PLEASED
when you collected the coins?


Please rate from 0 to 100 on the scale
below, where

  0 =             and            100 = 
 ""not at all""                    ""most possible""",causal-attr-first,BA,0
sub_92992,2201,90,postBlock0,0,2,"During the last block, how much did you
FEEL A SENSE OF ACHIEVEMENT when you
sucessfully hit the required power level?


Please rate from 0 to 100 on the scale
below, where

  0 =             and            100 = 
 ""not at all""                    ""most possible""",causal-attr-first,BA,0
sub_92992,2202,80,postBlock3,0,2,"During the last block, how much did you
FEEL A SENSE OF ACHIEVEMENT when you
sucessfully hit the required power level?


Please rate from 0 to 100 on the scale
below, where

  0 =             and            100 = 
 ""not at all""                    ""most possible""",causal-attr-first,BA,0
sub_92992,2203,65,postBlock1,0,2,"During the last block, how much did you
FEEL A SENSE OF ACHIEVEMENT when you
sucessfully hit the required power level?


Please rate from 0 to 100 on the scale
below, where

  0 =             and            100 = 
 ""not at all""                    ""most possible""",causal-attr-first,BA,0
sub_92992,2204,55,postBlock2,0,2,"During the last block, how much did you
FEEL A SENSE OF ACHIEVEMENT when you
sucessfully hit the required power level?


Please rate from 0 to 100 on the scale
below, where

  0 =             and            100 = 
 ""not at all""                    ""most possible""",causal-attr-first,BA,0
sub_92992,2205,60,postBlock0,0,3,"During the last block, how much did you
FEEL BORED?
Please rate from 0 to 100 on the scale
below, where

  0 =             and            100 = 
 ""not at all""                    ""most possible""",causal-attr-first,BA,0
sub_92992,2206,71,postBlock1,0,3,"During the last block, how much did you
FEEL BORED?
Please rate from 0 to 100 on the scale
below, where

  0 =             and            100 = 
 ""not at all""                    ""most possible""",causal-attr-first,BA,0
sub_92992,2207,84,postBlock3,0,3,"During the last block, how much did you
FEEL BORED?
Please rate from 0 to 100 on the scale
below, where

  0 =             and            100 = 
 ""not at all""                    ""most possible""",causal-attr-first,BA,0
sub_92992,2208,75,postBlock2,0,3,"During the last block, how much did you
FEEL BORED?
Please rate from 0 to 100 on the scale
below, where

  0 =             and            100 = 
 ""not at all""                    ""most possible""",causal-attr-first,BA,0
sub_71162,2209,31,postBlock3,0,1,"During the last block, how much did you
FEEL PLEASED
when you collected the coins?


Please rate from 0 to 100 on the scale
below, where

  0 =             and            100 = 
 ""not at all""                    ""most possible""",causal-attr-first,CR,0
sub_71162,2210,57,postBlock1,0,1,"During the last block, how much did you
FEEL PLEASED
when you collected the coins?


Please rate from 0 to 100 on the scale
below, where

  0 =             and            100 = 
 ""not at all""                    ""most possible""",causal-attr-first,CR,0
sub_71162,2211,35,postBlock2,0,1,"During the last block, how much did you
FEEL PLEASED
when you collected the coins?


Please rate from 0 to 100 on the scale
below, where

  0 =             and            100 = 
 ""not at all""                    ""most possible""",causal-attr-first,CR,0
sub_71162,2212,71,postBlock0,0,1,"During the last block, how much did you
FEEL PLEASED
when you collected the coins?


Please rate from 0 to 100 on the scale
below, where

  0 =             and            100 = 
 ""not at all""                    ""most possible""",causal-attr-first,CR,0
sub_71162,2213,80,postBlock0,0,2,"During the last block, how much did you
FEEL A SENSE OF ACHIEVEMENT when you
sucessfully hit the required power level?


Please rate from 0 to 100 on the scale
below, where

  0 =             and            100 = 
 ""not at all""                    ""most possible""",causal-attr-first,CR,0
sub_71162,2214,28,postBlock3,0,2,"During the last block, how much did you
FEEL A SENSE OF ACHIEVEMENT when you
sucessfully hit the required power level?


Please rate from 0 to 100 on the scale
below, where

  0 =             and            100 = 
 ""not at all""                    ""most possible""",causal-attr-first,CR,0
sub_71162,2215,50,postBlock1,0,2,"During the last block, how much did you
FEEL A SENSE OF ACHIEVEMENT when you
sucessfully hit the required power level?


Please rate from 0 to 100 on the scale
below, where

  0 =             and            100 = 
 ""not at all""                    ""most possible""",causal-attr-first,CR,0
sub_71162,2216,40,postBlock2,0,2,"During the last block, how much did you
FEEL A SENSE OF ACHIEVEMENT when you
sucessfully hit the required power level?


Please rate from 0 to 100 on the scale
below, where

  0 =             and            100 = 
 ""not at all""                    ""most possible""",causal-attr-first,CR,0
sub_71162,2217,56,postBlock0,0,3,"During the last block, how much did you
FEEL BORED?
Please rate from 0 to 100 on the scale
below, where

  0 =             and            100 = 
 ""not at all""                    ""most possible""",causal-attr-first,CR,0
sub_71162,2218,55,postBlock1,0,3,"During the last block, how much did you
FEEL BORED?
Please rate from 0 to 100 on the scale
below, where

  0 =             and            100 = 
 ""not at all""                    ""most possible""",causal-attr-first,CR,0
sub_71162,2219,81,postBlock3,0,3,"During the last block, how much did you
FEEL BORED?
Please rate from 0 to 100 on the scale
below, where

  0 =             and            100 = 
 ""not at all""                    ""most possible""",causal-attr-first,CR,0
sub_71162,2220,60,postBlock2,0,3,"During the last block, how much did you
FEEL BORED?
Please rate from 0 to 100 on the scale
below, where

  0 =             and            100 = 
 ""not at all""                    ""most possible""",causal-attr-first,CR,0
sub_18323,2221,28,postBlock3,0,1,"During the last block, how much did you
FEEL PLEASED
when you collected the coins?


Please rate from 0 to 100 on the scale
below, where

  0 =             and            100 = 
 ""not at all""                    ""most possible""",causal-attr-first,BA,0
sub_18323,2222,72,postBlock1,0,1,"During the last block, how much did you
FEEL PLEASED
when you collected the coins?


Please rate from 0 to 100 on the scale
below, where

  0 =             and            100 = 
 ""not at all""                    ""most possible""",causal-attr-first,BA,0
sub_18323,2223,97,postBlock2,0,1,"During the last block, how much did you
FEEL PLEASED
when you collected the coins?


Please rate from 0 to 100 on the scale
below, where

  0 =             and            100 = 
 ""not at all""                    ""most possible""",causal-attr-first,BA,0
sub_18323,2224,100,postBlock0,0,1,"During the last block, how much did you
FEEL PLEASED
when you collected the coins?


Please rate from 0 to 100 on the scale
below, where

  0 =             and            100 = 
 ""not at all""                    ""most possible""",causal-attr-first,BA,0
sub_18323,2225,99,postBlock0,0,2,"During the last block, how much did you
FEEL A SENSE OF ACHIEVEMENT when you
sucessfully hit the required power level?


Please rate from 0 to 100 on the scale
below, where

  0 =             and            100 = 
 ""not at all""                    ""most possible""",causal-attr-first,BA,0
sub_18323,2226,24,postBlock3,0,2,"During the last block, how much did you
FEEL A SENSE OF ACHIEVEMENT when you
sucessfully hit the required power level?


Please rate from 0 to 100 on the scale
below, where

  0 =             and            100 = 
 ""not at all""                    ""most possible""",causal-attr-first,BA,0
sub_18323,2227,68,postBlock1,0,2,"During the last block, how much did you
FEEL A SENSE OF ACHIEVEMENT when you
sucessfully hit the required power level?


Please rate from 0 to 100 on the scale
below, where

  0 =             and            100 = 
 ""not at all""                    ""most possible""",causal-attr-first,BA,0
sub_18323,2228,97,postBlock2,0,2,"During the last block, how much did you
FEEL A SENSE OF ACHIEVEMENT when you
sucessfully hit the required power level?


Please rate from 0 to 100 on the scale
below, where

  0 =             and            100 = 
 ""not at all""                    ""most possible""",causal-attr-first,BA,0
sub_18323,2229,87,postBlock0,0,3,"During the last block, how much did you
FEEL BORED?
Please rate from 0 to 100 on the scale
below, where

  0 =             and            100 = 
 ""not at all""                    ""most possible""",causal-attr-first,BA,0
sub_18323,2230,42,postBlock1,0,3,"During the last block, how much did you
FEEL BORED?
Please rate from 0 to 100 on the scale
below, where

  0 =             and            100 = 
 ""not at all""                    ""most possible""",causal-attr-first,BA,0
sub_18323,2231,99,postBlock3,0,3,"During the last block, how much did you
FEEL BORED?
Please rate from 0 to 100 on the scale
below, where

  0 =             and            100 = 
 ""not at all""                    ""most possible""",causal-attr-first,BA,0
sub_18323,2232,73,postBlock2,0,3,"During the last block, how much did you
FEEL BORED?
Please rate from 0 to 100 on the scale
below, where

  0 =             and            100 = 
 ""not at all""                    ""most possible""",causal-attr-first,BA,0
sub_55242,2233,44,postBlock3,0,1,"During the last block, how much did you
FEEL PLEASED
when you collected the coins?


Please rate from 0 to 100 on the scale
below, where

  0 =             and            100 = 
 ""not at all""                    ""most possible""",causal-attr-first,CR,0
sub_55242,2234,81,postBlock1,0,1,"During the last block, how much did you
FEEL PLEASED
when you collected the coins?


Please rate from 0 to 100 on the scale
below, where

  0 =             and            100 = 
 ""not at all""                    ""most possible""",causal-attr-first,CR,0
sub_55242,2235,60,postBlock2,0,1,"During the last block, how much did you
FEEL PLEASED
when you collected the coins?


Please rate from 0 to 100 on the scale
below, where

  0 =             and            100 = 
 ""not at all""                    ""most possible""",causal-attr-first,CR,0
sub_55242,2236,87,postBlock0,0,1,"During the last block, how much did you
FEEL PLEASED
when you collected the coins?


Please rate from 0 to 100 on the scale
below, where

  0 =             and            100 = 
 ""not at all""                    ""most possible""",causal-attr-first,CR,0
sub_55242,2237,97,postBlock0,0,2,"During the last block, how much did you
FEEL A SENSE OF ACHIEVEMENT when you
sucessfully hit the required power level?


Please rate from 0 to 100 on the scale
below, where

  0 =             and            100 = 
 ""not at all""                    ""most possible""",causal-attr-first,CR,0
sub_55242,2238,42,postBlock3,0,2,"During the last block, how much did you
FEEL A SENSE OF ACHIEVEMENT when you
sucessfully hit the required power level?


Please rate from 0 to 100 on the scale
below, where

  0 =             and            100 = 
 ""not at all""                    ""most possible""",causal-attr-first,CR,0
sub_55242,2239,86,postBlock1,0,2,"During the last block, how much did you
FEEL A SENSE OF ACHIEVEMENT when you
sucessfully hit the required power level?


Please rate from 0 to 100 on the scale
below, where

  0 =             and            100 = 
 ""not at all""                    ""most possible""",causal-attr-first,CR,0
sub_55242,2240,55,postBlock2,0,2,"During the last block, how much did you
FEEL A SENSE OF ACHIEVEMENT when you
sucessfully hit the required power level?


Please rate from 0 to 100 on the scale
below, where

  0 =             and            100 = 
 ""not at all""                    ""most possible""",causal-attr-first,CR,0
sub_55242,2241,66,postBlock0,0,3,"During the last block, how much did you
FEEL BORED?
Please rate from 0 to 100 on the scale
below, where

  0 =             and            100 = 
 ""not at all""                    ""most possible""",causal-attr-first,CR,0
sub_55242,2242,74,postBlock1,0,3,"During the last block, how much did you
FEEL BORED?
Please rate from 0 to 100 on the scale
below, where

  0 =             and            100 = 
 ""not at all""                    ""most possible""",causal-attr-first,CR,0
sub_55242,2243,99,postBlock3,0,3,"During the last block, how much did you
FEEL BORED?
Please rate from 0 to 100 on the scale
below, where

  0 =             and            100 = 
 ""not at all""                    ""most possible""",causal-attr-first,CR,0
sub_55242,2244,90,postBlock2,0,3,"During the last block, how much did you
FEEL BORED?
Please rate from 0 to 100 on the scale
below, where

  0 =             and            100 = 
 ""not at all""                    ""most possible""",causal-attr-first,CR,0
sub_70325,2245,85,postBlock3,0,1,"During the last block, how much did you
FEEL PLEASED
when you collected the coins?


Please rate from 0 to 100 on the scale
below, where

  0 =             and            100 = 
 ""not at all""                    ""most possible""",rew-eff-first,BA,0
sub_70325,2246,100,postBlock1,0,1,"During the last block, how much did you
FEEL PLEASED
when you collected the coins?


Please rate from 0 to 100 on the scale
below, where

  0 =             and            100 = 
 ""not at all""                    ""most possible""",rew-eff-first,BA,0
sub_70325,2247,100,postBlock2,0,1,"During the last block, how much did you
FEEL PLEASED
when you collected the coins?


Please rate from 0 to 100 on the scale
below, where

  0 =             and            100 = 
 ""not at all""                    ""most possible""",rew-eff-first,BA,0
sub_70325,2248,100,postBlock0,0,1,"During the last block, how much did you
FEEL PLEASED
when you collected the coins?


Please rate from 0 to 100 on the scale
below, where

  0 =             and            100 = 
 ""not at all""                    ""most possible""",rew-eff-first,BA,0
sub_70325,2249,100,postBlock0,0,2,"During the last block, how much did you
FEEL A SENSE OF ACHIEVEMENT when you
sucessfully hit the required power level?


Please rate from 0 to 100 on the scale
below, where

  0 =             and            100 = 
 ""not at all""                    ""most possible""",rew-eff-first,BA,0
sub_70325,2250,80,postBlock3,0,2,"During the last block, how much did you
FEEL A SENSE OF ACHIEVEMENT when you
sucessfully hit the required power level?


Please rate from 0 to 100 on the scale
below, where

  0 =             and            100 = 
 ""not at all""                    ""most possible""",rew-eff-first,BA,0
sub_70325,2251,100,postBlock1,0,2,"During the last block, how much did you
FEEL A SENSE OF ACHIEVEMENT when you
sucessfully hit the required power level?


Please rate from 0 to 100 on the scale
below, where

  0 =             and            100 = 
 ""not at all""                    ""most possible""",rew-eff-first,BA,0
sub_70325,2252,90,postBlock2,0,2,"During the last block, how much did you
FEEL A SENSE OF ACHIEVEMENT when you
sucessfully hit the required power level?


Please rate from 0 to 100 on the scale
below, where

  0 =             and            100 = 
 ""not at all""                    ""most possible""",rew-eff-first,BA,0
sub_70325,2253,0,postBlock0,0,3,"During the last block, how much did you
FEEL BORED?
Please rate from 0 to 100 on the scale
below, where

  0 =             and            100 = 
 ""not at all""                    ""most possible""",rew-eff-first,BA,0
sub_70325,2254,1,postBlock1,0,3,"During the last block, how much did you
FEEL BORED?
Please rate from 0 to 100 on the scale
below, where

  0 =             and            100 = 
 ""not at all""                    ""most possible""",rew-eff-first,BA,0
sub_70325,2255,20,postBlock3,0,3,"During the last block, how much did you
FEEL BORED?
Please rate from 0 to 100 on the scale
below, where

  0 =             and            100 = 
 ""not at all""                    ""most possible""",rew-eff-first,BA,0
sub_70325,2256,10,postBlock2,0,3,"During the last block, how much did you
FEEL BORED?
Please rate from 0 to 100 on the scale
below, where

  0 =             and            100 = 
 ""not at all""                    ""most possible""",rew-eff-first,BA,0
