subID,...1,answer,questionStage,taskN,questionNo,question,taskCond,timepoint
sub_71412,1,59,postBlock0,1,1,"During the last block, how much did you
FEEL PLEASED
when you collected the coins?


Please rate from 0 to 100 on the scale
below, where

  0 =             and            100 = 
 ""not at all""                    ""most possible""",causal-attr-first,1
sub_71412,2,49,postBlock1,1,1,"During the last block, how much did you
FEEL PLEASED
when you collected the coins?


Please rate from 0 to 100 on the scale
below, where

  0 =             and            100 = 
 ""not at all""                    ""most possible""",causal-attr-first,1
sub_71412,3,28,postBlock3,1,1,"During the last block, how much did you
FEEL PLEASED
when you collected the coins?


Please rate from 0 to 100 on the scale
below, where

  0 =             and            100 = 
 ""not at all""                    ""most possible""",causal-attr-first,1
sub_71412,4,32,postBlock2,1,1,"During the last block, how much did you
FEEL PLEASED
when you collected the coins?


Please rate from 0 to 100 on the scale
below, where

  0 =             and            100 = 
 ""not at all""                    ""most possible""",causal-attr-first,1
sub_71412,5,29,postBlock2,1,2,"During the last block, how much did you
FEEL A SENSE OF ACHIEVEMENT when you
sucessfully hit the required power level?


Please rate from 0 to 100 on the scale
below, where

  0 =             and            100 = 
 ""not at all""                    ""most possible""",causal-attr-first,1
sub_71412,6,35,postBlock0,1,2,"During the last block, how much did you
FEEL A SENSE OF ACHIEVEMENT when you
sucessfully hit the required power level?


Please rate from 0 to 100 on the scale
below, where

  0 =             and            100 = 
 ""not at all""                    ""most possible""",causal-attr-first,1
sub_71412,7,40,postBlock1,1,2,"During the last block, how much did you
FEEL A SENSE OF ACHIEVEMENT when you
sucessfully hit the required power level?


Please rate from 0 to 100 on the scale
below, where

  0 =             and            100 = 
 ""not at all""                    ""most possible""",causal-attr-first,1
sub_71412,8,17,postBlock3,1,2,"During the last block, how much did you
FEEL A SENSE OF ACHIEVEMENT when you
sucessfully hit the required power level?


Please rate from 0 to 100 on the scale
below, where

  0 =             and            100 = 
 ""not at all""                    ""most possible""",causal-attr-first,1
sub_71412,9,78,postBlock0,1,3,"During the last block, how much did you
FEEL BORED?
Please rate from 0 to 100 on the scale
below, where

  0 =             and            100 = 
 ""not at all""                    ""most possible""",causal-attr-first,1
sub_71412,10,79,postBlock1,1,3,"During the last block, how much did you
FEEL BORED?
Please rate from 0 to 100 on the scale
below, where

  0 =             and            100 = 
 ""not at all""                    ""most possible""",causal-attr-first,1
sub_71412,11,94,postBlock3,1,3,"During the last block, how much did you
FEEL BORED?
Please rate from 0 to 100 on the scale
below, where

  0 =             and            100 = 
 ""not at all""                    ""most possible""",causal-attr-first,1
sub_71412,12,89,postBlock2,1,3,"During the last block, how much did you
FEEL BORED?
Please rate from 0 to 100 on the scale
below, where

  0 =             and            100 = 
 ""not at all""                    ""most possible""",causal-attr-first,1
sub_84361,13,84,postBlock0,1,1,"During the last block, how much did you
FEEL PLEASED
when you collected the coins?


Please rate from 0 to 100 on the scale
below, where

  0 =             and            100 = 
 ""not at all""                    ""most possible""",causal-attr-first,1
sub_84361,14,80,postBlock1,1,1,"During the last block, how much did you
FEEL PLEASED
when you collected the coins?


Please rate from 0 to 100 on the scale
below, where

  0 =             and            100 = 
 ""not at all""                    ""most possible""",causal-attr-first,1
sub_84361,15,71,postBlock3,1,1,"During the last block, how much did you
FEEL PLEASED
when you collected the coins?


Please rate from 0 to 100 on the scale
below, where

  0 =             and            100 = 
 ""not at all""                    ""most possible""",causal-attr-first,1
sub_84361,16,59,postBlock2,1,1,"During the last block, how much did you
FEEL PLEASED
when you collected the coins?


Please rate from 0 to 100 on the scale
below, where

  0 =             and            100 = 
 ""not at all""                    ""most possible""",causal-attr-first,1
sub_84361,17,67,postBlock2,1,2,"During the last block, how much did you
FEEL A SENSE OF ACHIEVEMENT when you
sucessfully hit the required power level?


Please rate from 0 to 100 on the scale
below, where

  0 =             and            100 = 
 ""not at all""                    ""most possible""",causal-attr-first,1
sub_84361,18,69,postBlock0,1,2,"During the last block, how much did you
FEEL A SENSE OF ACHIEVEMENT when you
sucessfully hit the required power level?


Please rate from 0 to 100 on the scale
below, where

  0 =             and            100 = 
 ""not at all""                    ""most possible""",causal-attr-first,1
sub_84361,19,87,postBlock1,1,2,"During the last block, how much did you
FEEL A SENSE OF ACHIEVEMENT when you
sucessfully hit the required power level?


Please rate from 0 to 100 on the scale
below, where

  0 =             and            100 = 
 ""not at all""                    ""most possible""",causal-attr-first,1
sub_84361,20,53,postBlock3,1,2,"During the last block, how much did you
FEEL A SENSE OF ACHIEVEMENT when you
sucessfully hit the required power level?


Please rate from 0 to 100 on the scale
below, where

  0 =             and            100 = 
 ""not at all""                    ""most possible""",causal-attr-first,1
sub_84361,21,41,postBlock0,1,3,"During the last block, how much did you
FEEL BORED?
Please rate from 0 to 100 on the scale
below, where

  0 =             and            100 = 
 ""not at all""                    ""most possible""",causal-attr-first,1
sub_84361,22,16,postBlock1,1,3,"During the last block, how much did you
FEEL BORED?
Please rate from 0 to 100 on the scale
below, where

  0 =             and            100 = 
 ""not at all""                    ""most possible""",causal-attr-first,1
sub_84361,23,63,postBlock3,1,3,"During the last block, how much did you
FEEL BORED?
Please rate from 0 to 100 on the scale
below, where

  0 =             and            100 = 
 ""not at all""                    ""most possible""",causal-attr-first,1
sub_84361,24,43,postBlock2,1,3,"During the last block, how much did you
FEEL BORED?
Please rate from 0 to 100 on the scale
below, where

  0 =             and            100 = 
 ""not at all""                    ""most possible""",causal-attr-first,1
sub_57127,25,55,postBlock0,1,1,"During the last block, how much did you
FEEL PLEASED
when you collected the coins?


Please rate from 0 to 100 on the scale
below, where

  0 =             and            100 = 
 ""not at all""                    ""most possible""",rew-eff-first,1
sub_57127,26,68,postBlock1,1,1,"During the last block, how much did you
FEEL PLEASED
when you collected the coins?


Please rate from 0 to 100 on the scale
below, where

  0 =             and            100 = 
 ""not at all""                    ""most possible""",rew-eff-first,1
sub_57127,27,72,postBlock3,1,1,"During the last block, how much did you
FEEL PLEASED
when you collected the coins?


Please rate from 0 to 100 on the scale
below, where

  0 =             and            100 = 
 ""not at all""                    ""most possible""",rew-eff-first,1
sub_57127,28,73,postBlock2,1,1,"During the last block, how much did you
FEEL PLEASED
when you collected the coins?


Please rate from 0 to 100 on the scale
below, where

  0 =             and            100 = 
 ""not at all""                    ""most possible""",rew-eff-first,1
sub_57127,29,72,postBlock2,1,2,"During the last block, how much did you
FEEL A SENSE OF ACHIEVEMENT when you
sucessfully hit the required power level?


Please rate from 0 to 100 on the scale
below, where

  0 =             and            100 = 
 ""not at all""                    ""most possible""",rew-eff-first,1
sub_57127,30,80,postBlock0,1,2,"During the last block, how much did you
FEEL A SENSE OF ACHIEVEMENT when you
sucessfully hit the required power level?


Please rate from 0 to 100 on the scale
below, where

  0 =             and            100 = 
 ""not at all""                    ""most possible""",rew-eff-first,1
sub_57127,31,80,postBlock1,1,2,"During the last block, how much did you
FEEL A SENSE OF ACHIEVEMENT when you
sucessfully hit the required power level?


Please rate from 0 to 100 on the scale
below, where

  0 =             and            100 = 
 ""not at all""                    ""most possible""",rew-eff-first,1
sub_57127,32,67,postBlock3,1,2,"During the last block, how much did you
FEEL A SENSE OF ACHIEVEMENT when you
sucessfully hit the required power level?


Please rate from 0 to 100 on the scale
below, where

  0 =             and            100 = 
 ""not at all""                    ""most possible""",rew-eff-first,1
sub_57127,33,68,postBlock0,1,3,"During the last block, how much did you
FEEL BORED?
Please rate from 0 to 100 on the scale
below, where

  0 =             and            100 = 
 ""not at all""                    ""most possible""",rew-eff-first,1
sub_57127,34,54,postBlock1,1,3,"During the last block, how much did you
FEEL BORED?
Please rate from 0 to 100 on the scale
below, where

  0 =             and            100 = 
 ""not at all""                    ""most possible""",rew-eff-first,1
sub_57127,35,61,postBlock3,1,3,"During the last block, how much did you
FEEL BORED?
Please rate from 0 to 100 on the scale
below, where

  0 =             and            100 = 
 ""not at all""                    ""most possible""",rew-eff-first,1
sub_57127,36,59,postBlock2,1,3,"During the last block, how much did you
FEEL BORED?
Please rate from 0 to 100 on the scale
below, where

  0 =             and            100 = 
 ""not at all""                    ""most possible""",rew-eff-first,1
sub_71604,37,70,postBlock0,1,1,"During the last block, how much did you
FEEL PLEASED
when you collected the coins?


Please rate from 0 to 100 on the scale
below, where

  0 =             and            100 = 
 ""not at all""                    ""most possible""",causal-attr-first,1
sub_71604,38,89,postBlock1,1,1,"During the last block, how much did you
FEEL PLEASED
when you collected the coins?


Please rate from 0 to 100 on the scale
below, where

  0 =             and            100 = 
 ""not at all""                    ""most possible""",causal-attr-first,1
sub_71604,39,85,postBlock3,1,1,"During the last block, how much did you
FEEL PLEASED
when you collected the coins?


Please rate from 0 to 100 on the scale
below, where

  0 =             and            100 = 
 ""not at all""                    ""most possible""",causal-attr-first,1
sub_71604,40,87,postBlock2,1,1,"During the last block, how much did you
FEEL PLEASED
when you collected the coins?


Please rate from 0 to 100 on the scale
below, where

  0 =             and            100 = 
 ""not at all""                    ""most possible""",causal-attr-first,1
sub_71604,41,89,postBlock2,1,2,"During the last block, how much did you
FEEL A SENSE OF ACHIEVEMENT when you
sucessfully hit the required power level?


Please rate from 0 to 100 on the scale
below, where

  0 =             and            100 = 
 ""not at all""                    ""most possible""",causal-attr-first,1
sub_71604,42,89,postBlock0,1,2,"During the last block, how much did you
FEEL A SENSE OF ACHIEVEMENT when you
sucessfully hit the required power level?


Please rate from 0 to 100 on the scale
below, where

  0 =             and            100 = 
 ""not at all""                    ""most possible""",causal-attr-first,1
sub_71604,43,83,postBlock1,1,2,"During the last block, how much did you
FEEL A SENSE OF ACHIEVEMENT when you
sucessfully hit the required power level?


Please rate from 0 to 100 on the scale
below, where

  0 =             and            100 = 
 ""not at all""                    ""most possible""",causal-attr-first,1
sub_71604,44,76,postBlock3,1,2,"During the last block, how much did you
FEEL A SENSE OF ACHIEVEMENT when you
sucessfully hit the required power level?


Please rate from 0 to 100 on the scale
below, where

  0 =             and            100 = 
 ""not at all""                    ""most possible""",causal-attr-first,1
sub_71604,45,86,postBlock0,1,3,"During the last block, how much did you
FEEL BORED?
Please rate from 0 to 100 on the scale
below, where

  0 =             and            100 = 
 ""not at all""                    ""most possible""",causal-attr-first,1
sub_71604,46,30,postBlock1,1,3,"During the last block, how much did you
FEEL BORED?
Please rate from 0 to 100 on the scale
below, where

  0 =             and            100 = 
 ""not at all""                    ""most possible""",causal-attr-first,1
sub_71604,47,33,postBlock3,1,3,"During the last block, how much did you
FEEL BORED?
Please rate from 0 to 100 on the scale
below, where

  0 =             and            100 = 
 ""not at all""                    ""most possible""",causal-attr-first,1
sub_71604,48,12,postBlock2,1,3,"During the last block, how much did you
FEEL BORED?
Please rate from 0 to 100 on the scale
below, where

  0 =             and            100 = 
 ""not at all""                    ""most possible""",causal-attr-first,1
sub_19090,49,100,postBlock0,1,1,"During the last block, how much did you
FEEL PLEASED
when you collected the coins?


Please rate from 0 to 100 on the scale
below, where

  0 =             and            100 = 
 ""not at all""                    ""most possible""",rew-eff-first,1
sub_19090,50,100,postBlock1,1,1,"During the last block, how much did you
FEEL PLEASED
when you collected the coins?


Please rate from 0 to 100 on the scale
below, where

  0 =             and            100 = 
 ""not at all""                    ""most possible""",rew-eff-first,1
sub_19090,51,100,postBlock3,1,1,"During the last block, how much did you
FEEL PLEASED
when you collected the coins?


Please rate from 0 to 100 on the scale
below, where

  0 =             and            100 = 
 ""not at all""                    ""most possible""",rew-eff-first,1
sub_19090,52,100,postBlock2,1,1,"During the last block, how much did you
FEEL PLEASED
when you collected the coins?


Please rate from 0 to 100 on the scale
below, where

  0 =             and            100 = 
 ""not at all""                    ""most possible""",rew-eff-first,1
sub_19090,53,100,postBlock2,1,2,"During the last block, how much did you
FEEL A SENSE OF ACHIEVEMENT when you
sucessfully hit the required power level?


Please rate from 0 to 100 on the scale
below, where

  0 =             and            100 = 
 ""not at all""                    ""most possible""",rew-eff-first,1
sub_19090,54,100,postBlock0,1,2,"During the last block, how much did you
FEEL A SENSE OF ACHIEVEMENT when you
sucessfully hit the required power level?


Please rate from 0 to 100 on the scale
below, where

  0 =             and            100 = 
 ""not at all""                    ""most possible""",rew-eff-first,1
sub_19090,55,100,postBlock1,1,2,"During the last block, how much did you
FEEL A SENSE OF ACHIEVEMENT when you
sucessfully hit the required power level?


Please rate from 0 to 100 on the scale
below, where

  0 =             and            100 = 
 ""not at all""                    ""most possible""",rew-eff-first,1
sub_19090,56,100,postBlock3,1,2,"During the last block, how much did you
FEEL A SENSE OF ACHIEVEMENT when you
sucessfully hit the required power level?


Please rate from 0 to 100 on the scale
below, where

  0 =             and            100 = 
 ""not at all""                    ""most possible""",rew-eff-first,1
sub_19090,57,0,postBlock0,1,3,"During the last block, how much did you
FEEL BORED?
Please rate from 0 to 100 on the scale
below, where

  0 =             and            100 = 
 ""not at all""                    ""most possible""",rew-eff-first,1
sub_19090,58,0,postBlock1,1,3,"During the last block, how much did you
FEEL BORED?
Please rate from 0 to 100 on the scale
below, where

  0 =             and            100 = 
 ""not at all""                    ""most possible""",rew-eff-first,1
sub_19090,59,0,postBlock3,1,3,"During the last block, how much did you
FEEL BORED?
Please rate from 0 to 100 on the scale
below, where

  0 =             and            100 = 
 ""not at all""                    ""most possible""",rew-eff-first,1
sub_19090,60,0,postBlock2,1,3,"During the last block, how much did you
FEEL BORED?
Please rate from 0 to 100 on the scale
below, where

  0 =             and            100 = 
 ""not at all""                    ""most possible""",rew-eff-first,1
sub_69358,61,84,postBlock0,1,1,"During the last block, how much did you
FEEL PLEASED
when you collected the coins?


Please rate from 0 to 100 on the scale
below, where

  0 =             and            100 = 
 ""not at all""                    ""most possible""",causal-attr-first,1
sub_69358,62,80,postBlock1,1,1,"During the last block, how much did you
FEEL PLEASED
when you collected the coins?


Please rate from 0 to 100 on the scale
below, where

  0 =             and            100 = 
 ""not at all""                    ""most possible""",causal-attr-first,1
sub_69358,63,80,postBlock3,1,1,"During the last block, how much did you
FEEL PLEASED
when you collected the coins?


Please rate from 0 to 100 on the scale
below, where

  0 =             and            100 = 
 ""not at all""                    ""most possible""",causal-attr-first,1
sub_69358,64,94,postBlock2,1,1,"During the last block, how much did you
FEEL PLEASED
when you collected the coins?


Please rate from 0 to 100 on the scale
below, where

  0 =             and            100 = 
 ""not at all""                    ""most possible""",causal-attr-first,1
sub_69358,65,94,postBlock2,1,2,"During the last block, how much did you
FEEL A SENSE OF ACHIEVEMENT when you
sucessfully hit the required power level?


Please rate from 0 to 100 on the scale
below, where

  0 =             and            100 = 
 ""not at all""                    ""most possible""",causal-attr-first,1
sub_69358,66,91,postBlock0,1,2,"During the last block, how much did you
FEEL A SENSE OF ACHIEVEMENT when you
sucessfully hit the required power level?


Please rate from 0 to 100 on the scale
below, where

  0 =             and            100 = 
 ""not at all""                    ""most possible""",causal-attr-first,1
sub_69358,67,90,postBlock1,1,2,"During the last block, how much did you
FEEL A SENSE OF ACHIEVEMENT when you
sucessfully hit the required power level?


Please rate from 0 to 100 on the scale
below, where

  0 =             and            100 = 
 ""not at all""                    ""most possible""",causal-attr-first,1
sub_69358,68,88,postBlock3,1,2,"During the last block, how much did you
FEEL A SENSE OF ACHIEVEMENT when you
sucessfully hit the required power level?


Please rate from 0 to 100 on the scale
below, where

  0 =             and            100 = 
 ""not at all""                    ""most possible""",causal-attr-first,1
sub_69358,69,9,postBlock0,1,3,"During the last block, how much did you
FEEL BORED?
Please rate from 0 to 100 on the scale
below, where

  0 =             and            100 = 
 ""not at all""                    ""most possible""",causal-attr-first,1
sub_69358,70,29,postBlock1,1,3,"During the last block, how much did you
FEEL BORED?
Please rate from 0 to 100 on the scale
below, where

  0 =             and            100 = 
 ""not at all""                    ""most possible""",causal-attr-first,1
sub_69358,71,18,postBlock3,1,3,"During the last block, how much did you
FEEL BORED?
Please rate from 0 to 100 on the scale
below, where

  0 =             and            100 = 
 ""not at all""                    ""most possible""",causal-attr-first,1
sub_69358,72,6,postBlock2,1,3,"During the last block, how much did you
FEEL BORED?
Please rate from 0 to 100 on the scale
below, where

  0 =             and            100 = 
 ""not at all""                    ""most possible""",causal-attr-first,1
sub_23609,73,88,postBlock0,1,1,"During the last block, how much did you
FEEL PLEASED
when you collected the coins?


Please rate from 0 to 100 on the scale
below, where

  0 =             and            100 = 
 ""not at all""                    ""most possible""",causal-attr-first,1
sub_23609,74,96,postBlock1,1,1,"During the last block, how much did you
FEEL PLEASED
when you collected the coins?


Please rate from 0 to 100 on the scale
below, where

  0 =             and            100 = 
 ""not at all""                    ""most possible""",causal-attr-first,1
sub_23609,75,95,postBlock3,1,1,"During the last block, how much did you
FEEL PLEASED
when you collected the coins?


Please rate from 0 to 100 on the scale
below, where

  0 =             and            100 = 
 ""not at all""                    ""most possible""",causal-attr-first,1
sub_23609,76,98,postBlock2,1,1,"During the last block, how much did you
FEEL PLEASED
when you collected the coins?


Please rate from 0 to 100 on the scale
below, where

  0 =             and            100 = 
 ""not at all""                    ""most possible""",causal-attr-first,1
sub_23609,77,96,postBlock2,1,2,"During the last block, how much did you
FEEL A SENSE OF ACHIEVEMENT when you
sucessfully hit the required power level?


Please rate from 0 to 100 on the scale
below, where

  0 =             and            100 = 
 ""not at all""                    ""most possible""",causal-attr-first,1
sub_23609,78,95,postBlock0,1,2,"During the last block, how much did you
FEEL A SENSE OF ACHIEVEMENT when you
sucessfully hit the required power level?


Please rate from 0 to 100 on the scale
below, where

  0 =             and            100 = 
 ""not at all""                    ""most possible""",causal-attr-first,1
sub_23609,79,97,postBlock1,1,2,"During the last block, how much did you
FEEL A SENSE OF ACHIEVEMENT when you
sucessfully hit the required power level?


Please rate from 0 to 100 on the scale
below, where

  0 =             and            100 = 
 ""not at all""                    ""most possible""",causal-attr-first,1
sub_23609,80,97,postBlock3,1,2,"During the last block, how much did you
FEEL A SENSE OF ACHIEVEMENT when you
sucessfully hit the required power level?


Please rate from 0 to 100 on the scale
below, where

  0 =             and            100 = 
 ""not at all""                    ""most possible""",causal-attr-first,1
sub_23609,81,8,postBlock0,1,3,"During the last block, how much did you
FEEL BORED?
Please rate from 0 to 100 on the scale
below, where

  0 =             and            100 = 
 ""not at all""                    ""most possible""",causal-attr-first,1
sub_23609,82,7,postBlock1,1,3,"During the last block, how much did you
FEEL BORED?
Please rate from 0 to 100 on the scale
below, where

  0 =             and            100 = 
 ""not at all""                    ""most possible""",causal-attr-first,1
sub_23609,83,12,postBlock3,1,3,"During the last block, how much did you
FEEL BORED?
Please rate from 0 to 100 on the scale
below, where

  0 =             and            100 = 
 ""not at all""                    ""most possible""",causal-attr-first,1
sub_23609,84,6,postBlock2,1,3,"During the last block, how much did you
FEEL BORED?
Please rate from 0 to 100 on the scale
below, where

  0 =             and            100 = 
 ""not at all""                    ""most possible""",causal-attr-first,1
sub_98260,85,97,postBlock0,1,1,"During the last block, how much did you
FEEL PLEASED
when you collected the coins?


Please rate from 0 to 100 on the scale
below, where

  0 =             and            100 = 
 ""not at all""                    ""most possible""",causal-attr-first,1
sub_98260,86,97,postBlock1,1,1,"During the last block, how much did you
FEEL PLEASED
when you collected the coins?


Please rate from 0 to 100 on the scale
below, where

  0 =             and            100 = 
 ""not at all""                    ""most possible""",causal-attr-first,1
sub_98260,87,96,postBlock3,1,1,"During the last block, how much did you
FEEL PLEASED
when you collected the coins?


Please rate from 0 to 100 on the scale
below, where

  0 =             and            100 = 
 ""not at all""                    ""most possible""",causal-attr-first,1
sub_98260,88,95,postBlock2,1,1,"During the last block, how much did you
FEEL PLEASED
when you collected the coins?


Please rate from 0 to 100 on the scale
below, where

  0 =             and            100 = 
 ""not at all""                    ""most possible""",causal-attr-first,1
sub_98260,89,90,postBlock2,1,2,"During the last block, how much did you
FEEL A SENSE OF ACHIEVEMENT when you
sucessfully hit the required power level?


Please rate from 0 to 100 on the scale
below, where

  0 =             and            100 = 
 ""not at all""                    ""most possible""",causal-attr-first,1
sub_98260,90,91,postBlock0,1,2,"During the last block, how much did you
FEEL A SENSE OF ACHIEVEMENT when you
sucessfully hit the required power level?


Please rate from 0 to 100 on the scale
below, where

  0 =             and            100 = 
 ""not at all""                    ""most possible""",causal-attr-first,1
sub_98260,91,98,postBlock1,1,2,"During the last block, how much did you
FEEL A SENSE OF ACHIEVEMENT when you
sucessfully hit the required power level?


Please rate from 0 to 100 on the scale
below, where

  0 =             and            100 = 
 ""not at all""                    ""most possible""",causal-attr-first,1
sub_98260,92,99,postBlock3,1,2,"During the last block, how much did you
FEEL A SENSE OF ACHIEVEMENT when you
sucessfully hit the required power level?


Please rate from 0 to 100 on the scale
below, where

  0 =             and            100 = 
 ""not at all""                    ""most possible""",causal-attr-first,1
sub_98260,93,3,postBlock0,1,3,"During the last block, how much did you
FEEL BORED?
Please rate from 0 to 100 on the scale
below, where

  0 =             and            100 = 
 ""not at all""                    ""most possible""",causal-attr-first,1
sub_98260,94,1,postBlock1,1,3,"During the last block, how much did you
FEEL BORED?
Please rate from 0 to 100 on the scale
below, where

  0 =             and            100 = 
 ""not at all""                    ""most possible""",causal-attr-first,1
sub_98260,95,0,postBlock3,1,3,"During the last block, how much did you
FEEL BORED?
Please rate from 0 to 100 on the scale
below, where

  0 =             and            100 = 
 ""not at all""                    ""most possible""",causal-attr-first,1
sub_98260,96,6,postBlock2,1,3,"During the last block, how much did you
FEEL BORED?
Please rate from 0 to 100 on the scale
below, where

  0 =             and            100 = 
 ""not at all""                    ""most possible""",causal-attr-first,1
sub_21223,97,15,postBlock0,1,1,"During the last block, how much did you
FEEL PLEASED
when you collected the coins?


Please rate from 0 to 100 on the scale
below, where

  0 =             and            100 = 
 ""not at all""                    ""most possible""",rew-eff-first,1
sub_21223,98,15,postBlock1,1,1,"During the last block, how much did you
FEEL PLEASED
when you collected the coins?


Please rate from 0 to 100 on the scale
below, where

  0 =             and            100 = 
 ""not at all""                    ""most possible""",rew-eff-first,1
sub_21223,99,11,postBlock3,1,1,"During the last block, how much did you
FEEL PLEASED
when you collected the coins?


Please rate from 0 to 100 on the scale
below, where

  0 =             and            100 = 
 ""not at all""                    ""most possible""",rew-eff-first,1
sub_21223,100,13,postBlock2,1,1,"During the last block, how much did you
FEEL PLEASED
when you collected the coins?


Please rate from 0 to 100 on the scale
below, where

  0 =             and            100 = 
 ""not at all""                    ""most possible""",rew-eff-first,1
sub_21223,101,26,postBlock2,1,2,"During the last block, how much did you
FEEL A SENSE OF ACHIEVEMENT when you
sucessfully hit the required power level?


Please rate from 0 to 100 on the scale
below, where

  0 =             and            100 = 
 ""not at all""                    ""most possible""",rew-eff-first,1
sub_21223,102,64,postBlock0,1,2,"During the last block, how much did you
FEEL A SENSE OF ACHIEVEMENT when you
sucessfully hit the required power level?


Please rate from 0 to 100 on the scale
below, where

  0 =             and            100 = 
 ""not at all""                    ""most possible""",rew-eff-first,1
sub_21223,103,31,postBlock1,1,2,"During the last block, how much did you
FEEL A SENSE OF ACHIEVEMENT when you
sucessfully hit the required power level?


Please rate from 0 to 100 on the scale
below, where

  0 =             and            100 = 
 ""not at all""                    ""most possible""",rew-eff-first,1
sub_21223,104,17,postBlock3,1,2,"During the last block, how much did you
FEEL A SENSE OF ACHIEVEMENT when you
sucessfully hit the required power level?


Please rate from 0 to 100 on the scale
below, where

  0 =             and            100 = 
 ""not at all""                    ""most possible""",rew-eff-first,1
sub_21223,105,79,postBlock0,1,3,"During the last block, how much did you
FEEL BORED?
Please rate from 0 to 100 on the scale
below, where

  0 =             and            100 = 
 ""not at all""                    ""most possible""",rew-eff-first,1
sub_21223,106,68,postBlock1,1,3,"During the last block, how much did you
FEEL BORED?
Please rate from 0 to 100 on the scale
below, where

  0 =             and            100 = 
 ""not at all""                    ""most possible""",rew-eff-first,1
sub_21223,107,77,postBlock3,1,3,"During the last block, how much did you
FEEL BORED?
Please rate from 0 to 100 on the scale
below, where

  0 =             and            100 = 
 ""not at all""                    ""most possible""",rew-eff-first,1
sub_21223,108,64,postBlock2,1,3,"During the last block, how much did you
FEEL BORED?
Please rate from 0 to 100 on the scale
below, where

  0 =             and            100 = 
 ""not at all""                    ""most possible""",rew-eff-first,1
sub_87953,109,50,postBlock0,1,1,"During the last block, how much did you
FEEL PLEASED
when you collected the coins?


Please rate from 0 to 100 on the scale
below, where

  0 =             and            100 = 
 ""not at all""                    ""most possible""",rew-eff-first,1
sub_87953,110,50,postBlock1,1,1,"During the last block, how much did you
FEEL PLEASED
when you collected the coins?


Please rate from 0 to 100 on the scale
below, where

  0 =             and            100 = 
 ""not at all""                    ""most possible""",rew-eff-first,1
sub_87953,111,50,postBlock3,1,1,"During the last block, how much did you
FEEL PLEASED
when you collected the coins?


Please rate from 0 to 100 on the scale
below, where

  0 =             and            100 = 
 ""not at all""                    ""most possible""",rew-eff-first,1
sub_87953,112,50,postBlock2,1,1,"During the last block, how much did you
FEEL PLEASED
when you collected the coins?


Please rate from 0 to 100 on the scale
below, where

  0 =             and            100 = 
 ""not at all""                    ""most possible""",rew-eff-first,1
sub_87953,113,50,postBlock2,1,2,"During the last block, how much did you
FEEL A SENSE OF ACHIEVEMENT when you
sucessfully hit the required power level?


Please rate from 0 to 100 on the scale
below, where

  0 =             and            100 = 
 ""not at all""                    ""most possible""",rew-eff-first,1
sub_87953,114,50,postBlock0,1,2,"During the last block, how much did you
FEEL A SENSE OF ACHIEVEMENT when you
sucessfully hit the required power level?


Please rate from 0 to 100 on the scale
below, where

  0 =             and            100 = 
 ""not at all""                    ""most possible""",rew-eff-first,1
sub_87953,115,50,postBlock1,1,2,"During the last block, how much did you
FEEL A SENSE OF ACHIEVEMENT when you
sucessfully hit the required power level?


Please rate from 0 to 100 on the scale
below, where

  0 =             and            100 = 
 ""not at all""                    ""most possible""",rew-eff-first,1
sub_87953,116,50,postBlock3,1,2,"During the last block, how much did you
FEEL A SENSE OF ACHIEVEMENT when you
sucessfully hit the required power level?


Please rate from 0 to 100 on the scale
below, where

  0 =             and            100 = 
 ""not at all""                    ""most possible""",rew-eff-first,1
sub_87953,117,50,postBlock0,1,3,"During the last block, how much did you
FEEL BORED?
Please rate from 0 to 100 on the scale
below, where

  0 =             and            100 = 
 ""not at all""                    ""most possible""",rew-eff-first,1
sub_87953,118,60,postBlock1,1,3,"During the last block, how much did you
FEEL BORED?
Please rate from 0 to 100 on the scale
below, where

  0 =             and            100 = 
 ""not at all""                    ""most possible""",rew-eff-first,1
sub_87953,119,70,postBlock3,1,3,"During the last block, how much did you
FEEL BORED?
Please rate from 0 to 100 on the scale
below, where

  0 =             and            100 = 
 ""not at all""                    ""most possible""",rew-eff-first,1
sub_87953,120,70,postBlock2,1,3,"During the last block, how much did you
FEEL BORED?
Please rate from 0 to 100 on the scale
below, where

  0 =             and            100 = 
 ""not at all""                    ""most possible""",rew-eff-first,1
sub_91300,121,57,postBlock0,1,1,"During the last block, how much did you
FEEL PLEASED
when you collected the coins?


Please rate from 0 to 100 on the scale
below, where

  0 =             and            100 = 
 ""not at all""                    ""most possible""",causal-attr-first,1
sub_91300,122,54,postBlock1,1,1,"During the last block, how much did you
FEEL PLEASED
when you collected the coins?


Please rate from 0 to 100 on the scale
below, where

  0 =             and            100 = 
 ""not at all""                    ""most possible""",causal-attr-first,1
sub_91300,123,52,postBlock3,1,1,"During the last block, how much did you
FEEL PLEASED
when you collected the coins?


Please rate from 0 to 100 on the scale
below, where

  0 =             and            100 = 
 ""not at all""                    ""most possible""",causal-attr-first,1
sub_91300,124,51,postBlock2,1,1,"During the last block, how much did you
FEEL PLEASED
when you collected the coins?


Please rate from 0 to 100 on the scale
below, where

  0 =             and            100 = 
 ""not at all""                    ""most possible""",causal-attr-first,1
sub_91300,125,51,postBlock2,1,2,"During the last block, how much did you
FEEL A SENSE OF ACHIEVEMENT when you
sucessfully hit the required power level?


Please rate from 0 to 100 on the scale
below, where

  0 =             and            100 = 
 ""not at all""                    ""most possible""",causal-attr-first,1
sub_91300,126,51,postBlock0,1,2,"During the last block, how much did you
FEEL A SENSE OF ACHIEVEMENT when you
sucessfully hit the required power level?


Please rate from 0 to 100 on the scale
below, where

  0 =             and            100 = 
 ""not at all""                    ""most possible""",causal-attr-first,1
sub_91300,127,54,postBlock1,1,2,"During the last block, how much did you
FEEL A SENSE OF ACHIEVEMENT when you
sucessfully hit the required power level?


Please rate from 0 to 100 on the scale
below, where

  0 =             and            100 = 
 ""not at all""                    ""most possible""",causal-attr-first,1
sub_91300,128,51,postBlock3,1,2,"During the last block, how much did you
FEEL A SENSE OF ACHIEVEMENT when you
sucessfully hit the required power level?


Please rate from 0 to 100 on the scale
below, where

  0 =             and            100 = 
 ""not at all""                    ""most possible""",causal-attr-first,1
sub_91300,129,53,postBlock0,1,3,"During the last block, how much did you
FEEL BORED?
Please rate from 0 to 100 on the scale
below, where

  0 =             and            100 = 
 ""not at all""                    ""most possible""",causal-attr-first,1
sub_91300,130,53,postBlock1,1,3,"During the last block, how much did you
FEEL BORED?
Please rate from 0 to 100 on the scale
below, where

  0 =             and            100 = 
 ""not at all""                    ""most possible""",causal-attr-first,1
sub_91300,131,80,postBlock3,1,3,"During the last block, how much did you
FEEL BORED?
Please rate from 0 to 100 on the scale
below, where

  0 =             and            100 = 
 ""not at all""                    ""most possible""",causal-attr-first,1
sub_91300,132,51,postBlock2,1,3,"During the last block, how much did you
FEEL BORED?
Please rate from 0 to 100 on the scale
below, where

  0 =             and            100 = 
 ""not at all""                    ""most possible""",causal-attr-first,1
sub_46939,133,7,postBlock0,1,1,"During the last block, how much did you
FEEL PLEASED
when you collected the coins?


Please rate from 0 to 100 on the scale
below, where

  0 =             and            100 = 
 ""not at all""                    ""most possible""",causal-attr-first,1
sub_46939,134,3,postBlock1,1,1,"During the last block, how much did you
FEEL PLEASED
when you collected the coins?


Please rate from 0 to 100 on the scale
below, where

  0 =             and            100 = 
 ""not at all""                    ""most possible""",causal-attr-first,1
sub_46939,135,1,postBlock3,1,1,"During the last block, how much did you
FEEL PLEASED
when you collected the coins?


Please rate from 0 to 100 on the scale
below, where

  0 =             and            100 = 
 ""not at all""                    ""most possible""",causal-attr-first,1
sub_46939,136,0,postBlock2,1,1,"During the last block, how much did you
FEEL PLEASED
when you collected the coins?


Please rate from 0 to 100 on the scale
below, where

  0 =             and            100 = 
 ""not at all""                    ""most possible""",causal-attr-first,1
sub_46939,137,1,postBlock2,1,2,"During the last block, how much did you
FEEL A SENSE OF ACHIEVEMENT when you
sucessfully hit the required power level?


Please rate from 0 to 100 on the scale
below, where

  0 =             and            100 = 
 ""not at all""                    ""most possible""",causal-attr-first,1
sub_46939,138,1,postBlock0,1,2,"During the last block, how much did you
FEEL A SENSE OF ACHIEVEMENT when you
sucessfully hit the required power level?


Please rate from 0 to 100 on the scale
below, where

  0 =             and            100 = 
 ""not at all""                    ""most possible""",causal-attr-first,1
sub_46939,139,1,postBlock1,1,2,"During the last block, how much did you
FEEL A SENSE OF ACHIEVEMENT when you
sucessfully hit the required power level?


Please rate from 0 to 100 on the scale
below, where

  0 =             and            100 = 
 ""not at all""                    ""most possible""",causal-attr-first,1
sub_46939,140,2,postBlock3,1,2,"During the last block, how much did you
FEEL A SENSE OF ACHIEVEMENT when you
sucessfully hit the required power level?


Please rate from 0 to 100 on the scale
below, where

  0 =             and            100 = 
 ""not at all""                    ""most possible""",causal-attr-first,1
sub_46939,141,96,postBlock0,1,3,"During the last block, how much did you
FEEL BORED?
Please rate from 0 to 100 on the scale
below, where

  0 =             and            100 = 
 ""not at all""                    ""most possible""",causal-attr-first,1
sub_46939,142,100,postBlock1,1,3,"During the last block, how much did you
FEEL BORED?
Please rate from 0 to 100 on the scale
below, where

  0 =             and            100 = 
 ""not at all""                    ""most possible""",causal-attr-first,1
sub_46939,143,100,postBlock3,1,3,"During the last block, how much did you
FEEL BORED?
Please rate from 0 to 100 on the scale
below, where

  0 =             and            100 = 
 ""not at all""                    ""most possible""",causal-attr-first,1
sub_46939,144,98,postBlock2,1,3,"During the last block, how much did you
FEEL BORED?
Please rate from 0 to 100 on the scale
below, where

  0 =             and            100 = 
 ""not at all""                    ""most possible""",causal-attr-first,1
sub_81432,145,59,postBlock0,1,1,"During the last block, how much did you
FEEL PLEASED
when you collected the coins?


Please rate from 0 to 100 on the scale
below, where

  0 =             and            100 = 
 ""not at all""                    ""most possible""",rew-eff-first,1
sub_81432,146,54,postBlock1,1,1,"During the last block, how much did you
FEEL PLEASED
when you collected the coins?


Please rate from 0 to 100 on the scale
below, where

  0 =             and            100 = 
 ""not at all""                    ""most possible""",rew-eff-first,1
sub_81432,147,21,postBlock3,1,1,"During the last block, how much did you
FEEL PLEASED
when you collected the coins?


Please rate from 0 to 100 on the scale
below, where

  0 =             and            100 = 
 ""not at all""                    ""most possible""",rew-eff-first,1
sub_81432,148,48,postBlock2,1,1,"During the last block, how much did you
FEEL PLEASED
when you collected the coins?


Please rate from 0 to 100 on the scale
below, where

  0 =             and            100 = 
 ""not at all""                    ""most possible""",rew-eff-first,1
sub_81432,149,36,postBlock2,1,2,"During the last block, how much did you
FEEL A SENSE OF ACHIEVEMENT when you
sucessfully hit the required power level?


Please rate from 0 to 100 on the scale
below, where

  0 =             and            100 = 
 ""not at all""                    ""most possible""",rew-eff-first,1
sub_81432,150,54,postBlock0,1,2,"During the last block, how much did you
FEEL A SENSE OF ACHIEVEMENT when you
sucessfully hit the required power level?


Please rate from 0 to 100 on the scale
below, where

  0 =             and            100 = 
 ""not at all""                    ""most possible""",rew-eff-first,1
sub_81432,151,52,postBlock1,1,2,"During the last block, how much did you
FEEL A SENSE OF ACHIEVEMENT when you
sucessfully hit the required power level?


Please rate from 0 to 100 on the scale
below, where

  0 =             and            100 = 
 ""not at all""                    ""most possible""",rew-eff-first,1
sub_81432,152,25,postBlock3,1,2,"During the last block, how much did you
FEEL A SENSE OF ACHIEVEMENT when you
sucessfully hit the required power level?


Please rate from 0 to 100 on the scale
below, where

  0 =             and            100 = 
 ""not at all""                    ""most possible""",rew-eff-first,1
sub_81432,153,49,postBlock0,1,3,"During the last block, how much did you
FEEL BORED?
Please rate from 0 to 100 on the scale
below, where

  0 =             and            100 = 
 ""not at all""                    ""most possible""",rew-eff-first,1
sub_81432,154,37,postBlock1,1,3,"During the last block, how much did you
FEEL BORED?
Please rate from 0 to 100 on the scale
below, where

  0 =             and            100 = 
 ""not at all""                    ""most possible""",rew-eff-first,1
sub_81432,155,100,postBlock3,1,3,"During the last block, how much did you
FEEL BORED?
Please rate from 0 to 100 on the scale
below, where

  0 =             and            100 = 
 ""not at all""                    ""most possible""",rew-eff-first,1
sub_81432,156,85,postBlock2,1,3,"During the last block, how much did you
FEEL BORED?
Please rate from 0 to 100 on the scale
below, where

  0 =             and            100 = 
 ""not at all""                    ""most possible""",rew-eff-first,1
sub_10015,157,100,postBlock0,1,1,"During the last block, how much did you
FEEL PLEASED
when you collected the coins?


Please rate from 0 to 100 on the scale
below, where

  0 =             and            100 = 
 ""not at all""                    ""most possible""",causal-attr-first,1
sub_10015,158,92,postBlock1,1,1,"During the last block, how much did you
FEEL PLEASED
when you collected the coins?


Please rate from 0 to 100 on the scale
below, where

  0 =             and            100 = 
 ""not at all""                    ""most possible""",causal-attr-first,1
sub_10015,159,62,postBlock3,1,1,"During the last block, how much did you
FEEL PLEASED
when you collected the coins?


Please rate from 0 to 100 on the scale
below, where

  0 =             and            100 = 
 ""not at all""                    ""most possible""",causal-attr-first,1
sub_10015,160,78,postBlock2,1,1,"During the last block, how much did you
FEEL PLEASED
when you collected the coins?


Please rate from 0 to 100 on the scale
below, where

  0 =             and            100 = 
 ""not at all""                    ""most possible""",causal-attr-first,1
sub_10015,161,71,postBlock2,1,2,"During the last block, how much did you
FEEL A SENSE OF ACHIEVEMENT when you
sucessfully hit the required power level?


Please rate from 0 to 100 on the scale
below, where

  0 =             and            100 = 
 ""not at all""                    ""most possible""",causal-attr-first,1
sub_10015,162,65,postBlock0,1,2,"During the last block, how much did you
FEEL A SENSE OF ACHIEVEMENT when you
sucessfully hit the required power level?


Please rate from 0 to 100 on the scale
below, where

  0 =             and            100 = 
 ""not at all""                    ""most possible""",causal-attr-first,1
sub_10015,163,70,postBlock1,1,2,"During the last block, how much did you
FEEL A SENSE OF ACHIEVEMENT when you
sucessfully hit the required power level?


Please rate from 0 to 100 on the scale
below, where

  0 =             and            100 = 
 ""not at all""                    ""most possible""",causal-attr-first,1
sub_10015,164,59,postBlock3,1,2,"During the last block, how much did you
FEEL A SENSE OF ACHIEVEMENT when you
sucessfully hit the required power level?


Please rate from 0 to 100 on the scale
below, where

  0 =             and            100 = 
 ""not at all""                    ""most possible""",causal-attr-first,1
sub_10015,165,2,postBlock0,1,3,"During the last block, how much did you
FEEL BORED?
Please rate from 0 to 100 on the scale
below, where

  0 =             and            100 = 
 ""not at all""                    ""most possible""",causal-attr-first,1
sub_10015,166,1,postBlock1,1,3,"During the last block, how much did you
FEEL BORED?
Please rate from 0 to 100 on the scale
below, where

  0 =             and            100 = 
 ""not at all""                    ""most possible""",causal-attr-first,1
sub_10015,167,4,postBlock3,1,3,"During the last block, how much did you
FEEL BORED?
Please rate from 0 to 100 on the scale
below, where

  0 =             and            100 = 
 ""not at all""                    ""most possible""",causal-attr-first,1
sub_10015,168,1,postBlock2,1,3,"During the last block, how much did you
FEEL BORED?
Please rate from 0 to 100 on the scale
below, where

  0 =             and            100 = 
 ""not at all""                    ""most possible""",causal-attr-first,1
sub_33308,169,76,postBlock0,1,1,"During the last block, how much did you
FEEL PLEASED
when you collected the coins?


Please rate from 0 to 100 on the scale
below, where

  0 =             and            100 = 
 ""not at all""                    ""most possible""",rew-eff-first,1
sub_33308,170,44,postBlock1,1,1,"During the last block, how much did you
FEEL PLEASED
when you collected the coins?


Please rate from 0 to 100 on the scale
below, where

  0 =             and            100 = 
 ""not at all""                    ""most possible""",rew-eff-first,1
sub_33308,171,73,postBlock3,1,1,"During the last block, how much did you
FEEL PLEASED
when you collected the coins?


Please rate from 0 to 100 on the scale
below, where

  0 =             and            100 = 
 ""not at all""                    ""most possible""",rew-eff-first,1
sub_33308,172,64,postBlock2,1,1,"During the last block, how much did you
FEEL PLEASED
when you collected the coins?


Please rate from 0 to 100 on the scale
below, where

  0 =             and            100 = 
 ""not at all""                    ""most possible""",rew-eff-first,1
sub_33308,173,36,postBlock2,1,2,"During the last block, how much did you
FEEL A SENSE OF ACHIEVEMENT when you
sucessfully hit the required power level?


Please rate from 0 to 100 on the scale
below, where

  0 =             and            100 = 
 ""not at all""                    ""most possible""",rew-eff-first,1
sub_33308,174,88,postBlock0,1,2,"During the last block, how much did you
FEEL A SENSE OF ACHIEVEMENT when you
sucessfully hit the required power level?


Please rate from 0 to 100 on the scale
below, where

  0 =             and            100 = 
 ""not at all""                    ""most possible""",rew-eff-first,1
sub_33308,175,55,postBlock1,1,2,"During the last block, how much did you
FEEL A SENSE OF ACHIEVEMENT when you
sucessfully hit the required power level?


Please rate from 0 to 100 on the scale
below, where

  0 =             and            100 = 
 ""not at all""                    ""most possible""",rew-eff-first,1
sub_33308,176,61,postBlock3,1,2,"During the last block, how much did you
FEEL A SENSE OF ACHIEVEMENT when you
sucessfully hit the required power level?


Please rate from 0 to 100 on the scale
below, where

  0 =             and            100 = 
 ""not at all""                    ""most possible""",rew-eff-first,1
sub_33308,177,88,postBlock0,1,3,"During the last block, how much did you
FEEL BORED?
Please rate from 0 to 100 on the scale
below, where

  0 =             and            100 = 
 ""not at all""                    ""most possible""",rew-eff-first,1
sub_33308,178,57,postBlock1,1,3,"During the last block, how much did you
FEEL BORED?
Please rate from 0 to 100 on the scale
below, where

  0 =             and            100 = 
 ""not at all""                    ""most possible""",rew-eff-first,1
sub_33308,179,57,postBlock3,1,3,"During the last block, how much did you
FEEL BORED?
Please rate from 0 to 100 on the scale
below, where

  0 =             and            100 = 
 ""not at all""                    ""most possible""",rew-eff-first,1
sub_33308,180,54,postBlock2,1,3,"During the last block, how much did you
FEEL BORED?
Please rate from 0 to 100 on the scale
below, where

  0 =             and            100 = 
 ""not at all""                    ""most possible""",rew-eff-first,1
sub_36911,181,16,postBlock0,1,1,"During the last block, how much did you
FEEL PLEASED
when you collected the coins?


Please rate from 0 to 100 on the scale
below, where

  0 =             and            100 = 
 ""not at all""                    ""most possible""",causal-attr-first,1
sub_36911,182,17,postBlock1,1,1,"During the last block, how much did you
FEEL PLEASED
when you collected the coins?


Please rate from 0 to 100 on the scale
below, where

  0 =             and            100 = 
 ""not at all""                    ""most possible""",causal-attr-first,1
sub_36911,183,17,postBlock3,1,1,"During the last block, how much did you
FEEL PLEASED
when you collected the coins?


Please rate from 0 to 100 on the scale
below, where

  0 =             and            100 = 
 ""not at all""                    ""most possible""",causal-attr-first,1
sub_36911,184,19,postBlock2,1,1,"During the last block, how much did you
FEEL PLEASED
when you collected the coins?


Please rate from 0 to 100 on the scale
below, where

  0 =             and            100 = 
 ""not at all""                    ""most possible""",causal-attr-first,1
sub_36911,185,18,postBlock2,1,2,"During the last block, how much did you
FEEL A SENSE OF ACHIEVEMENT when you
sucessfully hit the required power level?


Please rate from 0 to 100 on the scale
below, where

  0 =             and            100 = 
 ""not at all""                    ""most possible""",causal-attr-first,1
sub_36911,186,6,postBlock0,1,2,"During the last block, how much did you
FEEL A SENSE OF ACHIEVEMENT when you
sucessfully hit the required power level?


Please rate from 0 to 100 on the scale
below, where

  0 =             and            100 = 
 ""not at all""                    ""most possible""",causal-attr-first,1
sub_36911,187,18,postBlock1,1,2,"During the last block, how much did you
FEEL A SENSE OF ACHIEVEMENT when you
sucessfully hit the required power level?


Please rate from 0 to 100 on the scale
below, where

  0 =             and            100 = 
 ""not at all""                    ""most possible""",causal-attr-first,1
sub_36911,188,14,postBlock3,1,2,"During the last block, how much did you
FEEL A SENSE OF ACHIEVEMENT when you
sucessfully hit the required power level?


Please rate from 0 to 100 on the scale
below, where

  0 =             and            100 = 
 ""not at all""                    ""most possible""",causal-attr-first,1
sub_36911,189,2,postBlock0,1,3,"During the last block, how much did you
FEEL BORED?
Please rate from 0 to 100 on the scale
below, where

  0 =             and            100 = 
 ""not at all""                    ""most possible""",causal-attr-first,1
sub_36911,190,7,postBlock1,1,3,"During the last block, how much did you
FEEL BORED?
Please rate from 0 to 100 on the scale
below, where

  0 =             and            100 = 
 ""not at all""                    ""most possible""",causal-attr-first,1
sub_36911,191,1,postBlock3,1,3,"During the last block, how much did you
FEEL BORED?
Please rate from 0 to 100 on the scale
below, where

  0 =             and            100 = 
 ""not at all""                    ""most possible""",causal-attr-first,1
sub_36911,192,2,postBlock2,1,3,"During the last block, how much did you
FEEL BORED?
Please rate from 0 to 100 on the scale
below, where

  0 =             and            100 = 
 ""not at all""                    ""most possible""",causal-attr-first,1
sub_73083,193,70,postBlock0,1,1,"During the last block, how much did you
FEEL PLEASED
when you collected the coins?


Please rate from 0 to 100 on the scale
below, where

  0 =             and            100 = 
 ""not at all""                    ""most possible""",causal-attr-first,1
sub_73083,194,87,postBlock1,1,1,"During the last block, how much did you
FEEL PLEASED
when you collected the coins?


Please rate from 0 to 100 on the scale
below, where

  0 =             and            100 = 
 ""not at all""                    ""most possible""",causal-attr-first,1
sub_73083,195,100,postBlock3,1,1,"During the last block, how much did you
FEEL PLEASED
when you collected the coins?


Please rate from 0 to 100 on the scale
below, where

  0 =             and            100 = 
 ""not at all""                    ""most possible""",causal-attr-first,1
sub_73083,196,100,postBlock2,1,1,"During the last block, how much did you
FEEL PLEASED
when you collected the coins?


Please rate from 0 to 100 on the scale
below, where

  0 =             and            100 = 
 ""not at all""                    ""most possible""",causal-attr-first,1
sub_73083,197,75,postBlock2,1,2,"During the last block, how much did you
FEEL A SENSE OF ACHIEVEMENT when you
sucessfully hit the required power level?


Please rate from 0 to 100 on the scale
below, where

  0 =             and            100 = 
 ""not at all""                    ""most possible""",causal-attr-first,1
sub_73083,198,85,postBlock0,1,2,"During the last block, how much did you
FEEL A SENSE OF ACHIEVEMENT when you
sucessfully hit the required power level?


Please rate from 0 to 100 on the scale
below, where

  0 =             and            100 = 
 ""not at all""                    ""most possible""",causal-attr-first,1
sub_73083,199,84,postBlock1,1,2,"During the last block, how much did you
FEEL A SENSE OF ACHIEVEMENT when you
sucessfully hit the required power level?


Please rate from 0 to 100 on the scale
below, where

  0 =             and            100 = 
 ""not at all""                    ""most possible""",causal-attr-first,1
sub_73083,200,75,postBlock3,1,2,"During the last block, how much did you
FEEL A SENSE OF ACHIEVEMENT when you
sucessfully hit the required power level?


Please rate from 0 to 100 on the scale
below, where

  0 =             and            100 = 
 ""not at all""                    ""most possible""",causal-attr-first,1
sub_73083,201,0,postBlock0,1,3,"During the last block, how much did you
FEEL BORED?
Please rate from 0 to 100 on the scale
below, where

  0 =             and            100 = 
 ""not at all""                    ""most possible""",causal-attr-first,1
sub_73083,202,3,postBlock1,1,3,"During the last block, how much did you
FEEL BORED?
Please rate from 0 to 100 on the scale
below, where

  0 =             and            100 = 
 ""not at all""                    ""most possible""",causal-attr-first,1
sub_73083,203,1,postBlock3,1,3,"During the last block, how much did you
FEEL BORED?
Please rate from 0 to 100 on the scale
below, where

  0 =             and            100 = 
 ""not at all""                    ""most possible""",causal-attr-first,1
sub_73083,204,0,postBlock2,1,3,"During the last block, how much did you
FEEL BORED?
Please rate from 0 to 100 on the scale
below, where

  0 =             and            100 = 
 ""not at all""                    ""most possible""",causal-attr-first,1
sub_57480,205,65,postBlock0,1,1,"During the last block, how much did you
FEEL PLEASED
when you collected the coins?


Please rate from 0 to 100 on the scale
below, where

  0 =             and            100 = 
 ""not at all""                    ""most possible""",causal-attr-first,1
sub_57480,206,73,postBlock1,1,1,"During the last block, how much did you
FEEL PLEASED
when you collected the coins?


Please rate from 0 to 100 on the scale
below, where

  0 =             and            100 = 
 ""not at all""                    ""most possible""",causal-attr-first,1
sub_57480,207,66,postBlock3,1,1,"During the last block, how much did you
FEEL PLEASED
when you collected the coins?


Please rate from 0 to 100 on the scale
below, where

  0 =             and            100 = 
 ""not at all""                    ""most possible""",causal-attr-first,1
sub_57480,208,66,postBlock2,1,1,"During the last block, how much did you
FEEL PLEASED
when you collected the coins?


Please rate from 0 to 100 on the scale
below, where

  0 =             and            100 = 
 ""not at all""                    ""most possible""",causal-attr-first,1
sub_57480,209,75,postBlock2,1,2,"During the last block, how much did you
FEEL A SENSE OF ACHIEVEMENT when you
sucessfully hit the required power level?


Please rate from 0 to 100 on the scale
below, where

  0 =             and            100 = 
 ""not at all""                    ""most possible""",causal-attr-first,1
sub_57480,210,76,postBlock0,1,2,"During the last block, how much did you
FEEL A SENSE OF ACHIEVEMENT when you
sucessfully hit the required power level?


Please rate from 0 to 100 on the scale
below, where

  0 =             and            100 = 
 ""not at all""                    ""most possible""",causal-attr-first,1
sub_57480,211,71,postBlock1,1,2,"During the last block, how much did you
FEEL A SENSE OF ACHIEVEMENT when you
sucessfully hit the required power level?


Please rate from 0 to 100 on the scale
below, where

  0 =             and            100 = 
 ""not at all""                    ""most possible""",causal-attr-first,1
sub_57480,212,69,postBlock3,1,2,"During the last block, how much did you
FEEL A SENSE OF ACHIEVEMENT when you
sucessfully hit the required power level?


Please rate from 0 to 100 on the scale
below, where

  0 =             and            100 = 
 ""not at all""                    ""most possible""",causal-attr-first,1
sub_57480,213,17,postBlock0,1,3,"During the last block, how much did you
FEEL BORED?
Please rate from 0 to 100 on the scale
below, where

  0 =             and            100 = 
 ""not at all""                    ""most possible""",causal-attr-first,1
sub_57480,214,31,postBlock1,1,3,"During the last block, how much did you
FEEL BORED?
Please rate from 0 to 100 on the scale
below, where

  0 =             and            100 = 
 ""not at all""                    ""most possible""",causal-attr-first,1
sub_57480,215,62,postBlock3,1,3,"During the last block, how much did you
FEEL BORED?
Please rate from 0 to 100 on the scale
below, where

  0 =             and            100 = 
 ""not at all""                    ""most possible""",causal-attr-first,1
sub_57480,216,38,postBlock2,1,3,"During the last block, how much did you
FEEL BORED?
Please rate from 0 to 100 on the scale
below, where

  0 =             and            100 = 
 ""not at all""                    ""most possible""",causal-attr-first,1
sub_71432,217,79,postBlock0,1,1,"During the last block, how much did you
FEEL PLEASED
when you collected the coins?


Please rate from 0 to 100 on the scale
below, where

  0 =             and            100 = 
 ""not at all""                    ""most possible""",causal-attr-first,1
sub_71432,218,80,postBlock1,1,1,"During the last block, how much did you
FEEL PLEASED
when you collected the coins?


Please rate from 0 to 100 on the scale
below, where

  0 =             and            100 = 
 ""not at all""                    ""most possible""",causal-attr-first,1
sub_71432,219,67,postBlock3,1,1,"During the last block, how much did you
FEEL PLEASED
when you collected the coins?


Please rate from 0 to 100 on the scale
below, where

  0 =             and            100 = 
 ""not at all""                    ""most possible""",causal-attr-first,1
sub_71432,220,77,postBlock2,1,1,"During the last block, how much did you
FEEL PLEASED
when you collected the coins?


Please rate from 0 to 100 on the scale
below, where

  0 =             and            100 = 
 ""not at all""                    ""most possible""",causal-attr-first,1
sub_71432,221,70,postBlock2,1,2,"During the last block, how much did you
FEEL A SENSE OF ACHIEVEMENT when you
sucessfully hit the required power level?


Please rate from 0 to 100 on the scale
below, where

  0 =             and            100 = 
 ""not at all""                    ""most possible""",causal-attr-first,1
sub_71432,222,89,postBlock0,1,2,"During the last block, how much did you
FEEL A SENSE OF ACHIEVEMENT when you
sucessfully hit the required power level?


Please rate from 0 to 100 on the scale
below, where

  0 =             and            100 = 
 ""not at all""                    ""most possible""",causal-attr-first,1
sub_71432,223,73,postBlock1,1,2,"During the last block, how much did you
FEEL A SENSE OF ACHIEVEMENT when you
sucessfully hit the required power level?


Please rate from 0 to 100 on the scale
below, where

  0 =             and            100 = 
 ""not at all""                    ""most possible""",causal-attr-first,1
sub_71432,224,57,postBlock3,1,2,"During the last block, how much did you
FEEL A SENSE OF ACHIEVEMENT when you
sucessfully hit the required power level?


Please rate from 0 to 100 on the scale
below, where

  0 =             and            100 = 
 ""not at all""                    ""most possible""",causal-attr-first,1
sub_71432,225,59,postBlock0,1,3,"During the last block, how much did you
FEEL BORED?
Please rate from 0 to 100 on the scale
below, where

  0 =             and            100 = 
 ""not at all""                    ""most possible""",causal-attr-first,1
sub_71432,226,53,postBlock1,1,3,"During the last block, how much did you
FEEL BORED?
Please rate from 0 to 100 on the scale
below, where

  0 =             and            100 = 
 ""not at all""                    ""most possible""",causal-attr-first,1
sub_71432,227,74,postBlock3,1,3,"During the last block, how much did you
FEEL BORED?
Please rate from 0 to 100 on the scale
below, where

  0 =             and            100 = 
 ""not at all""                    ""most possible""",causal-attr-first,1
sub_71432,228,72,postBlock2,1,3,"During the last block, how much did you
FEEL BORED?
Please rate from 0 to 100 on the scale
below, where

  0 =             and            100 = 
 ""not at all""                    ""most possible""",causal-attr-first,1
sub_82988,229,90,postBlock0,1,1,"During the last block, how much did you
FEEL PLEASED
when you collected the coins?


Please rate from 0 to 100 on the scale
below, where

  0 =             and            100 = 
 ""not at all""                    ""most possible""",rew-eff-first,1
sub_82988,230,88,postBlock1,1,1,"During the last block, how much did you
FEEL PLEASED
when you collected the coins?


Please rate from 0 to 100 on the scale
below, where

  0 =             and            100 = 
 ""not at all""                    ""most possible""",rew-eff-first,1
sub_82988,231,82,postBlock3,1,1,"During the last block, how much did you
FEEL PLEASED
when you collected the coins?


Please rate from 0 to 100 on the scale
below, where

  0 =             and            100 = 
 ""not at all""                    ""most possible""",rew-eff-first,1
sub_82988,232,82,postBlock2,1,1,"During the last block, how much did you
FEEL PLEASED
when you collected the coins?


Please rate from 0 to 100 on the scale
below, where

  0 =             and            100 = 
 ""not at all""                    ""most possible""",rew-eff-first,1
sub_82988,233,70,postBlock2,1,2,"During the last block, how much did you
FEEL A SENSE OF ACHIEVEMENT when you
sucessfully hit the required power level?


Please rate from 0 to 100 on the scale
below, where

  0 =             and            100 = 
 ""not at all""                    ""most possible""",rew-eff-first,1
sub_82988,234,94,postBlock0,1,2,"During the last block, how much did you
FEEL A SENSE OF ACHIEVEMENT when you
sucessfully hit the required power level?


Please rate from 0 to 100 on the scale
below, where

  0 =             and            100 = 
 ""not at all""                    ""most possible""",rew-eff-first,1
sub_82988,235,84,postBlock1,1,2,"During the last block, how much did you
FEEL A SENSE OF ACHIEVEMENT when you
sucessfully hit the required power level?


Please rate from 0 to 100 on the scale
below, where

  0 =             and            100 = 
 ""not at all""                    ""most possible""",rew-eff-first,1
sub_82988,236,81,postBlock3,1,2,"During the last block, how much did you
FEEL A SENSE OF ACHIEVEMENT when you
sucessfully hit the required power level?


Please rate from 0 to 100 on the scale
below, where

  0 =             and            100 = 
 ""not at all""                    ""most possible""",rew-eff-first,1
sub_82988,237,72,postBlock0,1,3,"During the last block, how much did you
FEEL BORED?
Please rate from 0 to 100 on the scale
below, where

  0 =             and            100 = 
 ""not at all""                    ""most possible""",rew-eff-first,1
sub_82988,238,84,postBlock1,1,3,"During the last block, how much did you
FEEL BORED?
Please rate from 0 to 100 on the scale
below, where

  0 =             and            100 = 
 ""not at all""                    ""most possible""",rew-eff-first,1
sub_82988,239,60,postBlock3,1,3,"During the last block, how much did you
FEEL BORED?
Please rate from 0 to 100 on the scale
below, where

  0 =             and            100 = 
 ""not at all""                    ""most possible""",rew-eff-first,1
sub_82988,240,65,postBlock2,1,3,"During the last block, how much did you
FEEL BORED?
Please rate from 0 to 100 on the scale
below, where

  0 =             and            100 = 
 ""not at all""                    ""most possible""",rew-eff-first,1
sub_35850,241,55,postBlock0,1,1,"During the last block, how much did you
FEEL PLEASED
when you collected the coins?


Please rate from 0 to 100 on the scale
below, where

  0 =             and            100 = 
 ""not at all""                    ""most possible""",rew-eff-first,1
sub_35850,242,55,postBlock1,1,1,"During the last block, how much did you
FEEL PLEASED
when you collected the coins?


Please rate from 0 to 100 on the scale
below, where

  0 =             and            100 = 
 ""not at all""                    ""most possible""",rew-eff-first,1
sub_35850,243,55,postBlock3,1,1,"During the last block, how much did you
FEEL PLEASED
when you collected the coins?


Please rate from 0 to 100 on the scale
below, where

  0 =             and            100 = 
 ""not at all""                    ""most possible""",rew-eff-first,1
sub_35850,244,55,postBlock2,1,1,"During the last block, how much did you
FEEL PLEASED
when you collected the coins?


Please rate from 0 to 100 on the scale
below, where

  0 =             and            100 = 
 ""not at all""                    ""most possible""",rew-eff-first,1
sub_35850,245,10,postBlock2,1,2,"During the last block, how much did you
FEEL A SENSE OF ACHIEVEMENT when you
sucessfully hit the required power level?


Please rate from 0 to 100 on the scale
below, where

  0 =             and            100 = 
 ""not at all""                    ""most possible""",rew-eff-first,1
sub_35850,246,10,postBlock0,1,2,"During the last block, how much did you
FEEL A SENSE OF ACHIEVEMENT when you
sucessfully hit the required power level?


Please rate from 0 to 100 on the scale
below, where

  0 =             and            100 = 
 ""not at all""                    ""most possible""",rew-eff-first,1
sub_35850,247,15,postBlock1,1,2,"During the last block, how much did you
FEEL A SENSE OF ACHIEVEMENT when you
sucessfully hit the required power level?


Please rate from 0 to 100 on the scale
below, where

  0 =             and            100 = 
 ""not at all""                    ""most possible""",rew-eff-first,1
sub_35850,248,10,postBlock3,1,2,"During the last block, how much did you
FEEL A SENSE OF ACHIEVEMENT when you
sucessfully hit the required power level?


Please rate from 0 to 100 on the scale
below, where

  0 =             and            100 = 
 ""not at all""                    ""most possible""",rew-eff-first,1
sub_35850,249,0,postBlock0,1,3,"During the last block, how much did you
FEEL BORED?
Please rate from 0 to 100 on the scale
below, where

  0 =             and            100 = 
 ""not at all""                    ""most possible""",rew-eff-first,1
sub_35850,250,0,postBlock1,1,3,"During the last block, how much did you
FEEL BORED?
Please rate from 0 to 100 on the scale
below, where

  0 =             and            100 = 
 ""not at all""                    ""most possible""",rew-eff-first,1
sub_35850,251,0,postBlock3,1,3,"During the last block, how much did you
FEEL BORED?
Please rate from 0 to 100 on the scale
below, where

  0 =             and            100 = 
 ""not at all""                    ""most possible""",rew-eff-first,1
sub_35850,252,0,postBlock2,1,3,"During the last block, how much did you
FEEL BORED?
Please rate from 0 to 100 on the scale
below, where

  0 =             and            100 = 
 ""not at all""                    ""most possible""",rew-eff-first,1
sub_60844,253,64,postBlock0,1,1,"During the last block, how much did you
FEEL PLEASED
when you collected the coins?


Please rate from 0 to 100 on the scale
below, where

  0 =             and            100 = 
 ""not at all""                    ""most possible""",causal-attr-first,1
sub_60844,254,69,postBlock1,1,1,"During the last block, how much did you
FEEL PLEASED
when you collected the coins?


Please rate from 0 to 100 on the scale
below, where

  0 =             and            100 = 
 ""not at all""                    ""most possible""",causal-attr-first,1
sub_60844,255,69,postBlock3,1,1,"During the last block, how much did you
FEEL PLEASED
when you collected the coins?


Please rate from 0 to 100 on the scale
below, where

  0 =             and            100 = 
 ""not at all""                    ""most possible""",causal-attr-first,1
sub_60844,256,71,postBlock2,1,1,"During the last block, how much did you
FEEL PLEASED
when you collected the coins?


Please rate from 0 to 100 on the scale
below, where

  0 =             and            100 = 
 ""not at all""                    ""most possible""",causal-attr-first,1
sub_60844,257,71,postBlock2,1,2,"During the last block, how much did you
FEEL A SENSE OF ACHIEVEMENT when you
sucessfully hit the required power level?


Please rate from 0 to 100 on the scale
below, where

  0 =             and            100 = 
 ""not at all""                    ""most possible""",causal-attr-first,1
sub_60844,258,62,postBlock0,1,2,"During the last block, how much did you
FEEL A SENSE OF ACHIEVEMENT when you
sucessfully hit the required power level?


Please rate from 0 to 100 on the scale
below, where

  0 =             and            100 = 
 ""not at all""                    ""most possible""",causal-attr-first,1
sub_60844,259,68,postBlock1,1,2,"During the last block, how much did you
FEEL A SENSE OF ACHIEVEMENT when you
sucessfully hit the required power level?


Please rate from 0 to 100 on the scale
below, where

  0 =             and            100 = 
 ""not at all""                    ""most possible""",causal-attr-first,1
sub_60844,260,74,postBlock3,1,2,"During the last block, how much did you
FEEL A SENSE OF ACHIEVEMENT when you
sucessfully hit the required power level?


Please rate from 0 to 100 on the scale
below, where

  0 =             and            100 = 
 ""not at all""                    ""most possible""",causal-attr-first,1
sub_60844,261,62,postBlock0,1,3,"During the last block, how much did you
FEEL BORED?
Please rate from 0 to 100 on the scale
below, where

  0 =             and            100 = 
 ""not at all""                    ""most possible""",causal-attr-first,1
sub_60844,262,68,postBlock1,1,3,"During the last block, how much did you
FEEL BORED?
Please rate from 0 to 100 on the scale
below, where

  0 =             and            100 = 
 ""not at all""                    ""most possible""",causal-attr-first,1
sub_60844,263,80,postBlock3,1,3,"During the last block, how much did you
FEEL BORED?
Please rate from 0 to 100 on the scale
below, where

  0 =             and            100 = 
 ""not at all""                    ""most possible""",causal-attr-first,1
sub_60844,264,70,postBlock2,1,3,"During the last block, how much did you
FEEL BORED?
Please rate from 0 to 100 on the scale
below, where

  0 =             and            100 = 
 ""not at all""                    ""most possible""",causal-attr-first,1
sub_11906,265,65,postBlock0,1,1,"During the last block, how much did you
FEEL PLEASED
when you collected the coins?


Please rate from 0 to 100 on the scale
below, where

  0 =             and            100 = 
 ""not at all""                    ""most possible""",rew-eff-first,1
sub_11906,266,71,postBlock1,1,1,"During the last block, how much did you
FEEL PLEASED
when you collected the coins?


Please rate from 0 to 100 on the scale
below, where

  0 =             and            100 = 
 ""not at all""                    ""most possible""",rew-eff-first,1
sub_11906,267,88,postBlock3,1,1,"During the last block, how much did you
FEEL PLEASED
when you collected the coins?


Please rate from 0 to 100 on the scale
below, where

  0 =             and            100 = 
 ""not at all""                    ""most possible""",rew-eff-first,1
sub_11906,268,86,postBlock2,1,1,"During the last block, how much did you
FEEL PLEASED
when you collected the coins?


Please rate from 0 to 100 on the scale
below, where

  0 =             and            100 = 
 ""not at all""                    ""most possible""",rew-eff-first,1
sub_11906,269,91,postBlock2,1,2,"During the last block, how much did you
FEEL A SENSE OF ACHIEVEMENT when you
sucessfully hit the required power level?


Please rate from 0 to 100 on the scale
below, where

  0 =             and            100 = 
 ""not at all""                    ""most possible""",rew-eff-first,1
sub_11906,270,54,postBlock0,1,2,"During the last block, how much did you
FEEL A SENSE OF ACHIEVEMENT when you
sucessfully hit the required power level?


Please rate from 0 to 100 on the scale
below, where

  0 =             and            100 = 
 ""not at all""                    ""most possible""",rew-eff-first,1
sub_11906,271,85,postBlock1,1,2,"During the last block, how much did you
FEEL A SENSE OF ACHIEVEMENT when you
sucessfully hit the required power level?


Please rate from 0 to 100 on the scale
below, where

  0 =             and            100 = 
 ""not at all""                    ""most possible""",rew-eff-first,1
sub_11906,272,95,postBlock3,1,2,"During the last block, how much did you
FEEL A SENSE OF ACHIEVEMENT when you
sucessfully hit the required power level?


Please rate from 0 to 100 on the scale
below, where

  0 =             and            100 = 
 ""not at all""                    ""most possible""",rew-eff-first,1
sub_11906,273,11,postBlock0,1,3,"During the last block, how much did you
FEEL BORED?
Please rate from 0 to 100 on the scale
below, where

  0 =             and            100 = 
 ""not at all""                    ""most possible""",rew-eff-first,1
sub_11906,274,7,postBlock1,1,3,"During the last block, how much did you
FEEL BORED?
Please rate from 0 to 100 on the scale
below, where

  0 =             and            100 = 
 ""not at all""                    ""most possible""",rew-eff-first,1
sub_11906,275,6,postBlock3,1,3,"During the last block, how much did you
FEEL BORED?
Please rate from 0 to 100 on the scale
below, where

  0 =             and            100 = 
 ""not at all""                    ""most possible""",rew-eff-first,1
sub_11906,276,5,postBlock2,1,3,"During the last block, how much did you
FEEL BORED?
Please rate from 0 to 100 on the scale
below, where

  0 =             and            100 = 
 ""not at all""                    ""most possible""",rew-eff-first,1
sub_46077,277,80,postBlock0,1,1,"During the last block, how much did you
FEEL PLEASED
when you collected the coins?


Please rate from 0 to 100 on the scale
below, where

  0 =             and            100 = 
 ""not at all""                    ""most possible""",rew-eff-first,1
sub_46077,278,80,postBlock1,1,1,"During the last block, how much did you
FEEL PLEASED
when you collected the coins?


Please rate from 0 to 100 on the scale
below, where

  0 =             and            100 = 
 ""not at all""                    ""most possible""",rew-eff-first,1
sub_46077,279,85,postBlock3,1,1,"During the last block, how much did you
FEEL PLEASED
when you collected the coins?


Please rate from 0 to 100 on the scale
below, where

  0 =             and            100 = 
 ""not at all""                    ""most possible""",rew-eff-first,1
sub_46077,280,75,postBlock2,1,1,"During the last block, how much did you
FEEL PLEASED
when you collected the coins?


Please rate from 0 to 100 on the scale
below, where

  0 =             and            100 = 
 ""not at all""                    ""most possible""",rew-eff-first,1
sub_46077,281,75,postBlock2,1,2,"During the last block, how much did you
FEEL A SENSE OF ACHIEVEMENT when you
sucessfully hit the required power level?


Please rate from 0 to 100 on the scale
below, where

  0 =             and            100 = 
 ""not at all""                    ""most possible""",rew-eff-first,1
sub_46077,282,80,postBlock0,1,2,"During the last block, how much did you
FEEL A SENSE OF ACHIEVEMENT when you
sucessfully hit the required power level?


Please rate from 0 to 100 on the scale
below, where

  0 =             and            100 = 
 ""not at all""                    ""most possible""",rew-eff-first,1
sub_46077,283,83,postBlock1,1,2,"During the last block, how much did you
FEEL A SENSE OF ACHIEVEMENT when you
sucessfully hit the required power level?


Please rate from 0 to 100 on the scale
below, where

  0 =             and            100 = 
 ""not at all""                    ""most possible""",rew-eff-first,1
sub_46077,284,85,postBlock3,1,2,"During the last block, how much did you
FEEL A SENSE OF ACHIEVEMENT when you
sucessfully hit the required power level?


Please rate from 0 to 100 on the scale
below, where

  0 =             and            100 = 
 ""not at all""                    ""most possible""",rew-eff-first,1
sub_46077,285,20,postBlock0,1,3,"During the last block, how much did you
FEEL BORED?
Please rate from 0 to 100 on the scale
below, where

  0 =             and            100 = 
 ""not at all""                    ""most possible""",rew-eff-first,1
sub_46077,286,17,postBlock1,1,3,"During the last block, how much did you
FEEL BORED?
Please rate from 0 to 100 on the scale
below, where

  0 =             and            100 = 
 ""not at all""                    ""most possible""",rew-eff-first,1
sub_46077,287,15,postBlock3,1,3,"During the last block, how much did you
FEEL BORED?
Please rate from 0 to 100 on the scale
below, where

  0 =             and            100 = 
 ""not at all""                    ""most possible""",rew-eff-first,1
sub_46077,288,16,postBlock2,1,3,"During the last block, how much did you
FEEL BORED?
Please rate from 0 to 100 on the scale
below, where

  0 =             and            100 = 
 ""not at all""                    ""most possible""",rew-eff-first,1
sub_88446,289,100,postBlock0,1,1,"During the last block, how much did you
FEEL PLEASED
when you collected the coins?


Please rate from 0 to 100 on the scale
below, where

  0 =             and            100 = 
 ""not at all""                    ""most possible""",rew-eff-first,1
sub_88446,290,100,postBlock1,1,1,"During the last block, how much did you
FEEL PLEASED
when you collected the coins?


Please rate from 0 to 100 on the scale
below, where

  0 =             and            100 = 
 ""not at all""                    ""most possible""",rew-eff-first,1
sub_88446,291,100,postBlock3,1,1,"During the last block, how much did you
FEEL PLEASED
when you collected the coins?


Please rate from 0 to 100 on the scale
below, where

  0 =             and            100 = 
 ""not at all""                    ""most possible""",rew-eff-first,1
sub_88446,292,100,postBlock2,1,1,"During the last block, how much did you
FEEL PLEASED
when you collected the coins?


Please rate from 0 to 100 on the scale
below, where

  0 =             and            100 = 
 ""not at all""                    ""most possible""",rew-eff-first,1
sub_88446,293,100,postBlock2,1,2,"During the last block, how much did you
FEEL A SENSE OF ACHIEVEMENT when you
sucessfully hit the required power level?


Please rate from 0 to 100 on the scale
below, where

  0 =             and            100 = 
 ""not at all""                    ""most possible""",rew-eff-first,1
sub_88446,294,100,postBlock0,1,2,"During the last block, how much did you
FEEL A SENSE OF ACHIEVEMENT when you
sucessfully hit the required power level?


Please rate from 0 to 100 on the scale
below, where

  0 =             and            100 = 
 ""not at all""                    ""most possible""",rew-eff-first,1
sub_88446,295,100,postBlock1,1,2,"During the last block, how much did you
FEEL A SENSE OF ACHIEVEMENT when you
sucessfully hit the required power level?


Please rate from 0 to 100 on the scale
below, where

  0 =             and            100 = 
 ""not at all""                    ""most possible""",rew-eff-first,1
sub_88446,296,100,postBlock3,1,2,"During the last block, how much did you
FEEL A SENSE OF ACHIEVEMENT when you
sucessfully hit the required power level?


Please rate from 0 to 100 on the scale
below, where

  0 =             and            100 = 
 ""not at all""                    ""most possible""",rew-eff-first,1
sub_88446,297,1,postBlock0,1,3,"During the last block, how much did you
FEEL BORED?
Please rate from 0 to 100 on the scale
below, where

  0 =             and            100 = 
 ""not at all""                    ""most possible""",rew-eff-first,1
sub_88446,298,0,postBlock1,1,3,"During the last block, how much did you
FEEL BORED?
Please rate from 0 to 100 on the scale
below, where

  0 =             and            100 = 
 ""not at all""                    ""most possible""",rew-eff-first,1
sub_88446,299,0,postBlock3,1,3,"During the last block, how much did you
FEEL BORED?
Please rate from 0 to 100 on the scale
below, where

  0 =             and            100 = 
 ""not at all""                    ""most possible""",rew-eff-first,1
sub_88446,300,0,postBlock2,1,3,"During the last block, how much did you
FEEL BORED?
Please rate from 0 to 100 on the scale
below, where

  0 =             and            100 = 
 ""not at all""                    ""most possible""",rew-eff-first,1
sub_87732,301,65,postBlock0,1,1,"During the last block, how much did you
FEEL PLEASED
when you collected the coins?


Please rate from 0 to 100 on the scale
below, where

  0 =             and            100 = 
 ""not at all""                    ""most possible""",rew-eff-first,1
sub_87732,302,71,postBlock1,1,1,"During the last block, how much did you
FEEL PLEASED
when you collected the coins?


Please rate from 0 to 100 on the scale
below, where

  0 =             and            100 = 
 ""not at all""                    ""most possible""",rew-eff-first,1
sub_87732,303,62,postBlock3,1,1,"During the last block, how much did you
FEEL PLEASED
when you collected the coins?


Please rate from 0 to 100 on the scale
below, where

  0 =             and            100 = 
 ""not at all""                    ""most possible""",rew-eff-first,1
sub_87732,304,75,postBlock2,1,1,"During the last block, how much did you
FEEL PLEASED
when you collected the coins?


Please rate from 0 to 100 on the scale
below, where

  0 =             and            100 = 
 ""not at all""                    ""most possible""",rew-eff-first,1
sub_87732,305,78,postBlock2,1,2,"During the last block, how much did you
FEEL A SENSE OF ACHIEVEMENT when you
sucessfully hit the required power level?


Please rate from 0 to 100 on the scale
below, where

  0 =             and            100 = 
 ""not at all""                    ""most possible""",rew-eff-first,1
sub_87732,306,70,postBlock0,1,2,"During the last block, how much did you
FEEL A SENSE OF ACHIEVEMENT when you
sucessfully hit the required power level?


Please rate from 0 to 100 on the scale
below, where

  0 =             and            100 = 
 ""not at all""                    ""most possible""",rew-eff-first,1
sub_87732,307,75,postBlock1,1,2,"During the last block, how much did you
FEEL A SENSE OF ACHIEVEMENT when you
sucessfully hit the required power level?


Please rate from 0 to 100 on the scale
below, where

  0 =             and            100 = 
 ""not at all""                    ""most possible""",rew-eff-first,1
sub_87732,308,72,postBlock3,1,2,"During the last block, how much did you
FEEL A SENSE OF ACHIEVEMENT when you
sucessfully hit the required power level?


Please rate from 0 to 100 on the scale
below, where

  0 =             and            100 = 
 ""not at all""                    ""most possible""",rew-eff-first,1
sub_87732,309,70,postBlock0,1,3,"During the last block, how much did you
FEEL BORED?
Please rate from 0 to 100 on the scale
below, where

  0 =             and            100 = 
 ""not at all""                    ""most possible""",rew-eff-first,1
sub_87732,310,67,postBlock1,1,3,"During the last block, how much did you
FEEL BORED?
Please rate from 0 to 100 on the scale
below, where

  0 =             and            100 = 
 ""not at all""                    ""most possible""",rew-eff-first,1
sub_87732,311,32,postBlock3,1,3,"During the last block, how much did you
FEEL BORED?
Please rate from 0 to 100 on the scale
below, where

  0 =             and            100 = 
 ""not at all""                    ""most possible""",rew-eff-first,1
sub_87732,312,73,postBlock2,1,3,"During the last block, how much did you
FEEL BORED?
Please rate from 0 to 100 on the scale
below, where

  0 =             and            100 = 
 ""not at all""                    ""most possible""",rew-eff-first,1
sub_92526,313,88,postBlock0,1,1,"During the last block, how much did you
FEEL PLEASED
when you collected the coins?


Please rate from 0 to 100 on the scale
below, where

  0 =             and            100 = 
 ""not at all""                    ""most possible""",causal-attr-first,1
sub_92526,314,90,postBlock1,1,1,"During the last block, how much did you
FEEL PLEASED
when you collected the coins?


Please rate from 0 to 100 on the scale
below, where

  0 =             and            100 = 
 ""not at all""                    ""most possible""",causal-attr-first,1
sub_92526,315,90,postBlock3,1,1,"During the last block, how much did you
FEEL PLEASED
when you collected the coins?


Please rate from 0 to 100 on the scale
below, where

  0 =             and            100 = 
 ""not at all""                    ""most possible""",causal-attr-first,1
sub_92526,316,91,postBlock2,1,1,"During the last block, how much did you
FEEL PLEASED
when you collected the coins?


Please rate from 0 to 100 on the scale
below, where

  0 =             and            100 = 
 ""not at all""                    ""most possible""",causal-attr-first,1
sub_92526,317,92,postBlock2,1,2,"During the last block, how much did you
FEEL A SENSE OF ACHIEVEMENT when you
sucessfully hit the required power level?


Please rate from 0 to 100 on the scale
below, where

  0 =             and            100 = 
 ""not at all""                    ""most possible""",causal-attr-first,1
sub_92526,318,84,postBlock0,1,2,"During the last block, how much did you
FEEL A SENSE OF ACHIEVEMENT when you
sucessfully hit the required power level?


Please rate from 0 to 100 on the scale
below, where

  0 =             and            100 = 
 ""not at all""                    ""most possible""",causal-attr-first,1
sub_92526,319,95,postBlock1,1,2,"During the last block, how much did you
FEEL A SENSE OF ACHIEVEMENT when you
sucessfully hit the required power level?


Please rate from 0 to 100 on the scale
below, where

  0 =             and            100 = 
 ""not at all""                    ""most possible""",causal-attr-first,1
sub_92526,320,90,postBlock3,1,2,"During the last block, how much did you
FEEL A SENSE OF ACHIEVEMENT when you
sucessfully hit the required power level?


Please rate from 0 to 100 on the scale
below, where

  0 =             and            100 = 
 ""not at all""                    ""most possible""",causal-attr-first,1
sub_92526,321,0,postBlock0,1,3,"During the last block, how much did you
FEEL BORED?
Please rate from 0 to 100 on the scale
below, where

  0 =             and            100 = 
 ""not at all""                    ""most possible""",causal-attr-first,1
sub_92526,322,0,postBlock1,1,3,"During the last block, how much did you
FEEL BORED?
Please rate from 0 to 100 on the scale
below, where

  0 =             and            100 = 
 ""not at all""                    ""most possible""",causal-attr-first,1
sub_92526,323,0,postBlock3,1,3,"During the last block, how much did you
FEEL BORED?
Please rate from 0 to 100 on the scale
below, where

  0 =             and            100 = 
 ""not at all""                    ""most possible""",causal-attr-first,1
sub_92526,324,0,postBlock2,1,3,"During the last block, how much did you
FEEL BORED?
Please rate from 0 to 100 on the scale
below, where

  0 =             and            100 = 
 ""not at all""                    ""most possible""",causal-attr-first,1
sub_61387,325,51,postBlock0,1,1,"During the last block, how much did you
FEEL PLEASED
when you collected the coins?


Please rate from 0 to 100 on the scale
below, where

  0 =             and            100 = 
 ""not at all""                    ""most possible""",causal-attr-first,1
sub_61387,326,62,postBlock1,1,1,"During the last block, how much did you
FEEL PLEASED
when you collected the coins?


Please rate from 0 to 100 on the scale
below, where

  0 =             and            100 = 
 ""not at all""                    ""most possible""",causal-attr-first,1
sub_61387,327,65,postBlock3,1,1,"During the last block, how much did you
FEEL PLEASED
when you collected the coins?


Please rate from 0 to 100 on the scale
below, where

  0 =             and            100 = 
 ""not at all""                    ""most possible""",causal-attr-first,1
sub_61387,328,66,postBlock2,1,1,"During the last block, how much did you
FEEL PLEASED
when you collected the coins?


Please rate from 0 to 100 on the scale
below, where

  0 =             and            100 = 
 ""not at all""                    ""most possible""",causal-attr-first,1
sub_61387,329,70,postBlock2,1,2,"During the last block, how much did you
FEEL A SENSE OF ACHIEVEMENT when you
sucessfully hit the required power level?


Please rate from 0 to 100 on the scale
below, where

  0 =             and            100 = 
 ""not at all""                    ""most possible""",causal-attr-first,1
sub_61387,330,48,postBlock0,1,2,"During the last block, how much did you
FEEL A SENSE OF ACHIEVEMENT when you
sucessfully hit the required power level?


Please rate from 0 to 100 on the scale
below, where

  0 =             and            100 = 
 ""not at all""                    ""most possible""",causal-attr-first,1
sub_61387,331,59,postBlock1,1,2,"During the last block, how much did you
FEEL A SENSE OF ACHIEVEMENT when you
sucessfully hit the required power level?


Please rate from 0 to 100 on the scale
below, where

  0 =             and            100 = 
 ""not at all""                    ""most possible""",causal-attr-first,1
sub_61387,332,63,postBlock3,1,2,"During the last block, how much did you
FEEL A SENSE OF ACHIEVEMENT when you
sucessfully hit the required power level?


Please rate from 0 to 100 on the scale
below, where

  0 =             and            100 = 
 ""not at all""                    ""most possible""",causal-attr-first,1
sub_61387,333,43,postBlock0,1,3,"During the last block, how much did you
FEEL BORED?
Please rate from 0 to 100 on the scale
below, where

  0 =             and            100 = 
 ""not at all""                    ""most possible""",causal-attr-first,1
sub_61387,334,35,postBlock1,1,3,"During the last block, how much did you
FEEL BORED?
Please rate from 0 to 100 on the scale
below, where

  0 =             and            100 = 
 ""not at all""                    ""most possible""",causal-attr-first,1
sub_61387,335,77,postBlock3,1,3,"During the last block, how much did you
FEEL BORED?
Please rate from 0 to 100 on the scale
below, where

  0 =             and            100 = 
 ""not at all""                    ""most possible""",causal-attr-first,1
sub_61387,336,75,postBlock2,1,3,"During the last block, how much did you
FEEL BORED?
Please rate from 0 to 100 on the scale
below, where

  0 =             and            100 = 
 ""not at all""                    ""most possible""",causal-attr-first,1
sub_83995,337,86,postBlock0,1,1,"During the last block, how much did you
FEEL PLEASED
when you collected the coins?


Please rate from 0 to 100 on the scale
below, where

  0 =             and            100 = 
 ""not at all""                    ""most possible""",causal-attr-first,1
sub_83995,338,96,postBlock1,1,1,"During the last block, how much did you
FEEL PLEASED
when you collected the coins?


Please rate from 0 to 100 on the scale
below, where

  0 =             and            100 = 
 ""not at all""                    ""most possible""",causal-attr-first,1
sub_83995,339,98,postBlock3,1,1,"During the last block, how much did you
FEEL PLEASED
when you collected the coins?


Please rate from 0 to 100 on the scale
below, where

  0 =             and            100 = 
 ""not at all""                    ""most possible""",causal-attr-first,1
sub_83995,340,95,postBlock2,1,1,"During the last block, how much did you
FEEL PLEASED
when you collected the coins?


Please rate from 0 to 100 on the scale
below, where

  0 =             and            100 = 
 ""not at all""                    ""most possible""",causal-attr-first,1
sub_83995,341,90,postBlock2,1,2,"During the last block, how much did you
FEEL A SENSE OF ACHIEVEMENT when you
sucessfully hit the required power level?


Please rate from 0 to 100 on the scale
below, where

  0 =             and            100 = 
 ""not at all""                    ""most possible""",causal-attr-first,1
sub_83995,342,96,postBlock0,1,2,"During the last block, how much did you
FEEL A SENSE OF ACHIEVEMENT when you
sucessfully hit the required power level?


Please rate from 0 to 100 on the scale
below, where

  0 =             and            100 = 
 ""not at all""                    ""most possible""",causal-attr-first,1
sub_83995,343,96,postBlock1,1,2,"During the last block, how much did you
FEEL A SENSE OF ACHIEVEMENT when you
sucessfully hit the required power level?


Please rate from 0 to 100 on the scale
below, where

  0 =             and            100 = 
 ""not at all""                    ""most possible""",causal-attr-first,1
sub_83995,344,95,postBlock3,1,2,"During the last block, how much did you
FEEL A SENSE OF ACHIEVEMENT when you
sucessfully hit the required power level?


Please rate from 0 to 100 on the scale
below, where

  0 =             and            100 = 
 ""not at all""                    ""most possible""",causal-attr-first,1
sub_83995,345,6,postBlock0,1,3,"During the last block, how much did you
FEEL BORED?
Please rate from 0 to 100 on the scale
below, where

  0 =             and            100 = 
 ""not at all""                    ""most possible""",causal-attr-first,1
sub_83995,346,4,postBlock1,1,3,"During the last block, how much did you
FEEL BORED?
Please rate from 0 to 100 on the scale
below, where

  0 =             and            100 = 
 ""not at all""                    ""most possible""",causal-attr-first,1
sub_83995,347,0,postBlock3,1,3,"During the last block, how much did you
FEEL BORED?
Please rate from 0 to 100 on the scale
below, where

  0 =             and            100 = 
 ""not at all""                    ""most possible""",causal-attr-first,1
sub_83995,348,1,postBlock2,1,3,"During the last block, how much did you
FEEL BORED?
Please rate from 0 to 100 on the scale
below, where

  0 =             and            100 = 
 ""not at all""                    ""most possible""",causal-attr-first,1
sub_17360,349,30,postBlock0,1,1,"During the last block, how much did you
FEEL PLEASED
when you collected the coins?


Please rate from 0 to 100 on the scale
below, where

  0 =             and            100 = 
 ""not at all""                    ""most possible""",causal-attr-first,1
sub_17360,350,40,postBlock1,1,1,"During the last block, how much did you
FEEL PLEASED
when you collected the coins?


Please rate from 0 to 100 on the scale
below, where

  0 =             and            100 = 
 ""not at all""                    ""most possible""",causal-attr-first,1
sub_17360,351,40,postBlock3,1,1,"During the last block, how much did you
FEEL PLEASED
when you collected the coins?


Please rate from 0 to 100 on the scale
below, where

  0 =             and            100 = 
 ""not at all""                    ""most possible""",causal-attr-first,1
sub_17360,352,45,postBlock2,1,1,"During the last block, how much did you
FEEL PLEASED
when you collected the coins?


Please rate from 0 to 100 on the scale
below, where

  0 =             and            100 = 
 ""not at all""                    ""most possible""",causal-attr-first,1
sub_17360,353,40,postBlock2,1,2,"During the last block, how much did you
FEEL A SENSE OF ACHIEVEMENT when you
sucessfully hit the required power level?


Please rate from 0 to 100 on the scale
below, where

  0 =             and            100 = 
 ""not at all""                    ""most possible""",causal-attr-first,1
sub_17360,354,30,postBlock0,1,2,"During the last block, how much did you
FEEL A SENSE OF ACHIEVEMENT when you
sucessfully hit the required power level?


Please rate from 0 to 100 on the scale
below, where

  0 =             and            100 = 
 ""not at all""                    ""most possible""",causal-attr-first,1
sub_17360,355,35,postBlock1,1,2,"During the last block, how much did you
FEEL A SENSE OF ACHIEVEMENT when you
sucessfully hit the required power level?


Please rate from 0 to 100 on the scale
below, where

  0 =             and            100 = 
 ""not at all""                    ""most possible""",causal-attr-first,1
sub_17360,356,40,postBlock3,1,2,"During the last block, how much did you
FEEL A SENSE OF ACHIEVEMENT when you
sucessfully hit the required power level?


Please rate from 0 to 100 on the scale
below, where

  0 =             and            100 = 
 ""not at all""                    ""most possible""",causal-attr-first,1
sub_17360,357,70,postBlock0,1,3,"During the last block, how much did you
FEEL BORED?
Please rate from 0 to 100 on the scale
below, where

  0 =             and            100 = 
 ""not at all""                    ""most possible""",causal-attr-first,1
sub_17360,358,65,postBlock1,1,3,"During the last block, how much did you
FEEL BORED?
Please rate from 0 to 100 on the scale
below, where

  0 =             and            100 = 
 ""not at all""                    ""most possible""",causal-attr-first,1
sub_17360,359,60,postBlock3,1,3,"During the last block, how much did you
FEEL BORED?
Please rate from 0 to 100 on the scale
below, where

  0 =             and            100 = 
 ""not at all""                    ""most possible""",causal-attr-first,1
sub_17360,360,60,postBlock2,1,3,"During the last block, how much did you
FEEL BORED?
Please rate from 0 to 100 on the scale
below, where

  0 =             and            100 = 
 ""not at all""                    ""most possible""",causal-attr-first,1
sub_98693,361,99,postBlock0,1,1,"During the last block, how much did you
FEEL PLEASED
when you collected the coins?


Please rate from 0 to 100 on the scale
below, where

  0 =             and            100 = 
 ""not at all""                    ""most possible""",causal-attr-first,1
sub_98693,362,99,postBlock1,1,1,"During the last block, how much did you
FEEL PLEASED
when you collected the coins?


Please rate from 0 to 100 on the scale
below, where

  0 =             and            100 = 
 ""not at all""                    ""most possible""",causal-attr-first,1
sub_98693,363,100,postBlock3,1,1,"During the last block, how much did you
FEEL PLEASED
when you collected the coins?


Please rate from 0 to 100 on the scale
below, where

  0 =             and            100 = 
 ""not at all""                    ""most possible""",causal-attr-first,1
sub_98693,364,100,postBlock2,1,1,"During the last block, how much did you
FEEL PLEASED
when you collected the coins?


Please rate from 0 to 100 on the scale
below, where

  0 =             and            100 = 
 ""not at all""                    ""most possible""",causal-attr-first,1
sub_98693,365,100,postBlock2,1,2,"During the last block, how much did you
FEEL A SENSE OF ACHIEVEMENT when you
sucessfully hit the required power level?


Please rate from 0 to 100 on the scale
below, where

  0 =             and            100 = 
 ""not at all""                    ""most possible""",causal-attr-first,1
sub_98693,366,100,postBlock0,1,2,"During the last block, how much did you
FEEL A SENSE OF ACHIEVEMENT when you
sucessfully hit the required power level?


Please rate from 0 to 100 on the scale
below, where

  0 =             and            100 = 
 ""not at all""                    ""most possible""",causal-attr-first,1
sub_98693,367,99,postBlock1,1,2,"During the last block, how much did you
FEEL A SENSE OF ACHIEVEMENT when you
sucessfully hit the required power level?


Please rate from 0 to 100 on the scale
below, where

  0 =             and            100 = 
 ""not at all""                    ""most possible""",causal-attr-first,1
sub_98693,368,100,postBlock3,1,2,"During the last block, how much did you
FEEL A SENSE OF ACHIEVEMENT when you
sucessfully hit the required power level?


Please rate from 0 to 100 on the scale
below, where

  0 =             and            100 = 
 ""not at all""                    ""most possible""",causal-attr-first,1
sub_98693,369,3,postBlock0,1,3,"During the last block, how much did you
FEEL BORED?
Please rate from 0 to 100 on the scale
below, where

  0 =             and            100 = 
 ""not at all""                    ""most possible""",causal-attr-first,1
sub_98693,370,0,postBlock1,1,3,"During the last block, how much did you
FEEL BORED?
Please rate from 0 to 100 on the scale
below, where

  0 =             and            100 = 
 ""not at all""                    ""most possible""",causal-attr-first,1
sub_98693,371,0,postBlock3,1,3,"During the last block, how much did you
FEEL BORED?
Please rate from 0 to 100 on the scale
below, where

  0 =             and            100 = 
 ""not at all""                    ""most possible""",causal-attr-first,1
sub_98693,372,0,postBlock2,1,3,"During the last block, how much did you
FEEL BORED?
Please rate from 0 to 100 on the scale
below, where

  0 =             and            100 = 
 ""not at all""                    ""most possible""",causal-attr-first,1
sub_21248,373,100,postBlock0,1,1,"During the last block, how much did you
FEEL PLEASED
when you collected the coins?


Please rate from 0 to 100 on the scale
below, where

  0 =             and            100 = 
 ""not at all""                    ""most possible""",rew-eff-first,1
sub_21248,374,100,postBlock1,1,1,"During the last block, how much did you
FEEL PLEASED
when you collected the coins?


Please rate from 0 to 100 on the scale
below, where

  0 =             and            100 = 
 ""not at all""                    ""most possible""",rew-eff-first,1
sub_21248,375,93,postBlock3,1,1,"During the last block, how much did you
FEEL PLEASED
when you collected the coins?


Please rate from 0 to 100 on the scale
below, where

  0 =             and            100 = 
 ""not at all""                    ""most possible""",rew-eff-first,1
sub_21248,376,86,postBlock2,1,1,"During the last block, how much did you
FEEL PLEASED
when you collected the coins?


Please rate from 0 to 100 on the scale
below, where

  0 =             and            100 = 
 ""not at all""                    ""most possible""",rew-eff-first,1
sub_21248,377,86,postBlock2,1,2,"During the last block, how much did you
FEEL A SENSE OF ACHIEVEMENT when you
sucessfully hit the required power level?


Please rate from 0 to 100 on the scale
below, where

  0 =             and            100 = 
 ""not at all""                    ""most possible""",rew-eff-first,1
sub_21248,378,100,postBlock0,1,2,"During the last block, how much did you
FEEL A SENSE OF ACHIEVEMENT when you
sucessfully hit the required power level?


Please rate from 0 to 100 on the scale
below, where

  0 =             and            100 = 
 ""not at all""                    ""most possible""",rew-eff-first,1
sub_21248,379,100,postBlock1,1,2,"During the last block, how much did you
FEEL A SENSE OF ACHIEVEMENT when you
sucessfully hit the required power level?


Please rate from 0 to 100 on the scale
below, where

  0 =             and            100 = 
 ""not at all""                    ""most possible""",rew-eff-first,1
sub_21248,380,93,postBlock3,1,2,"During the last block, how much did you
FEEL A SENSE OF ACHIEVEMENT when you
sucessfully hit the required power level?


Please rate from 0 to 100 on the scale
below, where

  0 =             and            100 = 
 ""not at all""                    ""most possible""",rew-eff-first,1
sub_21248,381,40,postBlock0,1,3,"During the last block, how much did you
FEEL BORED?
Please rate from 0 to 100 on the scale
below, where

  0 =             and            100 = 
 ""not at all""                    ""most possible""",rew-eff-first,1
sub_21248,382,59,postBlock1,1,3,"During the last block, how much did you
FEEL BORED?
Please rate from 0 to 100 on the scale
below, where

  0 =             and            100 = 
 ""not at all""                    ""most possible""",rew-eff-first,1
sub_21248,383,75,postBlock3,1,3,"During the last block, how much did you
FEEL BORED?
Please rate from 0 to 100 on the scale
below, where

  0 =             and            100 = 
 ""not at all""                    ""most possible""",rew-eff-first,1
sub_21248,384,62,postBlock2,1,3,"During the last block, how much did you
FEEL BORED?
Please rate from 0 to 100 on the scale
below, where

  0 =             and            100 = 
 ""not at all""                    ""most possible""",rew-eff-first,1
sub_73010,385,92,postBlock0,1,1,"During the last block, how much did you
FEEL PLEASED
when you collected the coins?


Please rate from 0 to 100 on the scale
below, where

  0 =             and            100 = 
 ""not at all""                    ""most possible""",rew-eff-first,1
sub_73010,386,90,postBlock1,1,1,"During the last block, how much did you
FEEL PLEASED
when you collected the coins?


Please rate from 0 to 100 on the scale
below, where

  0 =             and            100 = 
 ""not at all""                    ""most possible""",rew-eff-first,1
sub_73010,387,92,postBlock3,1,1,"During the last block, how much did you
FEEL PLEASED
when you collected the coins?


Please rate from 0 to 100 on the scale
below, where

  0 =             and            100 = 
 ""not at all""                    ""most possible""",rew-eff-first,1
sub_73010,388,92,postBlock2,1,1,"During the last block, how much did you
FEEL PLEASED
when you collected the coins?


Please rate from 0 to 100 on the scale
below, where

  0 =             and            100 = 
 ""not at all""                    ""most possible""",rew-eff-first,1
sub_73010,389,98,postBlock2,1,2,"During the last block, how much did you
FEEL A SENSE OF ACHIEVEMENT when you
sucessfully hit the required power level?


Please rate from 0 to 100 on the scale
below, where

  0 =             and            100 = 
 ""not at all""                    ""most possible""",rew-eff-first,1
sub_73010,390,95,postBlock0,1,2,"During the last block, how much did you
FEEL A SENSE OF ACHIEVEMENT when you
sucessfully hit the required power level?


Please rate from 0 to 100 on the scale
below, where

  0 =             and            100 = 
 ""not at all""                    ""most possible""",rew-eff-first,1
sub_73010,391,96,postBlock1,1,2,"During the last block, how much did you
FEEL A SENSE OF ACHIEVEMENT when you
sucessfully hit the required power level?


Please rate from 0 to 100 on the scale
below, where

  0 =             and            100 = 
 ""not at all""                    ""most possible""",rew-eff-first,1
sub_73010,392,99,postBlock3,1,2,"During the last block, how much did you
FEEL A SENSE OF ACHIEVEMENT when you
sucessfully hit the required power level?


Please rate from 0 to 100 on the scale
below, where

  0 =             and            100 = 
 ""not at all""                    ""most possible""",rew-eff-first,1
sub_73010,393,3,postBlock0,1,3,"During the last block, how much did you
FEEL BORED?
Please rate from 0 to 100 on the scale
below, where

  0 =             and            100 = 
 ""not at all""                    ""most possible""",rew-eff-first,1
sub_73010,394,2,postBlock1,1,3,"During the last block, how much did you
FEEL BORED?
Please rate from 0 to 100 on the scale
below, where

  0 =             and            100 = 
 ""not at all""                    ""most possible""",rew-eff-first,1
sub_73010,395,1,postBlock3,1,3,"During the last block, how much did you
FEEL BORED?
Please rate from 0 to 100 on the scale
below, where

  0 =             and            100 = 
 ""not at all""                    ""most possible""",rew-eff-first,1
sub_73010,396,1,postBlock2,1,3,"During the last block, how much did you
FEEL BORED?
Please rate from 0 to 100 on the scale
below, where

  0 =             and            100 = 
 ""not at all""                    ""most possible""",rew-eff-first,1
sub_26100,397,96,postBlock0,1,1,"During the last block, how much did you
FEEL PLEASED
when you collected the coins?


Please rate from 0 to 100 on the scale
below, where

  0 =             and            100 = 
 ""not at all""                    ""most possible""",causal-attr-first,1
sub_26100,398,98,postBlock1,1,1,"During the last block, how much did you
FEEL PLEASED
when you collected the coins?


Please rate from 0 to 100 on the scale
below, where

  0 =             and            100 = 
 ""not at all""                    ""most possible""",causal-attr-first,1
sub_26100,399,88,postBlock3,1,1,"During the last block, how much did you
FEEL PLEASED
when you collected the coins?


Please rate from 0 to 100 on the scale
below, where

  0 =             and            100 = 
 ""not at all""                    ""most possible""",causal-attr-first,1
sub_26100,400,96,postBlock2,1,1,"During the last block, how much did you
FEEL PLEASED
when you collected the coins?


Please rate from 0 to 100 on the scale
below, where

  0 =             and            100 = 
 ""not at all""                    ""most possible""",causal-attr-first,1
sub_26100,401,95,postBlock2,1,2,"During the last block, how much did you
FEEL A SENSE OF ACHIEVEMENT when you
sucessfully hit the required power level?


Please rate from 0 to 100 on the scale
below, where

  0 =             and            100 = 
 ""not at all""                    ""most possible""",causal-attr-first,1
sub_26100,402,98,postBlock0,1,2,"During the last block, how much did you
FEEL A SENSE OF ACHIEVEMENT when you
sucessfully hit the required power level?


Please rate from 0 to 100 on the scale
below, where

  0 =             and            100 = 
 ""not at all""                    ""most possible""",causal-attr-first,1
sub_26100,403,98,postBlock1,1,2,"During the last block, how much did you
FEEL A SENSE OF ACHIEVEMENT when you
sucessfully hit the required power level?


Please rate from 0 to 100 on the scale
below, where

  0 =             and            100 = 
 ""not at all""                    ""most possible""",causal-attr-first,1
sub_26100,404,78,postBlock3,1,2,"During the last block, how much did you
FEEL A SENSE OF ACHIEVEMENT when you
sucessfully hit the required power level?


Please rate from 0 to 100 on the scale
below, where

  0 =             and            100 = 
 ""not at all""                    ""most possible""",causal-attr-first,1
sub_26100,405,11,postBlock0,1,3,"During the last block, how much did you
FEEL BORED?
Please rate from 0 to 100 on the scale
below, where

  0 =             and            100 = 
 ""not at all""                    ""most possible""",causal-attr-first,1
sub_26100,406,9,postBlock1,1,3,"During the last block, how much did you
FEEL BORED?
Please rate from 0 to 100 on the scale
below, where

  0 =             and            100 = 
 ""not at all""                    ""most possible""",causal-attr-first,1
sub_26100,407,31,postBlock3,1,3,"During the last block, how much did you
FEEL BORED?
Please rate from 0 to 100 on the scale
below, where

  0 =             and            100 = 
 ""not at all""                    ""most possible""",causal-attr-first,1
sub_26100,408,17,postBlock2,1,3,"During the last block, how much did you
FEEL BORED?
Please rate from 0 to 100 on the scale
below, where

  0 =             and            100 = 
 ""not at all""                    ""most possible""",causal-attr-first,1
sub_62716,409,90,postBlock0,1,1,"During the last block, how much did you
FEEL PLEASED
when you collected the coins?


Please rate from 0 to 100 on the scale
below, where

  0 =             and            100 = 
 ""not at all""                    ""most possible""",causal-attr-first,1
sub_62716,410,90,postBlock1,1,1,"During the last block, how much did you
FEEL PLEASED
when you collected the coins?


Please rate from 0 to 100 on the scale
below, where

  0 =             and            100 = 
 ""not at all""                    ""most possible""",causal-attr-first,1
sub_62716,411,90,postBlock3,1,1,"During the last block, how much did you
FEEL PLEASED
when you collected the coins?


Please rate from 0 to 100 on the scale
below, where

  0 =             and            100 = 
 ""not at all""                    ""most possible""",causal-attr-first,1
sub_62716,412,90,postBlock2,1,1,"During the last block, how much did you
FEEL PLEASED
when you collected the coins?


Please rate from 0 to 100 on the scale
below, where

  0 =             and            100 = 
 ""not at all""                    ""most possible""",causal-attr-first,1
sub_62716,413,90,postBlock2,1,2,"During the last block, how much did you
FEEL A SENSE OF ACHIEVEMENT when you
sucessfully hit the required power level?


Please rate from 0 to 100 on the scale
below, where

  0 =             and            100 = 
 ""not at all""                    ""most possible""",causal-attr-first,1
sub_62716,414,90,postBlock0,1,2,"During the last block, how much did you
FEEL A SENSE OF ACHIEVEMENT when you
sucessfully hit the required power level?


Please rate from 0 to 100 on the scale
below, where

  0 =             and            100 = 
 ""not at all""                    ""most possible""",causal-attr-first,1
sub_62716,415,90,postBlock1,1,2,"During the last block, how much did you
FEEL A SENSE OF ACHIEVEMENT when you
sucessfully hit the required power level?


Please rate from 0 to 100 on the scale
below, where

  0 =             and            100 = 
 ""not at all""                    ""most possible""",causal-attr-first,1
sub_62716,416,90,postBlock3,1,2,"During the last block, how much did you
FEEL A SENSE OF ACHIEVEMENT when you
sucessfully hit the required power level?


Please rate from 0 to 100 on the scale
below, where

  0 =             and            100 = 
 ""not at all""                    ""most possible""",causal-attr-first,1
sub_62716,417,20,postBlock0,1,3,"During the last block, how much did you
FEEL BORED?
Please rate from 0 to 100 on the scale
below, where

  0 =             and            100 = 
 ""not at all""                    ""most possible""",causal-attr-first,1
sub_62716,418,10,postBlock1,1,3,"During the last block, how much did you
FEEL BORED?
Please rate from 0 to 100 on the scale
below, where

  0 =             and            100 = 
 ""not at all""                    ""most possible""",causal-attr-first,1
sub_62716,419,0,postBlock3,1,3,"During the last block, how much did you
FEEL BORED?
Please rate from 0 to 100 on the scale
below, where

  0 =             and            100 = 
 ""not at all""                    ""most possible""",causal-attr-first,1
sub_62716,420,1,postBlock2,1,3,"During the last block, how much did you
FEEL BORED?
Please rate from 0 to 100 on the scale
below, where

  0 =             and            100 = 
 ""not at all""                    ""most possible""",causal-attr-first,1
sub_46794,421,98,postBlock0,1,1,"During the last block, how much did you
FEEL PLEASED
when you collected the coins?


Please rate from 0 to 100 on the scale
below, where

  0 =             and            100 = 
 ""not at all""                    ""most possible""",causal-attr-first,1
sub_46794,422,71,postBlock1,1,1,"During the last block, how much did you
FEEL PLEASED
when you collected the coins?


Please rate from 0 to 100 on the scale
below, where

  0 =             and            100 = 
 ""not at all""                    ""most possible""",causal-attr-first,1
sub_46794,423,29,postBlock3,1,1,"During the last block, how much did you
FEEL PLEASED
when you collected the coins?


Please rate from 0 to 100 on the scale
below, where

  0 =             and            100 = 
 ""not at all""                    ""most possible""",causal-attr-first,1
sub_46794,424,61,postBlock2,1,1,"During the last block, how much did you
FEEL PLEASED
when you collected the coins?


Please rate from 0 to 100 on the scale
below, where

  0 =             and            100 = 
 ""not at all""                    ""most possible""",causal-attr-first,1
sub_46794,425,32,postBlock2,1,2,"During the last block, how much did you
FEEL A SENSE OF ACHIEVEMENT when you
sucessfully hit the required power level?


Please rate from 0 to 100 on the scale
below, where

  0 =             and            100 = 
 ""not at all""                    ""most possible""",causal-attr-first,1
sub_46794,426,81,postBlock0,1,2,"During the last block, how much did you
FEEL A SENSE OF ACHIEVEMENT when you
sucessfully hit the required power level?


Please rate from 0 to 100 on the scale
below, where

  0 =             and            100 = 
 ""not at all""                    ""most possible""",causal-attr-first,1
sub_46794,427,66,postBlock1,1,2,"During the last block, how much did you
FEEL A SENSE OF ACHIEVEMENT when you
sucessfully hit the required power level?


Please rate from 0 to 100 on the scale
below, where

  0 =             and            100 = 
 ""not at all""                    ""most possible""",causal-attr-first,1
sub_46794,428,28,postBlock3,1,2,"During the last block, how much did you
FEEL A SENSE OF ACHIEVEMENT when you
sucessfully hit the required power level?


Please rate from 0 to 100 on the scale
below, where

  0 =             and            100 = 
 ""not at all""                    ""most possible""",causal-attr-first,1
sub_46794,429,57,postBlock0,1,3,"During the last block, how much did you
FEEL BORED?
Please rate from 0 to 100 on the scale
below, where

  0 =             and            100 = 
 ""not at all""                    ""most possible""",causal-attr-first,1
sub_46794,430,59,postBlock1,1,3,"During the last block, how much did you
FEEL BORED?
Please rate from 0 to 100 on the scale
below, where

  0 =             and            100 = 
 ""not at all""                    ""most possible""",causal-attr-first,1
sub_46794,431,63,postBlock3,1,3,"During the last block, how much did you
FEEL BORED?
Please rate from 0 to 100 on the scale
below, where

  0 =             and            100 = 
 ""not at all""                    ""most possible""",causal-attr-first,1
sub_46794,432,75,postBlock2,1,3,"During the last block, how much did you
FEEL BORED?
Please rate from 0 to 100 on the scale
below, where

  0 =             and            100 = 
 ""not at all""                    ""most possible""",causal-attr-first,1
sub_85338,433,84,postBlock0,1,1,"During the last block, how much did you
FEEL PLEASED
when you collected the coins?


Please rate from 0 to 100 on the scale
below, where

  0 =             and            100 = 
 ""not at all""                    ""most possible""",rew-eff-first,1
sub_85338,434,75,postBlock1,1,1,"During the last block, how much did you
FEEL PLEASED
when you collected the coins?


Please rate from 0 to 100 on the scale
below, where

  0 =             and            100 = 
 ""not at all""                    ""most possible""",rew-eff-first,1
sub_85338,435,90,postBlock3,1,1,"During the last block, how much did you
FEEL PLEASED
when you collected the coins?


Please rate from 0 to 100 on the scale
below, where

  0 =             and            100 = 
 ""not at all""                    ""most possible""",rew-eff-first,1
sub_85338,436,76,postBlock2,1,1,"During the last block, how much did you
FEEL PLEASED
when you collected the coins?


Please rate from 0 to 100 on the scale
below, where

  0 =             and            100 = 
 ""not at all""                    ""most possible""",rew-eff-first,1
sub_85338,437,81,postBlock2,1,2,"During the last block, how much did you
FEEL A SENSE OF ACHIEVEMENT when you
sucessfully hit the required power level?


Please rate from 0 to 100 on the scale
below, where

  0 =             and            100 = 
 ""not at all""                    ""most possible""",rew-eff-first,1
sub_85338,438,79,postBlock0,1,2,"During the last block, how much did you
FEEL A SENSE OF ACHIEVEMENT when you
sucessfully hit the required power level?


Please rate from 0 to 100 on the scale
below, where

  0 =             and            100 = 
 ""not at all""                    ""most possible""",rew-eff-first,1
sub_85338,439,69,postBlock1,1,2,"During the last block, how much did you
FEEL A SENSE OF ACHIEVEMENT when you
sucessfully hit the required power level?


Please rate from 0 to 100 on the scale
below, where

  0 =             and            100 = 
 ""not at all""                    ""most possible""",rew-eff-first,1
sub_85338,440,98,postBlock3,1,2,"During the last block, how much did you
FEEL A SENSE OF ACHIEVEMENT when you
sucessfully hit the required power level?


Please rate from 0 to 100 on the scale
below, where

  0 =             and            100 = 
 ""not at all""                    ""most possible""",rew-eff-first,1
sub_85338,441,30,postBlock0,1,3,"During the last block, how much did you
FEEL BORED?
Please rate from 0 to 100 on the scale
below, where

  0 =             and            100 = 
 ""not at all""                    ""most possible""",rew-eff-first,1
sub_85338,442,24,postBlock1,1,3,"During the last block, how much did you
FEEL BORED?
Please rate from 0 to 100 on the scale
below, where

  0 =             and            100 = 
 ""not at all""                    ""most possible""",rew-eff-first,1
sub_85338,443,3,postBlock3,1,3,"During the last block, how much did you
FEEL BORED?
Please rate from 0 to 100 on the scale
below, where

  0 =             and            100 = 
 ""not at all""                    ""most possible""",rew-eff-first,1
sub_85338,444,12,postBlock2,1,3,"During the last block, how much did you
FEEL BORED?
Please rate from 0 to 100 on the scale
below, where

  0 =             and            100 = 
 ""not at all""                    ""most possible""",rew-eff-first,1
sub_71640,445,92,postBlock0,1,1,"During the last block, how much did you
FEEL PLEASED
when you collected the coins?


Please rate from 0 to 100 on the scale
below, where

  0 =             and            100 = 
 ""not at all""                    ""most possible""",causal-attr-first,1
sub_71640,446,66,postBlock1,1,1,"During the last block, how much did you
FEEL PLEASED
when you collected the coins?


Please rate from 0 to 100 on the scale
below, where

  0 =             and            100 = 
 ""not at all""                    ""most possible""",causal-attr-first,1
sub_71640,447,67,postBlock3,1,1,"During the last block, how much did you
FEEL PLEASED
when you collected the coins?


Please rate from 0 to 100 on the scale
below, where

  0 =             and            100 = 
 ""not at all""                    ""most possible""",causal-attr-first,1
sub_71640,448,55,postBlock2,1,1,"During the last block, how much did you
FEEL PLEASED
when you collected the coins?


Please rate from 0 to 100 on the scale
below, where

  0 =             and            100 = 
 ""not at all""                    ""most possible""",causal-attr-first,1
sub_71640,449,55,postBlock2,1,2,"During the last block, how much did you
FEEL A SENSE OF ACHIEVEMENT when you
sucessfully hit the required power level?


Please rate from 0 to 100 on the scale
below, where

  0 =             and            100 = 
 ""not at all""                    ""most possible""",causal-attr-first,1
sub_71640,450,82,postBlock0,1,2,"During the last block, how much did you
FEEL A SENSE OF ACHIEVEMENT when you
sucessfully hit the required power level?


Please rate from 0 to 100 on the scale
below, where

  0 =             and            100 = 
 ""not at all""                    ""most possible""",causal-attr-first,1
sub_71640,451,42,postBlock1,1,2,"During the last block, how much did you
FEEL A SENSE OF ACHIEVEMENT when you
sucessfully hit the required power level?


Please rate from 0 to 100 on the scale
below, where

  0 =             and            100 = 
 ""not at all""                    ""most possible""",causal-attr-first,1
sub_71640,452,74,postBlock3,1,2,"During the last block, how much did you
FEEL A SENSE OF ACHIEVEMENT when you
sucessfully hit the required power level?


Please rate from 0 to 100 on the scale
below, where

  0 =             and            100 = 
 ""not at all""                    ""most possible""",causal-attr-first,1
sub_71640,453,9,postBlock0,1,3,"During the last block, how much did you
FEEL BORED?
Please rate from 0 to 100 on the scale
below, where

  0 =             and            100 = 
 ""not at all""                    ""most possible""",causal-attr-first,1
sub_71640,454,76,postBlock1,1,3,"During the last block, how much did you
FEEL BORED?
Please rate from 0 to 100 on the scale
below, where

  0 =             and            100 = 
 ""not at all""                    ""most possible""",causal-attr-first,1
sub_71640,455,33,postBlock3,1,3,"During the last block, how much did you
FEEL BORED?
Please rate from 0 to 100 on the scale
below, where

  0 =             and            100 = 
 ""not at all""                    ""most possible""",causal-attr-first,1
sub_71640,456,84,postBlock2,1,3,"During the last block, how much did you
FEEL BORED?
Please rate from 0 to 100 on the scale
below, where

  0 =             and            100 = 
 ""not at all""                    ""most possible""",causal-attr-first,1
sub_22349,457,95,postBlock0,1,1,"During the last block, how much did you
FEEL PLEASED
when you collected the coins?


Please rate from 0 to 100 on the scale
below, where

  0 =             and            100 = 
 ""not at all""                    ""most possible""",rew-eff-first,1
sub_22349,458,90,postBlock1,1,1,"During the last block, how much did you
FEEL PLEASED
when you collected the coins?


Please rate from 0 to 100 on the scale
below, where

  0 =             and            100 = 
 ""not at all""                    ""most possible""",rew-eff-first,1
sub_22349,459,80,postBlock3,1,1,"During the last block, how much did you
FEEL PLEASED
when you collected the coins?


Please rate from 0 to 100 on the scale
below, where

  0 =             and            100 = 
 ""not at all""                    ""most possible""",rew-eff-first,1
sub_22349,460,80,postBlock2,1,1,"During the last block, how much did you
FEEL PLEASED
when you collected the coins?


Please rate from 0 to 100 on the scale
below, where

  0 =             and            100 = 
 ""not at all""                    ""most possible""",rew-eff-first,1
sub_22349,461,70,postBlock2,1,2,"During the last block, how much did you
FEEL A SENSE OF ACHIEVEMENT when you
sucessfully hit the required power level?


Please rate from 0 to 100 on the scale
below, where

  0 =             and            100 = 
 ""not at all""                    ""most possible""",rew-eff-first,1
sub_22349,462,100,postBlock0,1,2,"During the last block, how much did you
FEEL A SENSE OF ACHIEVEMENT when you
sucessfully hit the required power level?


Please rate from 0 to 100 on the scale
below, where

  0 =             and            100 = 
 ""not at all""                    ""most possible""",rew-eff-first,1
sub_22349,463,90,postBlock1,1,2,"During the last block, how much did you
FEEL A SENSE OF ACHIEVEMENT when you
sucessfully hit the required power level?


Please rate from 0 to 100 on the scale
below, where

  0 =             and            100 = 
 ""not at all""                    ""most possible""",rew-eff-first,1
sub_22349,464,85,postBlock3,1,2,"During the last block, how much did you
FEEL A SENSE OF ACHIEVEMENT when you
sucessfully hit the required power level?


Please rate from 0 to 100 on the scale
below, where

  0 =             and            100 = 
 ""not at all""                    ""most possible""",rew-eff-first,1
sub_22349,465,24,postBlock0,1,3,"During the last block, how much did you
FEEL BORED?
Please rate from 0 to 100 on the scale
below, where

  0 =             and            100 = 
 ""not at all""                    ""most possible""",rew-eff-first,1
sub_22349,466,40,postBlock1,1,3,"During the last block, how much did you
FEEL BORED?
Please rate from 0 to 100 on the scale
below, where

  0 =             and            100 = 
 ""not at all""                    ""most possible""",rew-eff-first,1
sub_22349,467,40,postBlock3,1,3,"During the last block, how much did you
FEEL BORED?
Please rate from 0 to 100 on the scale
below, where

  0 =             and            100 = 
 ""not at all""                    ""most possible""",rew-eff-first,1
sub_22349,468,50,postBlock2,1,3,"During the last block, how much did you
FEEL BORED?
Please rate from 0 to 100 on the scale
below, where

  0 =             and            100 = 
 ""not at all""                    ""most possible""",rew-eff-first,1
sub_44782,469,83,postBlock0,1,1,"During the last block, how much did you
FEEL PLEASED
when you collected the coins?


Please rate from 0 to 100 on the scale
below, where

  0 =             and            100 = 
 ""not at all""                    ""most possible""",rew-eff-first,1
sub_44782,470,88,postBlock1,1,1,"During the last block, how much did you
FEEL PLEASED
when you collected the coins?


Please rate from 0 to 100 on the scale
below, where

  0 =             and            100 = 
 ""not at all""                    ""most possible""",rew-eff-first,1
sub_44782,471,87,postBlock3,1,1,"During the last block, how much did you
FEEL PLEASED
when you collected the coins?


Please rate from 0 to 100 on the scale
below, where

  0 =             and            100 = 
 ""not at all""                    ""most possible""",rew-eff-first,1
sub_44782,472,85,postBlock2,1,1,"During the last block, how much did you
FEEL PLEASED
when you collected the coins?


Please rate from 0 to 100 on the scale
below, where

  0 =             and            100 = 
 ""not at all""                    ""most possible""",rew-eff-first,1
sub_44782,473,77,postBlock2,1,2,"During the last block, how much did you
FEEL A SENSE OF ACHIEVEMENT when you
sucessfully hit the required power level?


Please rate from 0 to 100 on the scale
below, where

  0 =             and            100 = 
 ""not at all""                    ""most possible""",rew-eff-first,1
sub_44782,474,72,postBlock0,1,2,"During the last block, how much did you
FEEL A SENSE OF ACHIEVEMENT when you
sucessfully hit the required power level?


Please rate from 0 to 100 on the scale
below, where

  0 =             and            100 = 
 ""not at all""                    ""most possible""",rew-eff-first,1
sub_44782,475,77,postBlock1,1,2,"During the last block, how much did you
FEEL A SENSE OF ACHIEVEMENT when you
sucessfully hit the required power level?


Please rate from 0 to 100 on the scale
below, where

  0 =             and            100 = 
 ""not at all""                    ""most possible""",rew-eff-first,1
sub_44782,476,79,postBlock3,1,2,"During the last block, how much did you
FEEL A SENSE OF ACHIEVEMENT when you
sucessfully hit the required power level?


Please rate from 0 to 100 on the scale
below, where

  0 =             and            100 = 
 ""not at all""                    ""most possible""",rew-eff-first,1
sub_44782,477,59,postBlock0,1,3,"During the last block, how much did you
FEEL BORED?
Please rate from 0 to 100 on the scale
below, where

  0 =             and            100 = 
 ""not at all""                    ""most possible""",rew-eff-first,1
sub_44782,478,62,postBlock1,1,3,"During the last block, how much did you
FEEL BORED?
Please rate from 0 to 100 on the scale
below, where

  0 =             and            100 = 
 ""not at all""                    ""most possible""",rew-eff-first,1
sub_44782,479,80,postBlock3,1,3,"During the last block, how much did you
FEEL BORED?
Please rate from 0 to 100 on the scale
below, where

  0 =             and            100 = 
 ""not at all""                    ""most possible""",rew-eff-first,1
sub_44782,480,74,postBlock2,1,3,"During the last block, how much did you
FEEL BORED?
Please rate from 0 to 100 on the scale
below, where

  0 =             and            100 = 
 ""not at all""                    ""most possible""",rew-eff-first,1
sub_50563,481,81,postBlock0,1,1,"During the last block, how much did you
FEEL PLEASED
when you collected the coins?


Please rate from 0 to 100 on the scale
below, where

  0 =             and            100 = 
 ""not at all""                    ""most possible""",rew-eff-first,1
sub_50563,482,76,postBlock1,1,1,"During the last block, how much did you
FEEL PLEASED
when you collected the coins?


Please rate from 0 to 100 on the scale
below, where

  0 =             and            100 = 
 ""not at all""                    ""most possible""",rew-eff-first,1
sub_50563,483,88,postBlock3,1,1,"During the last block, how much did you
FEEL PLEASED
when you collected the coins?


Please rate from 0 to 100 on the scale
below, where

  0 =             and            100 = 
 ""not at all""                    ""most possible""",rew-eff-first,1
sub_50563,484,88,postBlock2,1,1,"During the last block, how much did you
FEEL PLEASED
when you collected the coins?


Please rate from 0 to 100 on the scale
below, where

  0 =             and            100 = 
 ""not at all""                    ""most possible""",rew-eff-first,1
sub_50563,485,84,postBlock2,1,2,"During the last block, how much did you
FEEL A SENSE OF ACHIEVEMENT when you
sucessfully hit the required power level?


Please rate from 0 to 100 on the scale
below, where

  0 =             and            100 = 
 ""not at all""                    ""most possible""",rew-eff-first,1
sub_50563,486,82,postBlock0,1,2,"During the last block, how much did you
FEEL A SENSE OF ACHIEVEMENT when you
sucessfully hit the required power level?


Please rate from 0 to 100 on the scale
below, where

  0 =             and            100 = 
 ""not at all""                    ""most possible""",rew-eff-first,1
sub_50563,487,76,postBlock1,1,2,"During the last block, how much did you
FEEL A SENSE OF ACHIEVEMENT when you
sucessfully hit the required power level?


Please rate from 0 to 100 on the scale
below, where

  0 =             and            100 = 
 ""not at all""                    ""most possible""",rew-eff-first,1
sub_50563,488,88,postBlock3,1,2,"During the last block, how much did you
FEEL A SENSE OF ACHIEVEMENT when you
sucessfully hit the required power level?


Please rate from 0 to 100 on the scale
below, where

  0 =             and            100 = 
 ""not at all""                    ""most possible""",rew-eff-first,1
sub_50563,489,9,postBlock0,1,3,"During the last block, how much did you
FEEL BORED?
Please rate from 0 to 100 on the scale
below, where

  0 =             and            100 = 
 ""not at all""                    ""most possible""",rew-eff-first,1
sub_50563,490,25,postBlock1,1,3,"During the last block, how much did you
FEEL BORED?
Please rate from 0 to 100 on the scale
below, where

  0 =             and            100 = 
 ""not at all""                    ""most possible""",rew-eff-first,1
sub_50563,491,18,postBlock3,1,3,"During the last block, how much did you
FEEL BORED?
Please rate from 0 to 100 on the scale
below, where

  0 =             and            100 = 
 ""not at all""                    ""most possible""",rew-eff-first,1
sub_50563,492,19,postBlock2,1,3,"During the last block, how much did you
FEEL BORED?
Please rate from 0 to 100 on the scale
below, where

  0 =             and            100 = 
 ""not at all""                    ""most possible""",rew-eff-first,1
sub_71979,493,79,postBlock0,1,1,"During the last block, how much did you
FEEL PLEASED
when you collected the coins?


Please rate from 0 to 100 on the scale
below, where

  0 =             and            100 = 
 ""not at all""                    ""most possible""",rew-eff-first,1
sub_71979,494,74,postBlock1,1,1,"During the last block, how much did you
FEEL PLEASED
when you collected the coins?


Please rate from 0 to 100 on the scale
below, where

  0 =             and            100 = 
 ""not at all""                    ""most possible""",rew-eff-first,1
sub_71979,495,71,postBlock3,1,1,"During the last block, how much did you
FEEL PLEASED
when you collected the coins?


Please rate from 0 to 100 on the scale
below, where

  0 =             and            100 = 
 ""not at all""                    ""most possible""",rew-eff-first,1
sub_71979,496,77,postBlock2,1,1,"During the last block, how much did you
FEEL PLEASED
when you collected the coins?


Please rate from 0 to 100 on the scale
below, where

  0 =             and            100 = 
 ""not at all""                    ""most possible""",rew-eff-first,1
sub_71979,497,81,postBlock2,1,2,"During the last block, how much did you
FEEL A SENSE OF ACHIEVEMENT when you
sucessfully hit the required power level?


Please rate from 0 to 100 on the scale
below, where

  0 =             and            100 = 
 ""not at all""                    ""most possible""",rew-eff-first,1
sub_71979,498,96,postBlock0,1,2,"During the last block, how much did you
FEEL A SENSE OF ACHIEVEMENT when you
sucessfully hit the required power level?


Please rate from 0 to 100 on the scale
below, where

  0 =             and            100 = 
 ""not at all""                    ""most possible""",rew-eff-first,1
sub_71979,499,82,postBlock1,1,2,"During the last block, how much did you
FEEL A SENSE OF ACHIEVEMENT when you
sucessfully hit the required power level?


Please rate from 0 to 100 on the scale
below, where

  0 =             and            100 = 
 ""not at all""                    ""most possible""",rew-eff-first,1
sub_71979,500,78,postBlock3,1,2,"During the last block, how much did you
FEEL A SENSE OF ACHIEVEMENT when you
sucessfully hit the required power level?


Please rate from 0 to 100 on the scale
below, where

  0 =             and            100 = 
 ""not at all""                    ""most possible""",rew-eff-first,1
sub_71979,501,32,postBlock0,1,3,"During the last block, how much did you
FEEL BORED?
Please rate from 0 to 100 on the scale
below, where

  0 =             and            100 = 
 ""not at all""                    ""most possible""",rew-eff-first,1
sub_71979,502,33,postBlock1,1,3,"During the last block, how much did you
FEEL BORED?
Please rate from 0 to 100 on the scale
below, where

  0 =             and            100 = 
 ""not at all""                    ""most possible""",rew-eff-first,1
sub_71979,503,35,postBlock3,1,3,"During the last block, how much did you
FEEL BORED?
Please rate from 0 to 100 on the scale
below, where

  0 =             and            100 = 
 ""not at all""                    ""most possible""",rew-eff-first,1
sub_71979,504,34,postBlock2,1,3,"During the last block, how much did you
FEEL BORED?
Please rate from 0 to 100 on the scale
below, where

  0 =             and            100 = 
 ""not at all""                    ""most possible""",rew-eff-first,1
sub_88974,505,55,postBlock0,1,1,"During the last block, how much did you
FEEL PLEASED
when you collected the coins?


Please rate from 0 to 100 on the scale
below, where

  0 =             and            100 = 
 ""not at all""                    ""most possible""",causal-attr-first,1
sub_88974,506,65,postBlock1,1,1,"During the last block, how much did you
FEEL PLEASED
when you collected the coins?


Please rate from 0 to 100 on the scale
below, where

  0 =             and            100 = 
 ""not at all""                    ""most possible""",causal-attr-first,1
sub_88974,507,60,postBlock3,1,1,"During the last block, how much did you
FEEL PLEASED
when you collected the coins?


Please rate from 0 to 100 on the scale
below, where

  0 =             and            100 = 
 ""not at all""                    ""most possible""",causal-attr-first,1
sub_88974,508,60,postBlock2,1,1,"During the last block, how much did you
FEEL PLEASED
when you collected the coins?


Please rate from 0 to 100 on the scale
below, where

  0 =             and            100 = 
 ""not at all""                    ""most possible""",causal-attr-first,1
sub_88974,509,55,postBlock2,1,2,"During the last block, how much did you
FEEL A SENSE OF ACHIEVEMENT when you
sucessfully hit the required power level?


Please rate from 0 to 100 on the scale
below, where

  0 =             and            100 = 
 ""not at all""                    ""most possible""",causal-attr-first,1
sub_88974,510,55,postBlock0,1,2,"During the last block, how much did you
FEEL A SENSE OF ACHIEVEMENT when you
sucessfully hit the required power level?


Please rate from 0 to 100 on the scale
below, where

  0 =             and            100 = 
 ""not at all""                    ""most possible""",causal-attr-first,1
sub_88974,511,60,postBlock1,1,2,"During the last block, how much did you
FEEL A SENSE OF ACHIEVEMENT when you
sucessfully hit the required power level?


Please rate from 0 to 100 on the scale
below, where

  0 =             and            100 = 
 ""not at all""                    ""most possible""",causal-attr-first,1
sub_88974,512,55,postBlock3,1,2,"During the last block, how much did you
FEEL A SENSE OF ACHIEVEMENT when you
sucessfully hit the required power level?


Please rate from 0 to 100 on the scale
below, where

  0 =             and            100 = 
 ""not at all""                    ""most possible""",causal-attr-first,1
sub_88974,513,65,postBlock0,1,3,"During the last block, how much did you
FEEL BORED?
Please rate from 0 to 100 on the scale
below, where

  0 =             and            100 = 
 ""not at all""                    ""most possible""",causal-attr-first,1
sub_88974,514,45,postBlock1,1,3,"During the last block, how much did you
FEEL BORED?
Please rate from 0 to 100 on the scale
below, where

  0 =             and            100 = 
 ""not at all""                    ""most possible""",causal-attr-first,1
sub_88974,515,55,postBlock3,1,3,"During the last block, how much did you
FEEL BORED?
Please rate from 0 to 100 on the scale
below, where

  0 =             and            100 = 
 ""not at all""                    ""most possible""",causal-attr-first,1
sub_88974,516,65,postBlock2,1,3,"During the last block, how much did you
FEEL BORED?
Please rate from 0 to 100 on the scale
below, where

  0 =             and            100 = 
 ""not at all""                    ""most possible""",causal-attr-first,1
sub_61468,517,76,postBlock0,1,1,"During the last block, how much did you
FEEL PLEASED
when you collected the coins?


Please rate from 0 to 100 on the scale
below, where

  0 =             and            100 = 
 ""not at all""                    ""most possible""",causal-attr-first,1
sub_61468,518,65,postBlock1,1,1,"During the last block, how much did you
FEEL PLEASED
when you collected the coins?


Please rate from 0 to 100 on the scale
below, where

  0 =             and            100 = 
 ""not at all""                    ""most possible""",causal-attr-first,1
sub_61468,519,58,postBlock3,1,1,"During the last block, how much did you
FEEL PLEASED
when you collected the coins?


Please rate from 0 to 100 on the scale
below, where

  0 =             and            100 = 
 ""not at all""                    ""most possible""",causal-attr-first,1
sub_61468,520,64,postBlock2,1,1,"During the last block, how much did you
FEEL PLEASED
when you collected the coins?


Please rate from 0 to 100 on the scale
below, where

  0 =             and            100 = 
 ""not at all""                    ""most possible""",causal-attr-first,1
sub_61468,521,62,postBlock2,1,2,"During the last block, how much did you
FEEL A SENSE OF ACHIEVEMENT when you
sucessfully hit the required power level?


Please rate from 0 to 100 on the scale
below, where

  0 =             and            100 = 
 ""not at all""                    ""most possible""",causal-attr-first,1
sub_61468,522,69,postBlock0,1,2,"During the last block, how much did you
FEEL A SENSE OF ACHIEVEMENT when you
sucessfully hit the required power level?


Please rate from 0 to 100 on the scale
below, where

  0 =             and            100 = 
 ""not at all""                    ""most possible""",causal-attr-first,1
sub_61468,523,68,postBlock1,1,2,"During the last block, how much did you
FEEL A SENSE OF ACHIEVEMENT when you
sucessfully hit the required power level?


Please rate from 0 to 100 on the scale
below, where

  0 =             and            100 = 
 ""not at all""                    ""most possible""",causal-attr-first,1
sub_61468,524,46,postBlock3,1,2,"During the last block, how much did you
FEEL A SENSE OF ACHIEVEMENT when you
sucessfully hit the required power level?


Please rate from 0 to 100 on the scale
below, where

  0 =             and            100 = 
 ""not at all""                    ""most possible""",causal-attr-first,1
sub_61468,525,38,postBlock0,1,3,"During the last block, how much did you
FEEL BORED?
Please rate from 0 to 100 on the scale
below, where

  0 =             and            100 = 
 ""not at all""                    ""most possible""",causal-attr-first,1
sub_61468,526,16,postBlock1,1,3,"During the last block, how much did you
FEEL BORED?
Please rate from 0 to 100 on the scale
below, where

  0 =             and            100 = 
 ""not at all""                    ""most possible""",causal-attr-first,1
sub_61468,527,25,postBlock3,1,3,"During the last block, how much did you
FEEL BORED?
Please rate from 0 to 100 on the scale
below, where

  0 =             and            100 = 
 ""not at all""                    ""most possible""",causal-attr-first,1
sub_61468,528,55,postBlock2,1,3,"During the last block, how much did you
FEEL BORED?
Please rate from 0 to 100 on the scale
below, where

  0 =             and            100 = 
 ""not at all""                    ""most possible""",causal-attr-first,1
sub_84432,529,70,postBlock0,1,1,"During the last block, how much did you
FEEL PLEASED
when you collected the coins?


Please rate from 0 to 100 on the scale
below, where

  0 =             and            100 = 
 ""not at all""                    ""most possible""",rew-eff-first,1
sub_84432,530,64,postBlock1,1,1,"During the last block, how much did you
FEEL PLEASED
when you collected the coins?


Please rate from 0 to 100 on the scale
below, where

  0 =             and            100 = 
 ""not at all""                    ""most possible""",rew-eff-first,1
sub_84432,531,57,postBlock3,1,1,"During the last block, how much did you
FEEL PLEASED
when you collected the coins?


Please rate from 0 to 100 on the scale
below, where

  0 =             and            100 = 
 ""not at all""                    ""most possible""",rew-eff-first,1
sub_84432,532,60,postBlock2,1,1,"During the last block, how much did you
FEEL PLEASED
when you collected the coins?


Please rate from 0 to 100 on the scale
below, where

  0 =             and            100 = 
 ""not at all""                    ""most possible""",rew-eff-first,1
sub_84432,533,50,postBlock2,1,2,"During the last block, how much did you
FEEL A SENSE OF ACHIEVEMENT when you
sucessfully hit the required power level?


Please rate from 0 to 100 on the scale
below, where

  0 =             and            100 = 
 ""not at all""                    ""most possible""",rew-eff-first,1
sub_84432,534,62,postBlock0,1,2,"During the last block, how much did you
FEEL A SENSE OF ACHIEVEMENT when you
sucessfully hit the required power level?


Please rate from 0 to 100 on the scale
below, where

  0 =             and            100 = 
 ""not at all""                    ""most possible""",rew-eff-first,1
sub_84432,535,57,postBlock1,1,2,"During the last block, how much did you
FEEL A SENSE OF ACHIEVEMENT when you
sucessfully hit the required power level?


Please rate from 0 to 100 on the scale
below, where

  0 =             and            100 = 
 ""not at all""                    ""most possible""",rew-eff-first,1
sub_84432,536,52,postBlock3,1,2,"During the last block, how much did you
FEEL A SENSE OF ACHIEVEMENT when you
sucessfully hit the required power level?


Please rate from 0 to 100 on the scale
below, where

  0 =             and            100 = 
 ""not at all""                    ""most possible""",rew-eff-first,1
sub_84432,537,1,postBlock0,1,3,"During the last block, how much did you
FEEL BORED?
Please rate from 0 to 100 on the scale
below, where

  0 =             and            100 = 
 ""not at all""                    ""most possible""",rew-eff-first,1
sub_84432,538,7,postBlock1,1,3,"During the last block, how much did you
FEEL BORED?
Please rate from 0 to 100 on the scale
below, where

  0 =             and            100 = 
 ""not at all""                    ""most possible""",rew-eff-first,1
sub_84432,539,11,postBlock3,1,3,"During the last block, how much did you
FEEL BORED?
Please rate from 0 to 100 on the scale
below, where

  0 =             and            100 = 
 ""not at all""                    ""most possible""",rew-eff-first,1
sub_84432,540,11,postBlock2,1,3,"During the last block, how much did you
FEEL BORED?
Please rate from 0 to 100 on the scale
below, where

  0 =             and            100 = 
 ""not at all""                    ""most possible""",rew-eff-first,1
sub_97602,541,85,postBlock0,1,1,"During the last block, how much did you
FEEL PLEASED
when you collected the coins?


Please rate from 0 to 100 on the scale
below, where

  0 =             and            100 = 
 ""not at all""                    ""most possible""",rew-eff-first,1
sub_97602,542,85,postBlock1,1,1,"During the last block, how much did you
FEEL PLEASED
when you collected the coins?


Please rate from 0 to 100 on the scale
below, where

  0 =             and            100 = 
 ""not at all""                    ""most possible""",rew-eff-first,1
sub_97602,543,80,postBlock3,1,1,"During the last block, how much did you
FEEL PLEASED
when you collected the coins?


Please rate from 0 to 100 on the scale
below, where

  0 =             and            100 = 
 ""not at all""                    ""most possible""",rew-eff-first,1
sub_97602,544,80,postBlock2,1,1,"During the last block, how much did you
FEEL PLEASED
when you collected the coins?


Please rate from 0 to 100 on the scale
below, where

  0 =             and            100 = 
 ""not at all""                    ""most possible""",rew-eff-first,1
sub_97602,545,80,postBlock2,1,2,"During the last block, how much did you
FEEL A SENSE OF ACHIEVEMENT when you
sucessfully hit the required power level?


Please rate from 0 to 100 on the scale
below, where

  0 =             and            100 = 
 ""not at all""                    ""most possible""",rew-eff-first,1
sub_97602,546,80,postBlock0,1,2,"During the last block, how much did you
FEEL A SENSE OF ACHIEVEMENT when you
sucessfully hit the required power level?


Please rate from 0 to 100 on the scale
below, where

  0 =             and            100 = 
 ""not at all""                    ""most possible""",rew-eff-first,1
sub_97602,547,80,postBlock1,1,2,"During the last block, how much did you
FEEL A SENSE OF ACHIEVEMENT when you
sucessfully hit the required power level?


Please rate from 0 to 100 on the scale
below, where

  0 =             and            100 = 
 ""not at all""                    ""most possible""",rew-eff-first,1
sub_97602,548,80,postBlock3,1,2,"During the last block, how much did you
FEEL A SENSE OF ACHIEVEMENT when you
sucessfully hit the required power level?


Please rate from 0 to 100 on the scale
below, where

  0 =             and            100 = 
 ""not at all""                    ""most possible""",rew-eff-first,1
sub_97602,549,60,postBlock0,1,3,"During the last block, how much did you
FEEL BORED?
Please rate from 0 to 100 on the scale
below, where

  0 =             and            100 = 
 ""not at all""                    ""most possible""",rew-eff-first,1
sub_97602,550,65,postBlock1,1,3,"During the last block, how much did you
FEEL BORED?
Please rate from 0 to 100 on the scale
below, where

  0 =             and            100 = 
 ""not at all""                    ""most possible""",rew-eff-first,1
sub_97602,551,70,postBlock3,1,3,"During the last block, how much did you
FEEL BORED?
Please rate from 0 to 100 on the scale
below, where

  0 =             and            100 = 
 ""not at all""                    ""most possible""",rew-eff-first,1
sub_97602,552,70,postBlock2,1,3,"During the last block, how much did you
FEEL BORED?
Please rate from 0 to 100 on the scale
below, where

  0 =             and            100 = 
 ""not at all""                    ""most possible""",rew-eff-first,1
sub_74399,553,83,postBlock0,1,1,"During the last block, how much did you
FEEL PLEASED
when you collected the coins?


Please rate from 0 to 100 on the scale
below, where

  0 =             and            100 = 
 ""not at all""                    ""most possible""",rew-eff-first,1
sub_74399,554,94,postBlock1,1,1,"During the last block, how much did you
FEEL PLEASED
when you collected the coins?


Please rate from 0 to 100 on the scale
below, where

  0 =             and            100 = 
 ""not at all""                    ""most possible""",rew-eff-first,1
sub_74399,555,83,postBlock3,1,1,"During the last block, how much did you
FEEL PLEASED
when you collected the coins?


Please rate from 0 to 100 on the scale
below, where

  0 =             and            100 = 
 ""not at all""                    ""most possible""",rew-eff-first,1
sub_74399,556,70,postBlock2,1,1,"During the last block, how much did you
FEEL PLEASED
when you collected the coins?


Please rate from 0 to 100 on the scale
below, where

  0 =             and            100 = 
 ""not at all""                    ""most possible""",rew-eff-first,1
sub_74399,557,65,postBlock2,1,2,"During the last block, how much did you
FEEL A SENSE OF ACHIEVEMENT when you
sucessfully hit the required power level?


Please rate from 0 to 100 on the scale
below, where

  0 =             and            100 = 
 ""not at all""                    ""most possible""",rew-eff-first,1
sub_74399,558,71,postBlock0,1,2,"During the last block, how much did you
FEEL A SENSE OF ACHIEVEMENT when you
sucessfully hit the required power level?


Please rate from 0 to 100 on the scale
below, where

  0 =             and            100 = 
 ""not at all""                    ""most possible""",rew-eff-first,1
sub_74399,559,73,postBlock1,1,2,"During the last block, how much did you
FEEL A SENSE OF ACHIEVEMENT when you
sucessfully hit the required power level?


Please rate from 0 to 100 on the scale
below, where

  0 =             and            100 = 
 ""not at all""                    ""most possible""",rew-eff-first,1
sub_74399,560,66,postBlock3,1,2,"During the last block, how much did you
FEEL A SENSE OF ACHIEVEMENT when you
sucessfully hit the required power level?


Please rate from 0 to 100 on the scale
below, where

  0 =             and            100 = 
 ""not at all""                    ""most possible""",rew-eff-first,1
sub_74399,561,46,postBlock0,1,3,"During the last block, how much did you
FEEL BORED?
Please rate from 0 to 100 on the scale
below, where

  0 =             and            100 = 
 ""not at all""                    ""most possible""",rew-eff-first,1
sub_74399,562,43,postBlock1,1,3,"During the last block, how much did you
FEEL BORED?
Please rate from 0 to 100 on the scale
below, where

  0 =             and            100 = 
 ""not at all""                    ""most possible""",rew-eff-first,1
sub_74399,563,61,postBlock3,1,3,"During the last block, how much did you
FEEL BORED?
Please rate from 0 to 100 on the scale
below, where

  0 =             and            100 = 
 ""not at all""                    ""most possible""",rew-eff-first,1
sub_74399,564,57,postBlock2,1,3,"During the last block, how much did you
FEEL BORED?
Please rate from 0 to 100 on the scale
below, where

  0 =             and            100 = 
 ""not at all""                    ""most possible""",rew-eff-first,1
sub_11224,565,86,postBlock0,1,1,"During the last block, how much did you
FEEL PLEASED
when you collected the coins?


Please rate from 0 to 100 on the scale
below, where

  0 =             and            100 = 
 ""not at all""                    ""most possible""",rew-eff-first,1
sub_11224,566,97,postBlock1,1,1,"During the last block, how much did you
FEEL PLEASED
when you collected the coins?


Please rate from 0 to 100 on the scale
below, where

  0 =             and            100 = 
 ""not at all""                    ""most possible""",rew-eff-first,1
sub_11224,567,95,postBlock3,1,1,"During the last block, how much did you
FEEL PLEASED
when you collected the coins?


Please rate from 0 to 100 on the scale
below, where

  0 =             and            100 = 
 ""not at all""                    ""most possible""",rew-eff-first,1
sub_11224,568,98,postBlock2,1,1,"During the last block, how much did you
FEEL PLEASED
when you collected the coins?


Please rate from 0 to 100 on the scale
below, where

  0 =             and            100 = 
 ""not at all""                    ""most possible""",rew-eff-first,1
sub_11224,569,97,postBlock2,1,2,"During the last block, how much did you
FEEL A SENSE OF ACHIEVEMENT when you
sucessfully hit the required power level?


Please rate from 0 to 100 on the scale
below, where

  0 =             and            100 = 
 ""not at all""                    ""most possible""",rew-eff-first,1
sub_11224,570,23,postBlock0,1,2,"During the last block, how much did you
FEEL A SENSE OF ACHIEVEMENT when you
sucessfully hit the required power level?


Please rate from 0 to 100 on the scale
below, where

  0 =             and            100 = 
 ""not at all""                    ""most possible""",rew-eff-first,1
sub_11224,571,97,postBlock1,1,2,"During the last block, how much did you
FEEL A SENSE OF ACHIEVEMENT when you
sucessfully hit the required power level?


Please rate from 0 to 100 on the scale
below, where

  0 =             and            100 = 
 ""not at all""                    ""most possible""",rew-eff-first,1
sub_11224,572,89,postBlock3,1,2,"During the last block, how much did you
FEEL A SENSE OF ACHIEVEMENT when you
sucessfully hit the required power level?


Please rate from 0 to 100 on the scale
below, where

  0 =             and            100 = 
 ""not at all""                    ""most possible""",rew-eff-first,1
sub_11224,573,74,postBlock0,1,3,"During the last block, how much did you
FEEL BORED?
Please rate from 0 to 100 on the scale
below, where

  0 =             and            100 = 
 ""not at all""                    ""most possible""",rew-eff-first,1
sub_11224,574,47,postBlock1,1,3,"During the last block, how much did you
FEEL BORED?
Please rate from 0 to 100 on the scale
below, where

  0 =             and            100 = 
 ""not at all""                    ""most possible""",rew-eff-first,1
sub_11224,575,81,postBlock3,1,3,"During the last block, how much did you
FEEL BORED?
Please rate from 0 to 100 on the scale
below, where

  0 =             and            100 = 
 ""not at all""                    ""most possible""",rew-eff-first,1
sub_11224,576,57,postBlock2,1,3,"During the last block, how much did you
FEEL BORED?
Please rate from 0 to 100 on the scale
below, where

  0 =             and            100 = 
 ""not at all""                    ""most possible""",rew-eff-first,1
sub_11944,577,80,postBlock0,1,1,"During the last block, how much did you
FEEL PLEASED
when you collected the coins?


Please rate from 0 to 100 on the scale
below, where

  0 =             and            100 = 
 ""not at all""                    ""most possible""",causal-attr-first,1
sub_11944,578,85,postBlock1,1,1,"During the last block, how much did you
FEEL PLEASED
when you collected the coins?


Please rate from 0 to 100 on the scale
below, where

  0 =             and            100 = 
 ""not at all""                    ""most possible""",causal-attr-first,1
sub_11944,579,87,postBlock3,1,1,"During the last block, how much did you
FEEL PLEASED
when you collected the coins?


Please rate from 0 to 100 on the scale
below, where

  0 =             and            100 = 
 ""not at all""                    ""most possible""",causal-attr-first,1
sub_11944,580,85,postBlock2,1,1,"During the last block, how much did you
FEEL PLEASED
when you collected the coins?


Please rate from 0 to 100 on the scale
below, where

  0 =             and            100 = 
 ""not at all""                    ""most possible""",causal-attr-first,1
sub_11944,581,86,postBlock2,1,2,"During the last block, how much did you
FEEL A SENSE OF ACHIEVEMENT when you
sucessfully hit the required power level?


Please rate from 0 to 100 on the scale
below, where

  0 =             and            100 = 
 ""not at all""                    ""most possible""",causal-attr-first,1
sub_11944,582,84,postBlock0,1,2,"During the last block, how much did you
FEEL A SENSE OF ACHIEVEMENT when you
sucessfully hit the required power level?


Please rate from 0 to 100 on the scale
below, where

  0 =             and            100 = 
 ""not at all""                    ""most possible""",causal-attr-first,1
sub_11944,583,86,postBlock1,1,2,"During the last block, how much did you
FEEL A SENSE OF ACHIEVEMENT when you
sucessfully hit the required power level?


Please rate from 0 to 100 on the scale
below, where

  0 =             and            100 = 
 ""not at all""                    ""most possible""",causal-attr-first,1
sub_11944,584,91,postBlock3,1,2,"During the last block, how much did you
FEEL A SENSE OF ACHIEVEMENT when you
sucessfully hit the required power level?


Please rate from 0 to 100 on the scale
below, where

  0 =             and            100 = 
 ""not at all""                    ""most possible""",causal-attr-first,1
sub_11944,585,0,postBlock0,1,3,"During the last block, how much did you
FEEL BORED?
Please rate from 0 to 100 on the scale
below, where

  0 =             and            100 = 
 ""not at all""                    ""most possible""",causal-attr-first,1
sub_11944,586,0,postBlock1,1,3,"During the last block, how much did you
FEEL BORED?
Please rate from 0 to 100 on the scale
below, where

  0 =             and            100 = 
 ""not at all""                    ""most possible""",causal-attr-first,1
sub_11944,587,1,postBlock3,1,3,"During the last block, how much did you
FEEL BORED?
Please rate from 0 to 100 on the scale
below, where

  0 =             and            100 = 
 ""not at all""                    ""most possible""",causal-attr-first,1
sub_11944,588,0,postBlock2,1,3,"During the last block, how much did you
FEEL BORED?
Please rate from 0 to 100 on the scale
below, where

  0 =             and            100 = 
 ""not at all""                    ""most possible""",causal-attr-first,1
sub_35326,589,75,postBlock0,1,1,"During the last block, how much did you
FEEL PLEASED
when you collected the coins?


Please rate from 0 to 100 on the scale
below, where

  0 =             and            100 = 
 ""not at all""                    ""most possible""",rew-eff-first,1
sub_35326,590,71,postBlock1,1,1,"During the last block, how much did you
FEEL PLEASED
when you collected the coins?


Please rate from 0 to 100 on the scale
below, where

  0 =             and            100 = 
 ""not at all""                    ""most possible""",rew-eff-first,1
sub_35326,591,60,postBlock3,1,1,"During the last block, how much did you
FEEL PLEASED
when you collected the coins?


Please rate from 0 to 100 on the scale
below, where

  0 =             and            100 = 
 ""not at all""                    ""most possible""",rew-eff-first,1
sub_35326,592,64,postBlock2,1,1,"During the last block, how much did you
FEEL PLEASED
when you collected the coins?


Please rate from 0 to 100 on the scale
below, where

  0 =             and            100 = 
 ""not at all""                    ""most possible""",rew-eff-first,1
sub_35326,593,55,postBlock2,1,2,"During the last block, how much did you
FEEL A SENSE OF ACHIEVEMENT when you
sucessfully hit the required power level?


Please rate from 0 to 100 on the scale
below, where

  0 =             and            100 = 
 ""not at all""                    ""most possible""",rew-eff-first,1
sub_35326,594,71,postBlock0,1,2,"During the last block, how much did you
FEEL A SENSE OF ACHIEVEMENT when you
sucessfully hit the required power level?


Please rate from 0 to 100 on the scale
below, where

  0 =             and            100 = 
 ""not at all""                    ""most possible""",rew-eff-first,1
sub_35326,595,55,postBlock1,1,2,"During the last block, how much did you
FEEL A SENSE OF ACHIEVEMENT when you
sucessfully hit the required power level?


Please rate from 0 to 100 on the scale
below, where

  0 =             and            100 = 
 ""not at all""                    ""most possible""",rew-eff-first,1
sub_35326,596,60,postBlock3,1,2,"During the last block, how much did you
FEEL A SENSE OF ACHIEVEMENT when you
sucessfully hit the required power level?


Please rate from 0 to 100 on the scale
below, where

  0 =             and            100 = 
 ""not at all""                    ""most possible""",rew-eff-first,1
sub_35326,597,10,postBlock0,1,3,"During the last block, how much did you
FEEL BORED?
Please rate from 0 to 100 on the scale
below, where

  0 =             and            100 = 
 ""not at all""                    ""most possible""",rew-eff-first,1
sub_35326,598,10,postBlock1,1,3,"During the last block, how much did you
FEEL BORED?
Please rate from 0 to 100 on the scale
below, where

  0 =             and            100 = 
 ""not at all""                    ""most possible""",rew-eff-first,1
sub_35326,599,15,postBlock3,1,3,"During the last block, how much did you
FEEL BORED?
Please rate from 0 to 100 on the scale
below, where

  0 =             and            100 = 
 ""not at all""                    ""most possible""",rew-eff-first,1
sub_35326,600,20,postBlock2,1,3,"During the last block, how much did you
FEEL BORED?
Please rate from 0 to 100 on the scale
below, where

  0 =             and            100 = 
 ""not at all""                    ""most possible""",rew-eff-first,1
sub_81419,601,77,postBlock0,1,1,"During the last block, how much did you
FEEL PLEASED
when you collected the coins?


Please rate from 0 to 100 on the scale
below, where

  0 =             and            100 = 
 ""not at all""                    ""most possible""",rew-eff-first,1
sub_81419,602,81,postBlock1,1,1,"During the last block, how much did you
FEEL PLEASED
when you collected the coins?


Please rate from 0 to 100 on the scale
below, where

  0 =             and            100 = 
 ""not at all""                    ""most possible""",rew-eff-first,1
sub_81419,603,86,postBlock3,1,1,"During the last block, how much did you
FEEL PLEASED
when you collected the coins?


Please rate from 0 to 100 on the scale
below, where

  0 =             and            100 = 
 ""not at all""                    ""most possible""",rew-eff-first,1
sub_81419,604,64,postBlock2,1,1,"During the last block, how much did you
FEEL PLEASED
when you collected the coins?


Please rate from 0 to 100 on the scale
below, where

  0 =             and            100 = 
 ""not at all""                    ""most possible""",rew-eff-first,1
sub_81419,605,62,postBlock2,1,2,"During the last block, how much did you
FEEL A SENSE OF ACHIEVEMENT when you
sucessfully hit the required power level?


Please rate from 0 to 100 on the scale
below, where

  0 =             and            100 = 
 ""not at all""                    ""most possible""",rew-eff-first,1
sub_81419,606,88,postBlock0,1,2,"During the last block, how much did you
FEEL A SENSE OF ACHIEVEMENT when you
sucessfully hit the required power level?


Please rate from 0 to 100 on the scale
below, where

  0 =             and            100 = 
 ""not at all""                    ""most possible""",rew-eff-first,1
sub_81419,607,74,postBlock1,1,2,"During the last block, how much did you
FEEL A SENSE OF ACHIEVEMENT when you
sucessfully hit the required power level?


Please rate from 0 to 100 on the scale
below, where

  0 =             and            100 = 
 ""not at all""                    ""most possible""",rew-eff-first,1
sub_81419,608,83,postBlock3,1,2,"During the last block, how much did you
FEEL A SENSE OF ACHIEVEMENT when you
sucessfully hit the required power level?


Please rate from 0 to 100 on the scale
below, where

  0 =             and            100 = 
 ""not at all""                    ""most possible""",rew-eff-first,1
sub_81419,609,3,postBlock0,1,3,"During the last block, how much did you
FEEL BORED?
Please rate from 0 to 100 on the scale
below, where

  0 =             and            100 = 
 ""not at all""                    ""most possible""",rew-eff-first,1
sub_81419,610,9,postBlock1,1,3,"During the last block, how much did you
FEEL BORED?
Please rate from 0 to 100 on the scale
below, where

  0 =             and            100 = 
 ""not at all""                    ""most possible""",rew-eff-first,1
sub_81419,611,33,postBlock3,1,3,"During the last block, how much did you
FEEL BORED?
Please rate from 0 to 100 on the scale
below, where

  0 =             and            100 = 
 ""not at all""                    ""most possible""",rew-eff-first,1
sub_81419,612,17,postBlock2,1,3,"During the last block, how much did you
FEEL BORED?
Please rate from 0 to 100 on the scale
below, where

  0 =             and            100 = 
 ""not at all""                    ""most possible""",rew-eff-first,1
sub_39135,613,73,postBlock0,1,1,"During the last block, how much did you
FEEL PLEASED
when you collected the coins?


Please rate from 0 to 100 on the scale
below, where

  0 =             and            100 = 
 ""not at all""                    ""most possible""",rew-eff-first,1
sub_39135,614,45,postBlock1,1,1,"During the last block, how much did you
FEEL PLEASED
when you collected the coins?


Please rate from 0 to 100 on the scale
below, where

  0 =             and            100 = 
 ""not at all""                    ""most possible""",rew-eff-first,1
sub_39135,615,33,postBlock3,1,1,"During the last block, how much did you
FEEL PLEASED
when you collected the coins?


Please rate from 0 to 100 on the scale
below, where

  0 =             and            100 = 
 ""not at all""                    ""most possible""",rew-eff-first,1
sub_39135,616,33,postBlock2,1,1,"During the last block, how much did you
FEEL PLEASED
when you collected the coins?


Please rate from 0 to 100 on the scale
below, where

  0 =             and            100 = 
 ""not at all""                    ""most possible""",rew-eff-first,1
sub_39135,617,35,postBlock2,1,2,"During the last block, how much did you
FEEL A SENSE OF ACHIEVEMENT when you
sucessfully hit the required power level?


Please rate from 0 to 100 on the scale
below, where

  0 =             and            100 = 
 ""not at all""                    ""most possible""",rew-eff-first,1
sub_39135,618,76,postBlock0,1,2,"During the last block, how much did you
FEEL A SENSE OF ACHIEVEMENT when you
sucessfully hit the required power level?


Please rate from 0 to 100 on the scale
below, where

  0 =             and            100 = 
 ""not at all""                    ""most possible""",rew-eff-first,1
sub_39135,619,35,postBlock1,1,2,"During the last block, how much did you
FEEL A SENSE OF ACHIEVEMENT when you
sucessfully hit the required power level?


Please rate from 0 to 100 on the scale
below, where

  0 =             and            100 = 
 ""not at all""                    ""most possible""",rew-eff-first,1
sub_39135,620,22,postBlock3,1,2,"During the last block, how much did you
FEEL A SENSE OF ACHIEVEMENT when you
sucessfully hit the required power level?


Please rate from 0 to 100 on the scale
below, where

  0 =             and            100 = 
 ""not at all""                    ""most possible""",rew-eff-first,1
sub_39135,621,63,postBlock0,1,3,"During the last block, how much did you
FEEL BORED?
Please rate from 0 to 100 on the scale
below, where

  0 =             and            100 = 
 ""not at all""                    ""most possible""",rew-eff-first,1
sub_39135,622,84,postBlock1,1,3,"During the last block, how much did you
FEEL BORED?
Please rate from 0 to 100 on the scale
below, where

  0 =             and            100 = 
 ""not at all""                    ""most possible""",rew-eff-first,1
sub_39135,623,95,postBlock3,1,3,"During the last block, how much did you
FEEL BORED?
Please rate from 0 to 100 on the scale
below, where

  0 =             and            100 = 
 ""not at all""                    ""most possible""",rew-eff-first,1
sub_39135,624,92,postBlock2,1,3,"During the last block, how much did you
FEEL BORED?
Please rate from 0 to 100 on the scale
below, where

  0 =             and            100 = 
 ""not at all""                    ""most possible""",rew-eff-first,1
sub_96999,625,71,postBlock0,1,1,"During the last block, how much did you
FEEL PLEASED
when you collected the coins?


Please rate from 0 to 100 on the scale
below, where

  0 =             and            100 = 
 ""not at all""                    ""most possible""",causal-attr-first,1
sub_96999,626,84,postBlock1,1,1,"During the last block, how much did you
FEEL PLEASED
when you collected the coins?


Please rate from 0 to 100 on the scale
below, where

  0 =             and            100 = 
 ""not at all""                    ""most possible""",causal-attr-first,1
sub_96999,627,100,postBlock3,1,1,"During the last block, how much did you
FEEL PLEASED
when you collected the coins?


Please rate from 0 to 100 on the scale
below, where

  0 =             and            100 = 
 ""not at all""                    ""most possible""",causal-attr-first,1
sub_96999,628,95,postBlock2,1,1,"During the last block, how much did you
FEEL PLEASED
when you collected the coins?


Please rate from 0 to 100 on the scale
below, where

  0 =             and            100 = 
 ""not at all""                    ""most possible""",causal-attr-first,1
sub_96999,629,95,postBlock2,1,2,"During the last block, how much did you
FEEL A SENSE OF ACHIEVEMENT when you
sucessfully hit the required power level?


Please rate from 0 to 100 on the scale
below, where

  0 =             and            100 = 
 ""not at all""                    ""most possible""",causal-attr-first,1
sub_96999,630,83,postBlock0,1,2,"During the last block, how much did you
FEEL A SENSE OF ACHIEVEMENT when you
sucessfully hit the required power level?


Please rate from 0 to 100 on the scale
below, where

  0 =             and            100 = 
 ""not at all""                    ""most possible""",causal-attr-first,1
sub_96999,631,90,postBlock1,1,2,"During the last block, how much did you
FEEL A SENSE OF ACHIEVEMENT when you
sucessfully hit the required power level?


Please rate from 0 to 100 on the scale
below, where

  0 =             and            100 = 
 ""not at all""                    ""most possible""",causal-attr-first,1
sub_96999,632,100,postBlock3,1,2,"During the last block, how much did you
FEEL A SENSE OF ACHIEVEMENT when you
sucessfully hit the required power level?


Please rate from 0 to 100 on the scale
below, where

  0 =             and            100 = 
 ""not at all""                    ""most possible""",causal-attr-first,1
sub_96999,633,0,postBlock0,1,3,"During the last block, how much did you
FEEL BORED?
Please rate from 0 to 100 on the scale
below, where

  0 =             and            100 = 
 ""not at all""                    ""most possible""",causal-attr-first,1
sub_96999,634,1,postBlock1,1,3,"During the last block, how much did you
FEEL BORED?
Please rate from 0 to 100 on the scale
below, where

  0 =             and            100 = 
 ""not at all""                    ""most possible""",causal-attr-first,1
sub_96999,635,0,postBlock3,1,3,"During the last block, how much did you
FEEL BORED?
Please rate from 0 to 100 on the scale
below, where

  0 =             and            100 = 
 ""not at all""                    ""most possible""",causal-attr-first,1
sub_96999,636,1,postBlock2,1,3,"During the last block, how much did you
FEEL BORED?
Please rate from 0 to 100 on the scale
below, where

  0 =             and            100 = 
 ""not at all""                    ""most possible""",causal-attr-first,1
sub_85946,637,86,postBlock0,1,1,"During the last block, how much did you
FEEL PLEASED
when you collected the coins?


Please rate from 0 to 100 on the scale
below, where

  0 =             and            100 = 
 ""not at all""                    ""most possible""",causal-attr-first,1
sub_85946,638,92,postBlock1,1,1,"During the last block, how much did you
FEEL PLEASED
when you collected the coins?


Please rate from 0 to 100 on the scale
below, where

  0 =             and            100 = 
 ""not at all""                    ""most possible""",causal-attr-first,1
sub_85946,639,70,postBlock3,1,1,"During the last block, how much did you
FEEL PLEASED
when you collected the coins?


Please rate from 0 to 100 on the scale
below, where

  0 =             and            100 = 
 ""not at all""                    ""most possible""",causal-attr-first,1
sub_85946,640,96,postBlock2,1,1,"During the last block, how much did you
FEEL PLEASED
when you collected the coins?


Please rate from 0 to 100 on the scale
below, where

  0 =             and            100 = 
 ""not at all""                    ""most possible""",causal-attr-first,1
sub_85946,641,89,postBlock2,1,2,"During the last block, how much did you
FEEL A SENSE OF ACHIEVEMENT when you
sucessfully hit the required power level?


Please rate from 0 to 100 on the scale
below, where

  0 =             and            100 = 
 ""not at all""                    ""most possible""",causal-attr-first,1
sub_85946,642,92,postBlock0,1,2,"During the last block, how much did you
FEEL A SENSE OF ACHIEVEMENT when you
sucessfully hit the required power level?


Please rate from 0 to 100 on the scale
below, where

  0 =             and            100 = 
 ""not at all""                    ""most possible""",causal-attr-first,1
sub_85946,643,87,postBlock1,1,2,"During the last block, how much did you
FEEL A SENSE OF ACHIEVEMENT when you
sucessfully hit the required power level?


Please rate from 0 to 100 on the scale
below, where

  0 =             and            100 = 
 ""not at all""                    ""most possible""",causal-attr-first,1
sub_85946,644,68,postBlock3,1,2,"During the last block, how much did you
FEEL A SENSE OF ACHIEVEMENT when you
sucessfully hit the required power level?


Please rate from 0 to 100 on the scale
below, where

  0 =             and            100 = 
 ""not at all""                    ""most possible""",causal-attr-first,1
sub_85946,645,7,postBlock0,1,3,"During the last block, how much did you
FEEL BORED?
Please rate from 0 to 100 on the scale
below, where

  0 =             and            100 = 
 ""not at all""                    ""most possible""",causal-attr-first,1
sub_85946,646,23,postBlock1,1,3,"During the last block, how much did you
FEEL BORED?
Please rate from 0 to 100 on the scale
below, where

  0 =             and            100 = 
 ""not at all""                    ""most possible""",causal-attr-first,1
sub_85946,647,51,postBlock3,1,3,"During the last block, how much did you
FEEL BORED?
Please rate from 0 to 100 on the scale
below, where

  0 =             and            100 = 
 ""not at all""                    ""most possible""",causal-attr-first,1
sub_85946,648,41,postBlock2,1,3,"During the last block, how much did you
FEEL BORED?
Please rate from 0 to 100 on the scale
below, where

  0 =             and            100 = 
 ""not at all""                    ""most possible""",causal-attr-first,1
sub_30117,649,100,postBlock0,1,1,"During the last block, how much did you
FEEL PLEASED
when you collected the coins?


Please rate from 0 to 100 on the scale
below, where

  0 =             and            100 = 
 ""not at all""                    ""most possible""",causal-attr-first,1
sub_30117,650,100,postBlock1,1,1,"During the last block, how much did you
FEEL PLEASED
when you collected the coins?


Please rate from 0 to 100 on the scale
below, where

  0 =             and            100 = 
 ""not at all""                    ""most possible""",causal-attr-first,1
sub_30117,651,100,postBlock3,1,1,"During the last block, how much did you
FEEL PLEASED
when you collected the coins?


Please rate from 0 to 100 on the scale
below, where

  0 =             and            100 = 
 ""not at all""                    ""most possible""",causal-attr-first,1
sub_30117,652,100,postBlock2,1,1,"During the last block, how much did you
FEEL PLEASED
when you collected the coins?


Please rate from 0 to 100 on the scale
below, where

  0 =             and            100 = 
 ""not at all""                    ""most possible""",causal-attr-first,1
sub_30117,653,100,postBlock2,1,2,"During the last block, how much did you
FEEL A SENSE OF ACHIEVEMENT when you
sucessfully hit the required power level?


Please rate from 0 to 100 on the scale
below, where

  0 =             and            100 = 
 ""not at all""                    ""most possible""",causal-attr-first,1
sub_30117,654,100,postBlock0,1,2,"During the last block, how much did you
FEEL A SENSE OF ACHIEVEMENT when you
sucessfully hit the required power level?


Please rate from 0 to 100 on the scale
below, where

  0 =             and            100 = 
 ""not at all""                    ""most possible""",causal-attr-first,1
sub_30117,655,100,postBlock1,1,2,"During the last block, how much did you
FEEL A SENSE OF ACHIEVEMENT when you
sucessfully hit the required power level?


Please rate from 0 to 100 on the scale
below, where

  0 =             and            100 = 
 ""not at all""                    ""most possible""",causal-attr-first,1
sub_30117,656,100,postBlock3,1,2,"During the last block, how much did you
FEEL A SENSE OF ACHIEVEMENT when you
sucessfully hit the required power level?


Please rate from 0 to 100 on the scale
below, where

  0 =             and            100 = 
 ""not at all""                    ""most possible""",causal-attr-first,1
sub_30117,657,10,postBlock0,1,3,"During the last block, how much did you
FEEL BORED?
Please rate from 0 to 100 on the scale
below, where

  0 =             and            100 = 
 ""not at all""                    ""most possible""",causal-attr-first,1
sub_30117,658,8,postBlock1,1,3,"During the last block, how much did you
FEEL BORED?
Please rate from 0 to 100 on the scale
below, where

  0 =             and            100 = 
 ""not at all""                    ""most possible""",causal-attr-first,1
sub_30117,659,14,postBlock3,1,3,"During the last block, how much did you
FEEL BORED?
Please rate from 0 to 100 on the scale
below, where

  0 =             and            100 = 
 ""not at all""                    ""most possible""",causal-attr-first,1
sub_30117,660,6,postBlock2,1,3,"During the last block, how much did you
FEEL BORED?
Please rate from 0 to 100 on the scale
below, where

  0 =             and            100 = 
 ""not at all""                    ""most possible""",causal-attr-first,1
sub_74932,661,63,postBlock0,1,1,"During the last block, how much did you
FEEL PLEASED
when you collected the coins?


Please rate from 0 to 100 on the scale
below, where

  0 =             and            100 = 
 ""not at all""                    ""most possible""",causal-attr-first,1
sub_74932,662,77,postBlock1,1,1,"During the last block, how much did you
FEEL PLEASED
when you collected the coins?


Please rate from 0 to 100 on the scale
below, where

  0 =             and            100 = 
 ""not at all""                    ""most possible""",causal-attr-first,1
sub_74932,663,68,postBlock3,1,1,"During the last block, how much did you
FEEL PLEASED
when you collected the coins?


Please rate from 0 to 100 on the scale
below, where

  0 =             and            100 = 
 ""not at all""                    ""most possible""",causal-attr-first,1
sub_74932,664,82,postBlock2,1,1,"During the last block, how much did you
FEEL PLEASED
when you collected the coins?


Please rate from 0 to 100 on the scale
below, where

  0 =             and            100 = 
 ""not at all""                    ""most possible""",causal-attr-first,1
sub_74932,665,82,postBlock2,1,2,"During the last block, how much did you
FEEL A SENSE OF ACHIEVEMENT when you
sucessfully hit the required power level?


Please rate from 0 to 100 on the scale
below, where

  0 =             and            100 = 
 ""not at all""                    ""most possible""",causal-attr-first,1
sub_74932,666,62,postBlock0,1,2,"During the last block, how much did you
FEEL A SENSE OF ACHIEVEMENT when you
sucessfully hit the required power level?


Please rate from 0 to 100 on the scale
below, where

  0 =             and            100 = 
 ""not at all""                    ""most possible""",causal-attr-first,1
sub_74932,667,74,postBlock1,1,2,"During the last block, how much did you
FEEL A SENSE OF ACHIEVEMENT when you
sucessfully hit the required power level?


Please rate from 0 to 100 on the scale
below, where

  0 =             and            100 = 
 ""not at all""                    ""most possible""",causal-attr-first,1
sub_74932,668,69,postBlock3,1,2,"During the last block, how much did you
FEEL A SENSE OF ACHIEVEMENT when you
sucessfully hit the required power level?


Please rate from 0 to 100 on the scale
below, where

  0 =             and            100 = 
 ""not at all""                    ""most possible""",causal-attr-first,1
sub_74932,669,2,postBlock0,1,3,"During the last block, how much did you
FEEL BORED?
Please rate from 0 to 100 on the scale
below, where

  0 =             and            100 = 
 ""not at all""                    ""most possible""",causal-attr-first,1
sub_74932,670,2,postBlock1,1,3,"During the last block, how much did you
FEEL BORED?
Please rate from 0 to 100 on the scale
below, where

  0 =             and            100 = 
 ""not at all""                    ""most possible""",causal-attr-first,1
sub_74932,671,3,postBlock3,1,3,"During the last block, how much did you
FEEL BORED?
Please rate from 0 to 100 on the scale
below, where

  0 =             and            100 = 
 ""not at all""                    ""most possible""",causal-attr-first,1
sub_74932,672,2,postBlock2,1,3,"During the last block, how much did you
FEEL BORED?
Please rate from 0 to 100 on the scale
below, where

  0 =             and            100 = 
 ""not at all""                    ""most possible""",causal-attr-first,1
sub_28337,673,97,postBlock0,1,1,"During the last block, how much did you
FEEL PLEASED
when you collected the coins?


Please rate from 0 to 100 on the scale
below, where

  0 =             and            100 = 
 ""not at all""                    ""most possible""",causal-attr-first,1
sub_28337,674,91,postBlock1,1,1,"During the last block, how much did you
FEEL PLEASED
when you collected the coins?


Please rate from 0 to 100 on the scale
below, where

  0 =             and            100 = 
 ""not at all""                    ""most possible""",causal-attr-first,1
sub_28337,675,96,postBlock3,1,1,"During the last block, how much did you
FEEL PLEASED
when you collected the coins?


Please rate from 0 to 100 on the scale
below, where

  0 =             and            100 = 
 ""not at all""                    ""most possible""",causal-attr-first,1
sub_28337,676,96,postBlock2,1,1,"During the last block, how much did you
FEEL PLEASED
when you collected the coins?


Please rate from 0 to 100 on the scale
below, where

  0 =             and            100 = 
 ""not at all""                    ""most possible""",causal-attr-first,1
sub_28337,677,96,postBlock2,1,2,"During the last block, how much did you
FEEL A SENSE OF ACHIEVEMENT when you
sucessfully hit the required power level?


Please rate from 0 to 100 on the scale
below, where

  0 =             and            100 = 
 ""not at all""                    ""most possible""",causal-attr-first,1
sub_28337,678,96,postBlock0,1,2,"During the last block, how much did you
FEEL A SENSE OF ACHIEVEMENT when you
sucessfully hit the required power level?


Please rate from 0 to 100 on the scale
below, where

  0 =             and            100 = 
 ""not at all""                    ""most possible""",causal-attr-first,1
sub_28337,679,97,postBlock1,1,2,"During the last block, how much did you
FEEL A SENSE OF ACHIEVEMENT when you
sucessfully hit the required power level?


Please rate from 0 to 100 on the scale
below, where

  0 =             and            100 = 
 ""not at all""                    ""most possible""",causal-attr-first,1
sub_28337,680,95,postBlock3,1,2,"During the last block, how much did you
FEEL A SENSE OF ACHIEVEMENT when you
sucessfully hit the required power level?


Please rate from 0 to 100 on the scale
below, where

  0 =             and            100 = 
 ""not at all""                    ""most possible""",causal-attr-first,1
sub_28337,681,7,postBlock0,1,3,"During the last block, how much did you
FEEL BORED?
Please rate from 0 to 100 on the scale
below, where

  0 =             and            100 = 
 ""not at all""                    ""most possible""",causal-attr-first,1
sub_28337,682,5,postBlock1,1,3,"During the last block, how much did you
FEEL BORED?
Please rate from 0 to 100 on the scale
below, where

  0 =             and            100 = 
 ""not at all""                    ""most possible""",causal-attr-first,1
sub_28337,683,7,postBlock3,1,3,"During the last block, how much did you
FEEL BORED?
Please rate from 0 to 100 on the scale
below, where

  0 =             and            100 = 
 ""not at all""                    ""most possible""",causal-attr-first,1
sub_28337,684,6,postBlock2,1,3,"During the last block, how much did you
FEEL BORED?
Please rate from 0 to 100 on the scale
below, where

  0 =             and            100 = 
 ""not at all""                    ""most possible""",causal-attr-first,1
sub_71285,685,66,postBlock0,1,1,"During the last block, how much did you
FEEL PLEASED
when you collected the coins?


Please rate from 0 to 100 on the scale
below, where

  0 =             and            100 = 
 ""not at all""                    ""most possible""",causal-attr-first,1
sub_71285,686,74,postBlock1,1,1,"During the last block, how much did you
FEEL PLEASED
when you collected the coins?


Please rate from 0 to 100 on the scale
below, where

  0 =             and            100 = 
 ""not at all""                    ""most possible""",causal-attr-first,1
sub_71285,687,73,postBlock3,1,1,"During the last block, how much did you
FEEL PLEASED
when you collected the coins?


Please rate from 0 to 100 on the scale
below, where

  0 =             and            100 = 
 ""not at all""                    ""most possible""",causal-attr-first,1
sub_71285,688,77,postBlock2,1,1,"During the last block, how much did you
FEEL PLEASED
when you collected the coins?


Please rate from 0 to 100 on the scale
below, where

  0 =             and            100 = 
 ""not at all""                    ""most possible""",causal-attr-first,1
sub_71285,689,77,postBlock2,1,2,"During the last block, how much did you
FEEL A SENSE OF ACHIEVEMENT when you
sucessfully hit the required power level?


Please rate from 0 to 100 on the scale
below, where

  0 =             and            100 = 
 ""not at all""                    ""most possible""",causal-attr-first,1
sub_71285,690,75,postBlock0,1,2,"During the last block, how much did you
FEEL A SENSE OF ACHIEVEMENT when you
sucessfully hit the required power level?


Please rate from 0 to 100 on the scale
below, where

  0 =             and            100 = 
 ""not at all""                    ""most possible""",causal-attr-first,1
sub_71285,691,67,postBlock1,1,2,"During the last block, how much did you
FEEL A SENSE OF ACHIEVEMENT when you
sucessfully hit the required power level?


Please rate from 0 to 100 on the scale
below, where

  0 =             and            100 = 
 ""not at all""                    ""most possible""",causal-attr-first,1
sub_71285,692,66,postBlock3,1,2,"During the last block, how much did you
FEEL A SENSE OF ACHIEVEMENT when you
sucessfully hit the required power level?


Please rate from 0 to 100 on the scale
below, where

  0 =             and            100 = 
 ""not at all""                    ""most possible""",causal-attr-first,1
sub_71285,693,29,postBlock0,1,3,"During the last block, how much did you
FEEL BORED?
Please rate from 0 to 100 on the scale
below, where

  0 =             and            100 = 
 ""not at all""                    ""most possible""",causal-attr-first,1
sub_71285,694,16,postBlock1,1,3,"During the last block, how much did you
FEEL BORED?
Please rate from 0 to 100 on the scale
below, where

  0 =             and            100 = 
 ""not at all""                    ""most possible""",causal-attr-first,1
sub_71285,695,42,postBlock3,1,3,"During the last block, how much did you
FEEL BORED?
Please rate from 0 to 100 on the scale
below, where

  0 =             and            100 = 
 ""not at all""                    ""most possible""",causal-attr-first,1
sub_71285,696,31,postBlock2,1,3,"During the last block, how much did you
FEEL BORED?
Please rate from 0 to 100 on the scale
below, where

  0 =             and            100 = 
 ""not at all""                    ""most possible""",causal-attr-first,1
sub_65181,697,30,postBlock0,1,1,"During the last block, how much did you
FEEL PLEASED
when you collected the coins?


Please rate from 0 to 100 on the scale
below, where

  0 =             and            100 = 
 ""not at all""                    ""most possible""",rew-eff-first,1
sub_65181,698,20,postBlock1,1,1,"During the last block, how much did you
FEEL PLEASED
when you collected the coins?


Please rate from 0 to 100 on the scale
below, where

  0 =             and            100 = 
 ""not at all""                    ""most possible""",rew-eff-first,1
sub_65181,699,41,postBlock3,1,1,"During the last block, how much did you
FEEL PLEASED
when you collected the coins?


Please rate from 0 to 100 on the scale
below, where

  0 =             and            100 = 
 ""not at all""                    ""most possible""",rew-eff-first,1
sub_65181,700,29,postBlock2,1,1,"During the last block, how much did you
FEEL PLEASED
when you collected the coins?


Please rate from 0 to 100 on the scale
below, where

  0 =             and            100 = 
 ""not at all""                    ""most possible""",rew-eff-first,1
sub_65181,701,62,postBlock2,1,2,"During the last block, how much did you
FEEL A SENSE OF ACHIEVEMENT when you
sucessfully hit the required power level?


Please rate from 0 to 100 on the scale
below, where

  0 =             and            100 = 
 ""not at all""                    ""most possible""",rew-eff-first,1
sub_65181,702,29,postBlock0,1,2,"During the last block, how much did you
FEEL A SENSE OF ACHIEVEMENT when you
sucessfully hit the required power level?


Please rate from 0 to 100 on the scale
below, where

  0 =             and            100 = 
 ""not at all""                    ""most possible""",rew-eff-first,1
sub_65181,703,41,postBlock1,1,2,"During the last block, how much did you
FEEL A SENSE OF ACHIEVEMENT when you
sucessfully hit the required power level?


Please rate from 0 to 100 on the scale
below, where

  0 =             and            100 = 
 ""not at all""                    ""most possible""",rew-eff-first,1
sub_65181,704,36,postBlock3,1,2,"During the last block, how much did you
FEEL A SENSE OF ACHIEVEMENT when you
sucessfully hit the required power level?


Please rate from 0 to 100 on the scale
below, where

  0 =             and            100 = 
 ""not at all""                    ""most possible""",rew-eff-first,1
sub_65181,705,92,postBlock0,1,3,"During the last block, how much did you
FEEL BORED?
Please rate from 0 to 100 on the scale
below, where

  0 =             and            100 = 
 ""not at all""                    ""most possible""",rew-eff-first,1
sub_65181,706,77,postBlock1,1,3,"During the last block, how much did you
FEEL BORED?
Please rate from 0 to 100 on the scale
below, where

  0 =             and            100 = 
 ""not at all""                    ""most possible""",rew-eff-first,1
sub_65181,707,79,postBlock3,1,3,"During the last block, how much did you
FEEL BORED?
Please rate from 0 to 100 on the scale
below, where

  0 =             and            100 = 
 ""not at all""                    ""most possible""",rew-eff-first,1
sub_65181,708,82,postBlock2,1,3,"During the last block, how much did you
FEEL BORED?
Please rate from 0 to 100 on the scale
below, where

  0 =             and            100 = 
 ""not at all""                    ""most possible""",rew-eff-first,1
sub_96307,709,94,postBlock0,1,1,"During the last block, how much did you
FEEL PLEASED
when you collected the coins?


Please rate from 0 to 100 on the scale
below, where

  0 =             and            100 = 
 ""not at all""                    ""most possible""",rew-eff-first,1
sub_96307,710,97,postBlock1,1,1,"During the last block, how much did you
FEEL PLEASED
when you collected the coins?


Please rate from 0 to 100 on the scale
below, where

  0 =             and            100 = 
 ""not at all""                    ""most possible""",rew-eff-first,1
sub_96307,711,92,postBlock3,1,1,"During the last block, how much did you
FEEL PLEASED
when you collected the coins?


Please rate from 0 to 100 on the scale
below, where

  0 =             and            100 = 
 ""not at all""                    ""most possible""",rew-eff-first,1
sub_96307,712,94,postBlock2,1,1,"During the last block, how much did you
FEEL PLEASED
when you collected the coins?


Please rate from 0 to 100 on the scale
below, where

  0 =             and            100 = 
 ""not at all""                    ""most possible""",rew-eff-first,1
sub_96307,713,96,postBlock2,1,2,"During the last block, how much did you
FEEL A SENSE OF ACHIEVEMENT when you
sucessfully hit the required power level?


Please rate from 0 to 100 on the scale
below, where

  0 =             and            100 = 
 ""not at all""                    ""most possible""",rew-eff-first,1
sub_96307,714,100,postBlock0,1,2,"During the last block, how much did you
FEEL A SENSE OF ACHIEVEMENT when you
sucessfully hit the required power level?


Please rate from 0 to 100 on the scale
below, where

  0 =             and            100 = 
 ""not at all""                    ""most possible""",rew-eff-first,1
sub_96307,715,94,postBlock1,1,2,"During the last block, how much did you
FEEL A SENSE OF ACHIEVEMENT when you
sucessfully hit the required power level?


Please rate from 0 to 100 on the scale
below, where

  0 =             and            100 = 
 ""not at all""                    ""most possible""",rew-eff-first,1
sub_96307,716,93,postBlock3,1,2,"During the last block, how much did you
FEEL A SENSE OF ACHIEVEMENT when you
sucessfully hit the required power level?


Please rate from 0 to 100 on the scale
below, where

  0 =             and            100 = 
 ""not at all""                    ""most possible""",rew-eff-first,1
sub_96307,717,10,postBlock0,1,3,"During the last block, how much did you
FEEL BORED?
Please rate from 0 to 100 on the scale
below, where

  0 =             and            100 = 
 ""not at all""                    ""most possible""",rew-eff-first,1
sub_96307,718,9,postBlock1,1,3,"During the last block, how much did you
FEEL BORED?
Please rate from 0 to 100 on the scale
below, where

  0 =             and            100 = 
 ""not at all""                    ""most possible""",rew-eff-first,1
sub_96307,719,11,postBlock3,1,3,"During the last block, how much did you
FEEL BORED?
Please rate from 0 to 100 on the scale
below, where

  0 =             and            100 = 
 ""not at all""                    ""most possible""",rew-eff-first,1
sub_96307,720,10,postBlock2,1,3,"During the last block, how much did you
FEEL BORED?
Please rate from 0 to 100 on the scale
below, where

  0 =             and            100 = 
 ""not at all""                    ""most possible""",rew-eff-first,1
sub_28869,721,99,postBlock0,1,1,"During the last block, how much did you
FEEL PLEASED
when you collected the coins?


Please rate from 0 to 100 on the scale
below, where

  0 =             and            100 = 
 ""not at all""                    ""most possible""",causal-attr-first,1
sub_28869,722,92,postBlock1,1,1,"During the last block, how much did you
FEEL PLEASED
when you collected the coins?


Please rate from 0 to 100 on the scale
below, where

  0 =             and            100 = 
 ""not at all""                    ""most possible""",causal-attr-first,1
sub_28869,723,76,postBlock3,1,1,"During the last block, how much did you
FEEL PLEASED
when you collected the coins?


Please rate from 0 to 100 on the scale
below, where

  0 =             and            100 = 
 ""not at all""                    ""most possible""",causal-attr-first,1
sub_28869,724,80,postBlock2,1,1,"During the last block, how much did you
FEEL PLEASED
when you collected the coins?


Please rate from 0 to 100 on the scale
below, where

  0 =             and            100 = 
 ""not at all""                    ""most possible""",causal-attr-first,1
sub_28869,725,80,postBlock2,1,2,"During the last block, how much did you
FEEL A SENSE OF ACHIEVEMENT when you
sucessfully hit the required power level?


Please rate from 0 to 100 on the scale
below, where

  0 =             and            100 = 
 ""not at all""                    ""most possible""",causal-attr-first,1
sub_28869,726,99,postBlock0,1,2,"During the last block, how much did you
FEEL A SENSE OF ACHIEVEMENT when you
sucessfully hit the required power level?


Please rate from 0 to 100 on the scale
below, where

  0 =             and            100 = 
 ""not at all""                    ""most possible""",causal-attr-first,1
sub_28869,727,90,postBlock1,1,2,"During the last block, how much did you
FEEL A SENSE OF ACHIEVEMENT when you
sucessfully hit the required power level?


Please rate from 0 to 100 on the scale
below, where

  0 =             and            100 = 
 ""not at all""                    ""most possible""",causal-attr-first,1
sub_28869,728,84,postBlock3,1,2,"During the last block, how much did you
FEEL A SENSE OF ACHIEVEMENT when you
sucessfully hit the required power level?


Please rate from 0 to 100 on the scale
below, where

  0 =             and            100 = 
 ""not at all""                    ""most possible""",causal-attr-first,1
sub_28869,729,7,postBlock0,1,3,"During the last block, how much did you
FEEL BORED?
Please rate from 0 to 100 on the scale
below, where

  0 =             and            100 = 
 ""not at all""                    ""most possible""",causal-attr-first,1
sub_28869,730,31,postBlock1,1,3,"During the last block, how much did you
FEEL BORED?
Please rate from 0 to 100 on the scale
below, where

  0 =             and            100 = 
 ""not at all""                    ""most possible""",causal-attr-first,1
sub_28869,731,52,postBlock3,1,3,"During the last block, how much did you
FEEL BORED?
Please rate from 0 to 100 on the scale
below, where

  0 =             and            100 = 
 ""not at all""                    ""most possible""",causal-attr-first,1
sub_28869,732,51,postBlock2,1,3,"During the last block, how much did you
FEEL BORED?
Please rate from 0 to 100 on the scale
below, where

  0 =             and            100 = 
 ""not at all""                    ""most possible""",causal-attr-first,1
sub_31104,733,100,postBlock0,1,1,"During the last block, how much did you
FEEL PLEASED
when you collected the coins?


Please rate from 0 to 100 on the scale
below, where

  0 =             and            100 = 
 ""not at all""                    ""most possible""",rew-eff-first,1
sub_31104,734,100,postBlock1,1,1,"During the last block, how much did you
FEEL PLEASED
when you collected the coins?


Please rate from 0 to 100 on the scale
below, where

  0 =             and            100 = 
 ""not at all""                    ""most possible""",rew-eff-first,1
sub_31104,735,100,postBlock3,1,1,"During the last block, how much did you
FEEL PLEASED
when you collected the coins?


Please rate from 0 to 100 on the scale
below, where

  0 =             and            100 = 
 ""not at all""                    ""most possible""",rew-eff-first,1
sub_31104,736,100,postBlock2,1,1,"During the last block, how much did you
FEEL PLEASED
when you collected the coins?


Please rate from 0 to 100 on the scale
below, where

  0 =             and            100 = 
 ""not at all""                    ""most possible""",rew-eff-first,1
sub_31104,737,91,postBlock2,1,2,"During the last block, how much did you
FEEL A SENSE OF ACHIEVEMENT when you
sucessfully hit the required power level?


Please rate from 0 to 100 on the scale
below, where

  0 =             and            100 = 
 ""not at all""                    ""most possible""",rew-eff-first,1
sub_31104,738,100,postBlock0,1,2,"During the last block, how much did you
FEEL A SENSE OF ACHIEVEMENT when you
sucessfully hit the required power level?


Please rate from 0 to 100 on the scale
below, where

  0 =             and            100 = 
 ""not at all""                    ""most possible""",rew-eff-first,1
sub_31104,739,100,postBlock1,1,2,"During the last block, how much did you
FEEL A SENSE OF ACHIEVEMENT when you
sucessfully hit the required power level?


Please rate from 0 to 100 on the scale
below, where

  0 =             and            100 = 
 ""not at all""                    ""most possible""",rew-eff-first,1
sub_31104,740,85,postBlock3,1,2,"During the last block, how much did you
FEEL A SENSE OF ACHIEVEMENT when you
sucessfully hit the required power level?


Please rate from 0 to 100 on the scale
below, where

  0 =             and            100 = 
 ""not at all""                    ""most possible""",rew-eff-first,1
sub_31104,741,10,postBlock0,1,3,"During the last block, how much did you
FEEL BORED?
Please rate from 0 to 100 on the scale
below, where

  0 =             and            100 = 
 ""not at all""                    ""most possible""",rew-eff-first,1
sub_31104,742,31,postBlock1,1,3,"During the last block, how much did you
FEEL BORED?
Please rate from 0 to 100 on the scale
below, where

  0 =             and            100 = 
 ""not at all""                    ""most possible""",rew-eff-first,1
sub_31104,743,46,postBlock3,1,3,"During the last block, how much did you
FEEL BORED?
Please rate from 0 to 100 on the scale
below, where

  0 =             and            100 = 
 ""not at all""                    ""most possible""",rew-eff-first,1
sub_31104,744,46,postBlock2,1,3,"During the last block, how much did you
FEEL BORED?
Please rate from 0 to 100 on the scale
below, where

  0 =             and            100 = 
 ""not at all""                    ""most possible""",rew-eff-first,1
sub_82378,745,16,postBlock0,1,1,"During the last block, how much did you
FEEL PLEASED
when you collected the coins?


Please rate from 0 to 100 on the scale
below, where

  0 =             and            100 = 
 ""not at all""                    ""most possible""",rew-eff-first,1
sub_82378,746,22,postBlock1,1,1,"During the last block, how much did you
FEEL PLEASED
when you collected the coins?


Please rate from 0 to 100 on the scale
below, where

  0 =             and            100 = 
 ""not at all""                    ""most possible""",rew-eff-first,1
sub_82378,747,18,postBlock3,1,1,"During the last block, how much did you
FEEL PLEASED
when you collected the coins?


Please rate from 0 to 100 on the scale
below, where

  0 =             and            100 = 
 ""not at all""                    ""most possible""",rew-eff-first,1
sub_82378,748,29,postBlock2,1,1,"During the last block, how much did you
FEEL PLEASED
when you collected the coins?


Please rate from 0 to 100 on the scale
below, where

  0 =             and            100 = 
 ""not at all""                    ""most possible""",rew-eff-first,1
sub_82378,749,10,postBlock2,1,2,"During the last block, how much did you
FEEL A SENSE OF ACHIEVEMENT when you
sucessfully hit the required power level?


Please rate from 0 to 100 on the scale
below, where

  0 =             and            100 = 
 ""not at all""                    ""most possible""",rew-eff-first,1
sub_82378,750,7,postBlock0,1,2,"During the last block, how much did you
FEEL A SENSE OF ACHIEVEMENT when you
sucessfully hit the required power level?


Please rate from 0 to 100 on the scale
below, where

  0 =             and            100 = 
 ""not at all""                    ""most possible""",rew-eff-first,1
sub_82378,751,14,postBlock1,1,2,"During the last block, how much did you
FEEL A SENSE OF ACHIEVEMENT when you
sucessfully hit the required power level?


Please rate from 0 to 100 on the scale
below, where

  0 =             and            100 = 
 ""not at all""                    ""most possible""",rew-eff-first,1
sub_82378,752,14,postBlock3,1,2,"During the last block, how much did you
FEEL A SENSE OF ACHIEVEMENT when you
sucessfully hit the required power level?


Please rate from 0 to 100 on the scale
below, where

  0 =             and            100 = 
 ""not at all""                    ""most possible""",rew-eff-first,1
sub_82378,753,81,postBlock0,1,3,"During the last block, how much did you
FEEL BORED?
Please rate from 0 to 100 on the scale
below, where

  0 =             and            100 = 
 ""not at all""                    ""most possible""",rew-eff-first,1
sub_82378,754,66,postBlock1,1,3,"During the last block, how much did you
FEEL BORED?
Please rate from 0 to 100 on the scale
below, where

  0 =             and            100 = 
 ""not at all""                    ""most possible""",rew-eff-first,1
sub_82378,755,83,postBlock3,1,3,"During the last block, how much did you
FEEL BORED?
Please rate from 0 to 100 on the scale
below, where

  0 =             and            100 = 
 ""not at all""                    ""most possible""",rew-eff-first,1
sub_82378,756,77,postBlock2,1,3,"During the last block, how much did you
FEEL BORED?
Please rate from 0 to 100 on the scale
below, where

  0 =             and            100 = 
 ""not at all""                    ""most possible""",rew-eff-first,1
sub_17109,757,79,postBlock0,1,1,"During the last block, how much did you
FEEL PLEASED
when you collected the coins?


Please rate from 0 to 100 on the scale
below, where

  0 =             and            100 = 
 ""not at all""                    ""most possible""",causal-attr-first,1
sub_17109,758,78,postBlock1,1,1,"During the last block, how much did you
FEEL PLEASED
when you collected the coins?


Please rate from 0 to 100 on the scale
below, where

  0 =             and            100 = 
 ""not at all""                    ""most possible""",causal-attr-first,1
sub_17109,759,57,postBlock3,1,1,"During the last block, how much did you
FEEL PLEASED
when you collected the coins?


Please rate from 0 to 100 on the scale
below, where

  0 =             and            100 = 
 ""not at all""                    ""most possible""",causal-attr-first,1
sub_17109,760,70,postBlock2,1,1,"During the last block, how much did you
FEEL PLEASED
when you collected the coins?


Please rate from 0 to 100 on the scale
below, where

  0 =             and            100 = 
 ""not at all""                    ""most possible""",causal-attr-first,1
sub_17109,761,74,postBlock2,1,2,"During the last block, how much did you
FEEL A SENSE OF ACHIEVEMENT when you
sucessfully hit the required power level?


Please rate from 0 to 100 on the scale
below, where

  0 =             and            100 = 
 ""not at all""                    ""most possible""",causal-attr-first,1
sub_17109,762,87,postBlock0,1,2,"During the last block, how much did you
FEEL A SENSE OF ACHIEVEMENT when you
sucessfully hit the required power level?


Please rate from 0 to 100 on the scale
below, where

  0 =             and            100 = 
 ""not at all""                    ""most possible""",causal-attr-first,1
sub_17109,763,81,postBlock1,1,2,"During the last block, how much did you
FEEL A SENSE OF ACHIEVEMENT when you
sucessfully hit the required power level?


Please rate from 0 to 100 on the scale
below, where

  0 =             and            100 = 
 ""not at all""                    ""most possible""",causal-attr-first,1
sub_17109,764,58,postBlock3,1,2,"During the last block, how much did you
FEEL A SENSE OF ACHIEVEMENT when you
sucessfully hit the required power level?


Please rate from 0 to 100 on the scale
below, where

  0 =             and            100 = 
 ""not at all""                    ""most possible""",causal-attr-first,1
sub_17109,765,26,postBlock0,1,3,"During the last block, how much did you
FEEL BORED?
Please rate from 0 to 100 on the scale
below, where

  0 =             and            100 = 
 ""not at all""                    ""most possible""",causal-attr-first,1
sub_17109,766,44,postBlock1,1,3,"During the last block, how much did you
FEEL BORED?
Please rate from 0 to 100 on the scale
below, where

  0 =             and            100 = 
 ""not at all""                    ""most possible""",causal-attr-first,1
sub_17109,767,88,postBlock3,1,3,"During the last block, how much did you
FEEL BORED?
Please rate from 0 to 100 on the scale
below, where

  0 =             and            100 = 
 ""not at all""                    ""most possible""",causal-attr-first,1
sub_17109,768,77,postBlock2,1,3,"During the last block, how much did you
FEEL BORED?
Please rate from 0 to 100 on the scale
below, where

  0 =             and            100 = 
 ""not at all""                    ""most possible""",causal-attr-first,1
sub_93894,769,61,postBlock0,1,1,"During the last block, how much did you
FEEL PLEASED
when you collected the coins?


Please rate from 0 to 100 on the scale
below, where

  0 =             and            100 = 
 ""not at all""                    ""most possible""",rew-eff-first,1
sub_93894,770,48,postBlock1,1,1,"During the last block, how much did you
FEEL PLEASED
when you collected the coins?


Please rate from 0 to 100 on the scale
below, where

  0 =             and            100 = 
 ""not at all""                    ""most possible""",rew-eff-first,1
sub_93894,771,39,postBlock3,1,1,"During the last block, how much did you
FEEL PLEASED
when you collected the coins?


Please rate from 0 to 100 on the scale
below, where

  0 =             and            100 = 
 ""not at all""                    ""most possible""",rew-eff-first,1
sub_93894,772,46,postBlock2,1,1,"During the last block, how much did you
FEEL PLEASED
when you collected the coins?


Please rate from 0 to 100 on the scale
below, where

  0 =             and            100 = 
 ""not at all""                    ""most possible""",rew-eff-first,1
sub_93894,773,53,postBlock2,1,2,"During the last block, how much did you
FEEL A SENSE OF ACHIEVEMENT when you
sucessfully hit the required power level?


Please rate from 0 to 100 on the scale
below, where

  0 =             and            100 = 
 ""not at all""                    ""most possible""",rew-eff-first,1
sub_93894,774,73,postBlock0,1,2,"During the last block, how much did you
FEEL A SENSE OF ACHIEVEMENT when you
sucessfully hit the required power level?


Please rate from 0 to 100 on the scale
below, where

  0 =             and            100 = 
 ""not at all""                    ""most possible""",rew-eff-first,1
sub_93894,775,57,postBlock1,1,2,"During the last block, how much did you
FEEL A SENSE OF ACHIEVEMENT when you
sucessfully hit the required power level?


Please rate from 0 to 100 on the scale
below, where

  0 =             and            100 = 
 ""not at all""                    ""most possible""",rew-eff-first,1
sub_93894,776,43,postBlock3,1,2,"During the last block, how much did you
FEEL A SENSE OF ACHIEVEMENT when you
sucessfully hit the required power level?


Please rate from 0 to 100 on the scale
below, where

  0 =             and            100 = 
 ""not at all""                    ""most possible""",rew-eff-first,1
sub_93894,777,49,postBlock0,1,3,"During the last block, how much did you
FEEL BORED?
Please rate from 0 to 100 on the scale
below, where

  0 =             and            100 = 
 ""not at all""                    ""most possible""",rew-eff-first,1
sub_93894,778,43,postBlock1,1,3,"During the last block, how much did you
FEEL BORED?
Please rate from 0 to 100 on the scale
below, where

  0 =             and            100 = 
 ""not at all""                    ""most possible""",rew-eff-first,1
sub_93894,779,22,postBlock3,1,3,"During the last block, how much did you
FEEL BORED?
Please rate from 0 to 100 on the scale
below, where

  0 =             and            100 = 
 ""not at all""                    ""most possible""",rew-eff-first,1
sub_93894,780,29,postBlock2,1,3,"During the last block, how much did you
FEEL BORED?
Please rate from 0 to 100 on the scale
below, where

  0 =             and            100 = 
 ""not at all""                    ""most possible""",rew-eff-first,1
sub_15641,781,53,postBlock0,1,1,"During the last block, how much did you
FEEL PLEASED
when you collected the coins?


Please rate from 0 to 100 on the scale
below, where

  0 =             and            100 = 
 ""not at all""                    ""most possible""",causal-attr-first,1
sub_15641,782,42,postBlock1,1,1,"During the last block, how much did you
FEEL PLEASED
when you collected the coins?


Please rate from 0 to 100 on the scale
below, where

  0 =             and            100 = 
 ""not at all""                    ""most possible""",causal-attr-first,1
sub_15641,783,10,postBlock3,1,1,"During the last block, how much did you
FEEL PLEASED
when you collected the coins?


Please rate from 0 to 100 on the scale
below, where

  0 =             and            100 = 
 ""not at all""                    ""most possible""",causal-attr-first,1
sub_15641,784,34,postBlock2,1,1,"During the last block, how much did you
FEEL PLEASED
when you collected the coins?


Please rate from 0 to 100 on the scale
below, where

  0 =             and            100 = 
 ""not at all""                    ""most possible""",causal-attr-first,1
sub_15641,785,21,postBlock2,1,2,"During the last block, how much did you
FEEL A SENSE OF ACHIEVEMENT when you
sucessfully hit the required power level?


Please rate from 0 to 100 on the scale
below, where

  0 =             and            100 = 
 ""not at all""                    ""most possible""",causal-attr-first,1
sub_15641,786,48,postBlock0,1,2,"During the last block, how much did you
FEEL A SENSE OF ACHIEVEMENT when you
sucessfully hit the required power level?


Please rate from 0 to 100 on the scale
below, where

  0 =             and            100 = 
 ""not at all""                    ""most possible""",causal-attr-first,1
sub_15641,787,46,postBlock1,1,2,"During the last block, how much did you
FEEL A SENSE OF ACHIEVEMENT when you
sucessfully hit the required power level?


Please rate from 0 to 100 on the scale
below, where

  0 =             and            100 = 
 ""not at all""                    ""most possible""",causal-attr-first,1
sub_15641,788,2,postBlock3,1,2,"During the last block, how much did you
FEEL A SENSE OF ACHIEVEMENT when you
sucessfully hit the required power level?


Please rate from 0 to 100 on the scale
below, where

  0 =             and            100 = 
 ""not at all""                    ""most possible""",causal-attr-first,1
sub_15641,789,55,postBlock0,1,3,"During the last block, how much did you
FEEL BORED?
Please rate from 0 to 100 on the scale
below, where

  0 =             and            100 = 
 ""not at all""                    ""most possible""",causal-attr-first,1
sub_15641,790,57,postBlock1,1,3,"During the last block, how much did you
FEEL BORED?
Please rate from 0 to 100 on the scale
below, where

  0 =             and            100 = 
 ""not at all""                    ""most possible""",causal-attr-first,1
sub_15641,791,66,postBlock3,1,3,"During the last block, how much did you
FEEL BORED?
Please rate from 0 to 100 on the scale
below, where

  0 =             and            100 = 
 ""not at all""                    ""most possible""",causal-attr-first,1
sub_15641,792,61,postBlock2,1,3,"During the last block, how much did you
FEEL BORED?
Please rate from 0 to 100 on the scale
below, where

  0 =             and            100 = 
 ""not at all""                    ""most possible""",causal-attr-first,1
sub_25041,793,100,postBlock0,1,1,"During the last block, how much did you
FEEL PLEASED
when you collected the coins?


Please rate from 0 to 100 on the scale
below, where

  0 =             and            100 = 
 ""not at all""                    ""most possible""",causal-attr-first,1
sub_25041,794,100,postBlock1,1,1,"During the last block, how much did you
FEEL PLEASED
when you collected the coins?


Please rate from 0 to 100 on the scale
below, where

  0 =             and            100 = 
 ""not at all""                    ""most possible""",causal-attr-first,1
sub_25041,795,100,postBlock3,1,1,"During the last block, how much did you
FEEL PLEASED
when you collected the coins?


Please rate from 0 to 100 on the scale
below, where

  0 =             and            100 = 
 ""not at all""                    ""most possible""",causal-attr-first,1
sub_25041,796,100,postBlock2,1,1,"During the last block, how much did you
FEEL PLEASED
when you collected the coins?


Please rate from 0 to 100 on the scale
below, where

  0 =             and            100 = 
 ""not at all""                    ""most possible""",causal-attr-first,1
sub_25041,797,100,postBlock2,1,2,"During the last block, how much did you
FEEL A SENSE OF ACHIEVEMENT when you
sucessfully hit the required power level?


Please rate from 0 to 100 on the scale
below, where

  0 =             and            100 = 
 ""not at all""                    ""most possible""",causal-attr-first,1
sub_25041,798,100,postBlock0,1,2,"During the last block, how much did you
FEEL A SENSE OF ACHIEVEMENT when you
sucessfully hit the required power level?


Please rate from 0 to 100 on the scale
below, where

  0 =             and            100 = 
 ""not at all""                    ""most possible""",causal-attr-first,1
sub_25041,799,100,postBlock1,1,2,"During the last block, how much did you
FEEL A SENSE OF ACHIEVEMENT when you
sucessfully hit the required power level?


Please rate from 0 to 100 on the scale
below, where

  0 =             and            100 = 
 ""not at all""                    ""most possible""",causal-attr-first,1
sub_25041,800,100,postBlock3,1,2,"During the last block, how much did you
FEEL A SENSE OF ACHIEVEMENT when you
sucessfully hit the required power level?


Please rate from 0 to 100 on the scale
below, where

  0 =             and            100 = 
 ""not at all""                    ""most possible""",causal-attr-first,1
sub_25041,801,0,postBlock0,1,3,"During the last block, how much did you
FEEL BORED?
Please rate from 0 to 100 on the scale
below, where

  0 =             and            100 = 
 ""not at all""                    ""most possible""",causal-attr-first,1
sub_25041,802,0,postBlock1,1,3,"During the last block, how much did you
FEEL BORED?
Please rate from 0 to 100 on the scale
below, where

  0 =             and            100 = 
 ""not at all""                    ""most possible""",causal-attr-first,1
sub_25041,803,0,postBlock3,1,3,"During the last block, how much did you
FEEL BORED?
Please rate from 0 to 100 on the scale
below, where

  0 =             and            100 = 
 ""not at all""                    ""most possible""",causal-attr-first,1
sub_25041,804,0,postBlock2,1,3,"During the last block, how much did you
FEEL BORED?
Please rate from 0 to 100 on the scale
below, where

  0 =             and            100 = 
 ""not at all""                    ""most possible""",causal-attr-first,1
sub_42161,805,15,postBlock0,1,1,"During the last block, how much did you
FEEL PLEASED
when you collected the coins?


Please rate from 0 to 100 on the scale
below, where

  0 =             and            100 = 
 ""not at all""                    ""most possible""",causal-attr-first,1
sub_42161,806,16,postBlock1,1,1,"During the last block, how much did you
FEEL PLEASED
when you collected the coins?


Please rate from 0 to 100 on the scale
below, where

  0 =             and            100 = 
 ""not at all""                    ""most possible""",causal-attr-first,1
sub_42161,807,16,postBlock3,1,1,"During the last block, how much did you
FEEL PLEASED
when you collected the coins?


Please rate from 0 to 100 on the scale
below, where

  0 =             and            100 = 
 ""not at all""                    ""most possible""",causal-attr-first,1
sub_42161,808,14,postBlock2,1,1,"During the last block, how much did you
FEEL PLEASED
when you collected the coins?


Please rate from 0 to 100 on the scale
below, where

  0 =             and            100 = 
 ""not at all""                    ""most possible""",causal-attr-first,1
sub_42161,809,6,postBlock2,1,2,"During the last block, how much did you
FEEL A SENSE OF ACHIEVEMENT when you
sucessfully hit the required power level?


Please rate from 0 to 100 on the scale
below, where

  0 =             and            100 = 
 ""not at all""                    ""most possible""",causal-attr-first,1
sub_42161,810,17,postBlock0,1,2,"During the last block, how much did you
FEEL A SENSE OF ACHIEVEMENT when you
sucessfully hit the required power level?


Please rate from 0 to 100 on the scale
below, where

  0 =             and            100 = 
 ""not at all""                    ""most possible""",causal-attr-first,1
sub_42161,811,20,postBlock1,1,2,"During the last block, how much did you
FEEL A SENSE OF ACHIEVEMENT when you
sucessfully hit the required power level?


Please rate from 0 to 100 on the scale
below, where

  0 =             and            100 = 
 ""not at all""                    ""most possible""",causal-attr-first,1
sub_42161,812,12,postBlock3,1,2,"During the last block, how much did you
FEEL A SENSE OF ACHIEVEMENT when you
sucessfully hit the required power level?


Please rate from 0 to 100 on the scale
below, where

  0 =             and            100 = 
 ""not at all""                    ""most possible""",causal-attr-first,1
sub_42161,813,91,postBlock0,1,3,"During the last block, how much did you
FEEL BORED?
Please rate from 0 to 100 on the scale
below, where

  0 =             and            100 = 
 ""not at all""                    ""most possible""",causal-attr-first,1
sub_42161,814,87,postBlock1,1,3,"During the last block, how much did you
FEEL BORED?
Please rate from 0 to 100 on the scale
below, where

  0 =             and            100 = 
 ""not at all""                    ""most possible""",causal-attr-first,1
sub_42161,815,93,postBlock3,1,3,"During the last block, how much did you
FEEL BORED?
Please rate from 0 to 100 on the scale
below, where

  0 =             and            100 = 
 ""not at all""                    ""most possible""",causal-attr-first,1
sub_42161,816,97,postBlock2,1,3,"During the last block, how much did you
FEEL BORED?
Please rate from 0 to 100 on the scale
below, where

  0 =             and            100 = 
 ""not at all""                    ""most possible""",causal-attr-first,1
sub_69437,817,80,postBlock0,1,1,"During the last block, how much did you
FEEL PLEASED
when you collected the coins?


Please rate from 0 to 100 on the scale
below, where

  0 =             and            100 = 
 ""not at all""                    ""most possible""",rew-eff-first,1
sub_69437,818,75,postBlock1,1,1,"During the last block, how much did you
FEEL PLEASED
when you collected the coins?


Please rate from 0 to 100 on the scale
below, where

  0 =             and            100 = 
 ""not at all""                    ""most possible""",rew-eff-first,1
sub_69437,819,60,postBlock3,1,1,"During the last block, how much did you
FEEL PLEASED
when you collected the coins?


Please rate from 0 to 100 on the scale
below, where

  0 =             and            100 = 
 ""not at all""                    ""most possible""",rew-eff-first,1
sub_69437,820,65,postBlock2,1,1,"During the last block, how much did you
FEEL PLEASED
when you collected the coins?


Please rate from 0 to 100 on the scale
below, where

  0 =             and            100 = 
 ""not at all""                    ""most possible""",rew-eff-first,1
sub_69437,821,70,postBlock2,1,2,"During the last block, how much did you
FEEL A SENSE OF ACHIEVEMENT when you
sucessfully hit the required power level?


Please rate from 0 to 100 on the scale
below, where

  0 =             and            100 = 
 ""not at all""                    ""most possible""",rew-eff-first,1
sub_69437,822,70,postBlock0,1,2,"During the last block, how much did you
FEEL A SENSE OF ACHIEVEMENT when you
sucessfully hit the required power level?


Please rate from 0 to 100 on the scale
below, where

  0 =             and            100 = 
 ""not at all""                    ""most possible""",rew-eff-first,1
sub_69437,823,75,postBlock1,1,2,"During the last block, how much did you
FEEL A SENSE OF ACHIEVEMENT when you
sucessfully hit the required power level?


Please rate from 0 to 100 on the scale
below, where

  0 =             and            100 = 
 ""not at all""                    ""most possible""",rew-eff-first,1
sub_69437,824,60,postBlock3,1,2,"During the last block, how much did you
FEEL A SENSE OF ACHIEVEMENT when you
sucessfully hit the required power level?


Please rate from 0 to 100 on the scale
below, where

  0 =             and            100 = 
 ""not at all""                    ""most possible""",rew-eff-first,1
sub_69437,825,65,postBlock0,1,3,"During the last block, how much did you
FEEL BORED?
Please rate from 0 to 100 on the scale
below, where

  0 =             and            100 = 
 ""not at all""                    ""most possible""",rew-eff-first,1
sub_69437,826,51,postBlock1,1,3,"During the last block, how much did you
FEEL BORED?
Please rate from 0 to 100 on the scale
below, where

  0 =             and            100 = 
 ""not at all""                    ""most possible""",rew-eff-first,1
sub_69437,827,65,postBlock3,1,3,"During the last block, how much did you
FEEL BORED?
Please rate from 0 to 100 on the scale
below, where

  0 =             and            100 = 
 ""not at all""                    ""most possible""",rew-eff-first,1
sub_69437,828,60,postBlock2,1,3,"During the last block, how much did you
FEEL BORED?
Please rate from 0 to 100 on the scale
below, where

  0 =             and            100 = 
 ""not at all""                    ""most possible""",rew-eff-first,1
sub_14954,829,73,postBlock0,1,1,"During the last block, how much did you
FEEL PLEASED
when you collected the coins?


Please rate from 0 to 100 on the scale
below, where

  0 =             and            100 = 
 ""not at all""                    ""most possible""",rew-eff-first,1
sub_14954,830,65,postBlock1,1,1,"During the last block, how much did you
FEEL PLEASED
when you collected the coins?


Please rate from 0 to 100 on the scale
below, where

  0 =             and            100 = 
 ""not at all""                    ""most possible""",rew-eff-first,1
sub_14954,831,57,postBlock3,1,1,"During the last block, how much did you
FEEL PLEASED
when you collected the coins?


Please rate from 0 to 100 on the scale
below, where

  0 =             and            100 = 
 ""not at all""                    ""most possible""",rew-eff-first,1
sub_14954,832,68,postBlock2,1,1,"During the last block, how much did you
FEEL PLEASED
when you collected the coins?


Please rate from 0 to 100 on the scale
below, where

  0 =             and            100 = 
 ""not at all""                    ""most possible""",rew-eff-first,1
sub_14954,833,56,postBlock2,1,2,"During the last block, how much did you
FEEL A SENSE OF ACHIEVEMENT when you
sucessfully hit the required power level?


Please rate from 0 to 100 on the scale
below, where

  0 =             and            100 = 
 ""not at all""                    ""most possible""",rew-eff-first,1
sub_14954,834,77,postBlock0,1,2,"During the last block, how much did you
FEEL A SENSE OF ACHIEVEMENT when you
sucessfully hit the required power level?


Please rate from 0 to 100 on the scale
below, where

  0 =             and            100 = 
 ""not at all""                    ""most possible""",rew-eff-first,1
sub_14954,835,44,postBlock1,1,2,"During the last block, how much did you
FEEL A SENSE OF ACHIEVEMENT when you
sucessfully hit the required power level?


Please rate from 0 to 100 on the scale
below, where

  0 =             and            100 = 
 ""not at all""                    ""most possible""",rew-eff-first,1
sub_14954,836,53,postBlock3,1,2,"During the last block, how much did you
FEEL A SENSE OF ACHIEVEMENT when you
sucessfully hit the required power level?


Please rate from 0 to 100 on the scale
below, where

  0 =             and            100 = 
 ""not at all""                    ""most possible""",rew-eff-first,1
sub_14954,837,50,postBlock0,1,3,"During the last block, how much did you
FEEL BORED?
Please rate from 0 to 100 on the scale
below, where

  0 =             and            100 = 
 ""not at all""                    ""most possible""",rew-eff-first,1
sub_14954,838,88,postBlock1,1,3,"During the last block, how much did you
FEEL BORED?
Please rate from 0 to 100 on the scale
below, where

  0 =             and            100 = 
 ""not at all""                    ""most possible""",rew-eff-first,1
sub_14954,839,79,postBlock3,1,3,"During the last block, how much did you
FEEL BORED?
Please rate from 0 to 100 on the scale
below, where

  0 =             and            100 = 
 ""not at all""                    ""most possible""",rew-eff-first,1
sub_14954,840,85,postBlock2,1,3,"During the last block, how much did you
FEEL BORED?
Please rate from 0 to 100 on the scale
below, where

  0 =             and            100 = 
 ""not at all""                    ""most possible""",rew-eff-first,1
sub_82613,841,75,postBlock0,1,1,"During the last block, how much did you
FEEL PLEASED
when you collected the coins?


Please rate from 0 to 100 on the scale
below, where

  0 =             and            100 = 
 ""not at all""                    ""most possible""",causal-attr-first,1
sub_82613,842,73,postBlock1,1,1,"During the last block, how much did you
FEEL PLEASED
when you collected the coins?


Please rate from 0 to 100 on the scale
below, where

  0 =             and            100 = 
 ""not at all""                    ""most possible""",causal-attr-first,1
sub_82613,843,79,postBlock3,1,1,"During the last block, how much did you
FEEL PLEASED
when you collected the coins?


Please rate from 0 to 100 on the scale
below, where

  0 =             and            100 = 
 ""not at all""                    ""most possible""",causal-attr-first,1
sub_82613,844,84,postBlock2,1,1,"During the last block, how much did you
FEEL PLEASED
when you collected the coins?


Please rate from 0 to 100 on the scale
below, where

  0 =             and            100 = 
 ""not at all""                    ""most possible""",causal-attr-first,1
sub_82613,845,73,postBlock2,1,2,"During the last block, how much did you
FEEL A SENSE OF ACHIEVEMENT when you
sucessfully hit the required power level?


Please rate from 0 to 100 on the scale
below, where

  0 =             and            100 = 
 ""not at all""                    ""most possible""",causal-attr-first,1
sub_82613,846,68,postBlock0,1,2,"During the last block, how much did you
FEEL A SENSE OF ACHIEVEMENT when you
sucessfully hit the required power level?


Please rate from 0 to 100 on the scale
below, where

  0 =             and            100 = 
 ""not at all""                    ""most possible""",causal-attr-first,1
sub_82613,847,65,postBlock1,1,2,"During the last block, how much did you
FEEL A SENSE OF ACHIEVEMENT when you
sucessfully hit the required power level?


Please rate from 0 to 100 on the scale
below, where

  0 =             and            100 = 
 ""not at all""                    ""most possible""",causal-attr-first,1
sub_82613,848,81,postBlock3,1,2,"During the last block, how much did you
FEEL A SENSE OF ACHIEVEMENT when you
sucessfully hit the required power level?


Please rate from 0 to 100 on the scale
below, where

  0 =             and            100 = 
 ""not at all""                    ""most possible""",causal-attr-first,1
sub_82613,849,66,postBlock0,1,3,"During the last block, how much did you
FEEL BORED?
Please rate from 0 to 100 on the scale
below, where

  0 =             and            100 = 
 ""not at all""                    ""most possible""",causal-attr-first,1
sub_82613,850,81,postBlock1,1,3,"During the last block, how much did you
FEEL BORED?
Please rate from 0 to 100 on the scale
below, where

  0 =             and            100 = 
 ""not at all""                    ""most possible""",causal-attr-first,1
sub_82613,851,65,postBlock3,1,3,"During the last block, how much did you
FEEL BORED?
Please rate from 0 to 100 on the scale
below, where

  0 =             and            100 = 
 ""not at all""                    ""most possible""",causal-attr-first,1
sub_82613,852,97,postBlock2,1,3,"During the last block, how much did you
FEEL BORED?
Please rate from 0 to 100 on the scale
below, where

  0 =             and            100 = 
 ""not at all""                    ""most possible""",causal-attr-first,1
sub_92900,853,88,postBlock0,1,1,"During the last block, how much did you
FEEL PLEASED
when you collected the coins?


Please rate from 0 to 100 on the scale
below, where

  0 =             and            100 = 
 ""not at all""                    ""most possible""",causal-attr-first,1
sub_92900,854,81,postBlock1,1,1,"During the last block, how much did you
FEEL PLEASED
when you collected the coins?


Please rate from 0 to 100 on the scale
below, where

  0 =             and            100 = 
 ""not at all""                    ""most possible""",causal-attr-first,1
sub_92900,855,90,postBlock3,1,1,"During the last block, how much did you
FEEL PLEASED
when you collected the coins?


Please rate from 0 to 100 on the scale
below, where

  0 =             and            100 = 
 ""not at all""                    ""most possible""",causal-attr-first,1
sub_92900,856,85,postBlock2,1,1,"During the last block, how much did you
FEEL PLEASED
when you collected the coins?


Please rate from 0 to 100 on the scale
below, where

  0 =             and            100 = 
 ""not at all""                    ""most possible""",causal-attr-first,1
sub_92900,857,84,postBlock2,1,2,"During the last block, how much did you
FEEL A SENSE OF ACHIEVEMENT when you
sucessfully hit the required power level?


Please rate from 0 to 100 on the scale
below, where

  0 =             and            100 = 
 ""not at all""                    ""most possible""",causal-attr-first,1
sub_92900,858,88,postBlock0,1,2,"During the last block, how much did you
FEEL A SENSE OF ACHIEVEMENT when you
sucessfully hit the required power level?


Please rate from 0 to 100 on the scale
below, where

  0 =             and            100 = 
 ""not at all""                    ""most possible""",causal-attr-first,1
sub_92900,859,82,postBlock1,1,2,"During the last block, how much did you
FEEL A SENSE OF ACHIEVEMENT when you
sucessfully hit the required power level?


Please rate from 0 to 100 on the scale
below, where

  0 =             and            100 = 
 ""not at all""                    ""most possible""",causal-attr-first,1
sub_92900,860,89,postBlock3,1,2,"During the last block, how much did you
FEEL A SENSE OF ACHIEVEMENT when you
sucessfully hit the required power level?


Please rate from 0 to 100 on the scale
below, where

  0 =             and            100 = 
 ""not at all""                    ""most possible""",causal-attr-first,1
sub_92900,861,34,postBlock0,1,3,"During the last block, how much did you
FEEL BORED?
Please rate from 0 to 100 on the scale
below, where

  0 =             and            100 = 
 ""not at all""                    ""most possible""",causal-attr-first,1
sub_92900,862,52,postBlock1,1,3,"During the last block, how much did you
FEEL BORED?
Please rate from 0 to 100 on the scale
below, where

  0 =             and            100 = 
 ""not at all""                    ""most possible""",causal-attr-first,1
sub_92900,863,75,postBlock3,1,3,"During the last block, how much did you
FEEL BORED?
Please rate from 0 to 100 on the scale
below, where

  0 =             and            100 = 
 ""not at all""                    ""most possible""",causal-attr-first,1
sub_92900,864,62,postBlock2,1,3,"During the last block, how much did you
FEEL BORED?
Please rate from 0 to 100 on the scale
below, where

  0 =             and            100 = 
 ""not at all""                    ""most possible""",causal-attr-first,1
sub_60979,865,57,postBlock0,1,1,"During the last block, how much did you
FEEL PLEASED
when you collected the coins?


Please rate from 0 to 100 on the scale
below, where

  0 =             and            100 = 
 ""not at all""                    ""most possible""",rew-eff-first,1
sub_60979,866,72,postBlock1,1,1,"During the last block, how much did you
FEEL PLEASED
when you collected the coins?


Please rate from 0 to 100 on the scale
below, where

  0 =             and            100 = 
 ""not at all""                    ""most possible""",rew-eff-first,1
sub_60979,867,64,postBlock3,1,1,"During the last block, how much did you
FEEL PLEASED
when you collected the coins?


Please rate from 0 to 100 on the scale
below, where

  0 =             and            100 = 
 ""not at all""                    ""most possible""",rew-eff-first,1
sub_60979,868,68,postBlock2,1,1,"During the last block, how much did you
FEEL PLEASED
when you collected the coins?


Please rate from 0 to 100 on the scale
below, where

  0 =             and            100 = 
 ""not at all""                    ""most possible""",rew-eff-first,1
sub_60979,869,60,postBlock2,1,2,"During the last block, how much did you
FEEL A SENSE OF ACHIEVEMENT when you
sucessfully hit the required power level?


Please rate from 0 to 100 on the scale
below, where

  0 =             and            100 = 
 ""not at all""                    ""most possible""",rew-eff-first,1
sub_60979,870,63,postBlock0,1,2,"During the last block, how much did you
FEEL A SENSE OF ACHIEVEMENT when you
sucessfully hit the required power level?


Please rate from 0 to 100 on the scale
below, where

  0 =             and            100 = 
 ""not at all""                    ""most possible""",rew-eff-first,1
sub_60979,871,60,postBlock1,1,2,"During the last block, how much did you
FEEL A SENSE OF ACHIEVEMENT when you
sucessfully hit the required power level?


Please rate from 0 to 100 on the scale
below, where

  0 =             and            100 = 
 ""not at all""                    ""most possible""",rew-eff-first,1
sub_60979,872,62,postBlock3,1,2,"During the last block, how much did you
FEEL A SENSE OF ACHIEVEMENT when you
sucessfully hit the required power level?


Please rate from 0 to 100 on the scale
below, where

  0 =             and            100 = 
 ""not at all""                    ""most possible""",rew-eff-first,1
sub_60979,873,52,postBlock0,1,3,"During the last block, how much did you
FEEL BORED?
Please rate from 0 to 100 on the scale
below, where

  0 =             and            100 = 
 ""not at all""                    ""most possible""",rew-eff-first,1
sub_60979,874,40,postBlock1,1,3,"During the last block, how much did you
FEEL BORED?
Please rate from 0 to 100 on the scale
below, where

  0 =             and            100 = 
 ""not at all""                    ""most possible""",rew-eff-first,1
sub_60979,875,40,postBlock3,1,3,"During the last block, how much did you
FEEL BORED?
Please rate from 0 to 100 on the scale
below, where

  0 =             and            100 = 
 ""not at all""                    ""most possible""",rew-eff-first,1
sub_60979,876,41,postBlock2,1,3,"During the last block, how much did you
FEEL BORED?
Please rate from 0 to 100 on the scale
below, where

  0 =             and            100 = 
 ""not at all""                    ""most possible""",rew-eff-first,1
sub_13935,877,81,postBlock0,1,1,"During the last block, how much did you
FEEL PLEASED
when you collected the coins?


Please rate from 0 to 100 on the scale
below, where

  0 =             and            100 = 
 ""not at all""                    ""most possible""",rew-eff-first,1
sub_13935,878,78,postBlock1,1,1,"During the last block, how much did you
FEEL PLEASED
when you collected the coins?


Please rate from 0 to 100 on the scale
below, where

  0 =             and            100 = 
 ""not at all""                    ""most possible""",rew-eff-first,1
sub_13935,879,80,postBlock3,1,1,"During the last block, how much did you
FEEL PLEASED
when you collected the coins?


Please rate from 0 to 100 on the scale
below, where

  0 =             and            100 = 
 ""not at all""                    ""most possible""",rew-eff-first,1
sub_13935,880,80,postBlock2,1,1,"During the last block, how much did you
FEEL PLEASED
when you collected the coins?


Please rate from 0 to 100 on the scale
below, where

  0 =             and            100 = 
 ""not at all""                    ""most possible""",rew-eff-first,1
sub_13935,881,80,postBlock2,1,2,"During the last block, how much did you
FEEL A SENSE OF ACHIEVEMENT when you
sucessfully hit the required power level?


Please rate from 0 to 100 on the scale
below, where

  0 =             and            100 = 
 ""not at all""                    ""most possible""",rew-eff-first,1
sub_13935,882,79,postBlock0,1,2,"During the last block, how much did you
FEEL A SENSE OF ACHIEVEMENT when you
sucessfully hit the required power level?


Please rate from 0 to 100 on the scale
below, where

  0 =             and            100 = 
 ""not at all""                    ""most possible""",rew-eff-first,1
sub_13935,883,78,postBlock1,1,2,"During the last block, how much did you
FEEL A SENSE OF ACHIEVEMENT when you
sucessfully hit the required power level?


Please rate from 0 to 100 on the scale
below, where

  0 =             and            100 = 
 ""not at all""                    ""most possible""",rew-eff-first,1
sub_13935,884,81,postBlock3,1,2,"During the last block, how much did you
FEEL A SENSE OF ACHIEVEMENT when you
sucessfully hit the required power level?


Please rate from 0 to 100 on the scale
below, where

  0 =             and            100 = 
 ""not at all""                    ""most possible""",rew-eff-first,1
sub_13935,885,20,postBlock0,1,3,"During the last block, how much did you
FEEL BORED?
Please rate from 0 to 100 on the scale
below, where

  0 =             and            100 = 
 ""not at all""                    ""most possible""",rew-eff-first,1
sub_13935,886,20,postBlock1,1,3,"During the last block, how much did you
FEEL BORED?
Please rate from 0 to 100 on the scale
below, where

  0 =             and            100 = 
 ""not at all""                    ""most possible""",rew-eff-first,1
sub_13935,887,26,postBlock3,1,3,"During the last block, how much did you
FEEL BORED?
Please rate from 0 to 100 on the scale
below, where

  0 =             and            100 = 
 ""not at all""                    ""most possible""",rew-eff-first,1
sub_13935,888,21,postBlock2,1,3,"During the last block, how much did you
FEEL BORED?
Please rate from 0 to 100 on the scale
below, where

  0 =             and            100 = 
 ""not at all""                    ""most possible""",rew-eff-first,1
sub_97812,889,95,postBlock0,1,1,"During the last block, how much did you
FEEL PLEASED
when you collected the coins?


Please rate from 0 to 100 on the scale
below, where

  0 =             and            100 = 
 ""not at all""                    ""most possible""",rew-eff-first,1
sub_97812,890,95,postBlock1,1,1,"During the last block, how much did you
FEEL PLEASED
when you collected the coins?


Please rate from 0 to 100 on the scale
below, where

  0 =             and            100 = 
 ""not at all""                    ""most possible""",rew-eff-first,1
sub_97812,891,95,postBlock3,1,1,"During the last block, how much did you
FEEL PLEASED
when you collected the coins?


Please rate from 0 to 100 on the scale
below, where

  0 =             and            100 = 
 ""not at all""                    ""most possible""",rew-eff-first,1
sub_97812,892,95,postBlock2,1,1,"During the last block, how much did you
FEEL PLEASED
when you collected the coins?


Please rate from 0 to 100 on the scale
below, where

  0 =             and            100 = 
 ""not at all""                    ""most possible""",rew-eff-first,1
sub_97812,893,95,postBlock2,1,2,"During the last block, how much did you
FEEL A SENSE OF ACHIEVEMENT when you
sucessfully hit the required power level?


Please rate from 0 to 100 on the scale
below, where

  0 =             and            100 = 
 ""not at all""                    ""most possible""",rew-eff-first,1
sub_97812,894,100,postBlock0,1,2,"During the last block, how much did you
FEEL A SENSE OF ACHIEVEMENT when you
sucessfully hit the required power level?


Please rate from 0 to 100 on the scale
below, where

  0 =             and            100 = 
 ""not at all""                    ""most possible""",rew-eff-first,1
sub_97812,895,90,postBlock1,1,2,"During the last block, how much did you
FEEL A SENSE OF ACHIEVEMENT when you
sucessfully hit the required power level?


Please rate from 0 to 100 on the scale
below, where

  0 =             and            100 = 
 ""not at all""                    ""most possible""",rew-eff-first,1
sub_97812,896,95,postBlock3,1,2,"During the last block, how much did you
FEEL A SENSE OF ACHIEVEMENT when you
sucessfully hit the required power level?


Please rate from 0 to 100 on the scale
below, where

  0 =             and            100 = 
 ""not at all""                    ""most possible""",rew-eff-first,1
sub_97812,897,30,postBlock0,1,3,"During the last block, how much did you
FEEL BORED?
Please rate from 0 to 100 on the scale
below, where

  0 =             and            100 = 
 ""not at all""                    ""most possible""",rew-eff-first,1
sub_97812,898,40,postBlock1,1,3,"During the last block, how much did you
FEEL BORED?
Please rate from 0 to 100 on the scale
below, where

  0 =             and            100 = 
 ""not at all""                    ""most possible""",rew-eff-first,1
sub_97812,899,45,postBlock3,1,3,"During the last block, how much did you
FEEL BORED?
Please rate from 0 to 100 on the scale
below, where

  0 =             and            100 = 
 ""not at all""                    ""most possible""",rew-eff-first,1
sub_97812,900,40,postBlock2,1,3,"During the last block, how much did you
FEEL BORED?
Please rate from 0 to 100 on the scale
below, where

  0 =             and            100 = 
 ""not at all""                    ""most possible""",rew-eff-first,1
sub_76613,901,78,postBlock0,1,1,"During the last block, how much did you
FEEL PLEASED
when you collected the coins?


Please rate from 0 to 100 on the scale
below, where

  0 =             and            100 = 
 ""not at all""                    ""most possible""",causal-attr-first,1
sub_76613,902,78,postBlock1,1,1,"During the last block, how much did you
FEEL PLEASED
when you collected the coins?


Please rate from 0 to 100 on the scale
below, where

  0 =             and            100 = 
 ""not at all""                    ""most possible""",causal-attr-first,1
sub_76613,903,82,postBlock3,1,1,"During the last block, how much did you
FEEL PLEASED
when you collected the coins?


Please rate from 0 to 100 on the scale
below, where

  0 =             and            100 = 
 ""not at all""                    ""most possible""",causal-attr-first,1
sub_76613,904,83,postBlock2,1,1,"During the last block, how much did you
FEEL PLEASED
when you collected the coins?


Please rate from 0 to 100 on the scale
below, where

  0 =             and            100 = 
 ""not at all""                    ""most possible""",causal-attr-first,1
sub_76613,905,78,postBlock2,1,2,"During the last block, how much did you
FEEL A SENSE OF ACHIEVEMENT when you
sucessfully hit the required power level?


Please rate from 0 to 100 on the scale
below, where

  0 =             and            100 = 
 ""not at all""                    ""most possible""",causal-attr-first,1
sub_76613,906,72,postBlock0,1,2,"During the last block, how much did you
FEEL A SENSE OF ACHIEVEMENT when you
sucessfully hit the required power level?


Please rate from 0 to 100 on the scale
below, where

  0 =             and            100 = 
 ""not at all""                    ""most possible""",causal-attr-first,1
sub_76613,907,76,postBlock1,1,2,"During the last block, how much did you
FEEL A SENSE OF ACHIEVEMENT when you
sucessfully hit the required power level?


Please rate from 0 to 100 on the scale
below, where

  0 =             and            100 = 
 ""not at all""                    ""most possible""",causal-attr-first,1
sub_76613,908,83,postBlock3,1,2,"During the last block, how much did you
FEEL A SENSE OF ACHIEVEMENT when you
sucessfully hit the required power level?


Please rate from 0 to 100 on the scale
below, where

  0 =             and            100 = 
 ""not at all""                    ""most possible""",causal-attr-first,1
sub_76613,909,13,postBlock0,1,3,"During the last block, how much did you
FEEL BORED?
Please rate from 0 to 100 on the scale
below, where

  0 =             and            100 = 
 ""not at all""                    ""most possible""",causal-attr-first,1
sub_76613,910,5,postBlock1,1,3,"During the last block, how much did you
FEEL BORED?
Please rate from 0 to 100 on the scale
below, where

  0 =             and            100 = 
 ""not at all""                    ""most possible""",causal-attr-first,1
sub_76613,911,7,postBlock3,1,3,"During the last block, how much did you
FEEL BORED?
Please rate from 0 to 100 on the scale
below, where

  0 =             and            100 = 
 ""not at all""                    ""most possible""",causal-attr-first,1
sub_76613,912,9,postBlock2,1,3,"During the last block, how much did you
FEEL BORED?
Please rate from 0 to 100 on the scale
below, where

  0 =             and            100 = 
 ""not at all""                    ""most possible""",causal-attr-first,1
sub_41648,913,100,postBlock0,1,1,"During the last block, how much did you
FEEL PLEASED
when you collected the coins?


Please rate from 0 to 100 on the scale
below, where

  0 =             and            100 = 
 ""not at all""                    ""most possible""",rew-eff-first,1
sub_41648,914,100,postBlock1,1,1,"During the last block, how much did you
FEEL PLEASED
when you collected the coins?


Please rate from 0 to 100 on the scale
below, where

  0 =             and            100 = 
 ""not at all""                    ""most possible""",rew-eff-first,1
sub_41648,915,100,postBlock3,1,1,"During the last block, how much did you
FEEL PLEASED
when you collected the coins?


Please rate from 0 to 100 on the scale
below, where

  0 =             and            100 = 
 ""not at all""                    ""most possible""",rew-eff-first,1
sub_41648,916,100,postBlock2,1,1,"During the last block, how much did you
FEEL PLEASED
when you collected the coins?


Please rate from 0 to 100 on the scale
below, where

  0 =             and            100 = 
 ""not at all""                    ""most possible""",rew-eff-first,1
sub_41648,917,100,postBlock2,1,2,"During the last block, how much did you
FEEL A SENSE OF ACHIEVEMENT when you
sucessfully hit the required power level?


Please rate from 0 to 100 on the scale
below, where

  0 =             and            100 = 
 ""not at all""                    ""most possible""",rew-eff-first,1
sub_41648,918,76,postBlock0,1,2,"During the last block, how much did you
FEEL A SENSE OF ACHIEVEMENT when you
sucessfully hit the required power level?


Please rate from 0 to 100 on the scale
below, where

  0 =             and            100 = 
 ""not at all""                    ""most possible""",rew-eff-first,1
sub_41648,919,100,postBlock1,1,2,"During the last block, how much did you
FEEL A SENSE OF ACHIEVEMENT when you
sucessfully hit the required power level?


Please rate from 0 to 100 on the scale
below, where

  0 =             and            100 = 
 ""not at all""                    ""most possible""",rew-eff-first,1
sub_41648,920,100,postBlock3,1,2,"During the last block, how much did you
FEEL A SENSE OF ACHIEVEMENT when you
sucessfully hit the required power level?


Please rate from 0 to 100 on the scale
below, where

  0 =             and            100 = 
 ""not at all""                    ""most possible""",rew-eff-first,1
sub_41648,921,22,postBlock0,1,3,"During the last block, how much did you
FEEL BORED?
Please rate from 0 to 100 on the scale
below, where

  0 =             and            100 = 
 ""not at all""                    ""most possible""",rew-eff-first,1
sub_41648,922,54,postBlock1,1,3,"During the last block, how much did you
FEEL BORED?
Please rate from 0 to 100 on the scale
below, where

  0 =             and            100 = 
 ""not at all""                    ""most possible""",rew-eff-first,1
sub_41648,923,82,postBlock3,1,3,"During the last block, how much did you
FEEL BORED?
Please rate from 0 to 100 on the scale
below, where

  0 =             and            100 = 
 ""not at all""                    ""most possible""",rew-eff-first,1
sub_41648,924,78,postBlock2,1,3,"During the last block, how much did you
FEEL BORED?
Please rate from 0 to 100 on the scale
below, where

  0 =             and            100 = 
 ""not at all""                    ""most possible""",rew-eff-first,1
sub_40517,925,7,postBlock0,1,1,"During the last block, how much did you
FEEL PLEASED
when you collected the coins?


Please rate from 0 to 100 on the scale
below, where

  0 =             and            100 = 
 ""not at all""                    ""most possible""",causal-attr-first,1
sub_40517,926,10,postBlock1,1,1,"During the last block, how much did you
FEEL PLEASED
when you collected the coins?


Please rate from 0 to 100 on the scale
below, where

  0 =             and            100 = 
 ""not at all""                    ""most possible""",causal-attr-first,1
sub_40517,927,13,postBlock3,1,1,"During the last block, how much did you
FEEL PLEASED
when you collected the coins?


Please rate from 0 to 100 on the scale
below, where

  0 =             and            100 = 
 ""not at all""                    ""most possible""",causal-attr-first,1
sub_40517,928,8,postBlock2,1,1,"During the last block, how much did you
FEEL PLEASED
when you collected the coins?


Please rate from 0 to 100 on the scale
below, where

  0 =             and            100 = 
 ""not at all""                    ""most possible""",causal-attr-first,1
sub_40517,929,7,postBlock2,1,2,"During the last block, how much did you
FEEL A SENSE OF ACHIEVEMENT when you
sucessfully hit the required power level?


Please rate from 0 to 100 on the scale
below, where

  0 =             and            100 = 
 ""not at all""                    ""most possible""",causal-attr-first,1
sub_40517,930,6,postBlock0,1,2,"During the last block, how much did you
FEEL A SENSE OF ACHIEVEMENT when you
sucessfully hit the required power level?


Please rate from 0 to 100 on the scale
below, where

  0 =             and            100 = 
 ""not at all""                    ""most possible""",causal-attr-first,1
sub_40517,931,5,postBlock1,1,2,"During the last block, how much did you
FEEL A SENSE OF ACHIEVEMENT when you
sucessfully hit the required power level?


Please rate from 0 to 100 on the scale
below, where

  0 =             and            100 = 
 ""not at all""                    ""most possible""",causal-attr-first,1
sub_40517,932,10,postBlock3,1,2,"During the last block, how much did you
FEEL A SENSE OF ACHIEVEMENT when you
sucessfully hit the required power level?


Please rate from 0 to 100 on the scale
below, where

  0 =             and            100 = 
 ""not at all""                    ""most possible""",causal-attr-first,1
sub_40517,933,12,postBlock0,1,3,"During the last block, how much did you
FEEL BORED?
Please rate from 0 to 100 on the scale
below, where

  0 =             and            100 = 
 ""not at all""                    ""most possible""",causal-attr-first,1
sub_40517,934,36,postBlock1,1,3,"During the last block, how much did you
FEEL BORED?
Please rate from 0 to 100 on the scale
below, where

  0 =             and            100 = 
 ""not at all""                    ""most possible""",causal-attr-first,1
sub_40517,935,52,postBlock3,1,3,"During the last block, how much did you
FEEL BORED?
Please rate from 0 to 100 on the scale
below, where

  0 =             and            100 = 
 ""not at all""                    ""most possible""",causal-attr-first,1
sub_40517,936,36,postBlock2,1,3,"During the last block, how much did you
FEEL BORED?
Please rate from 0 to 100 on the scale
below, where

  0 =             and            100 = 
 ""not at all""                    ""most possible""",causal-attr-first,1
sub_30114,937,46,postBlock0,1,1,"During the last block, how much did you
FEEL PLEASED
when you collected the coins?


Please rate from 0 to 100 on the scale
below, where

  0 =             and            100 = 
 ""not at all""                    ""most possible""",causal-attr-first,1
sub_30114,938,59,postBlock1,1,1,"During the last block, how much did you
FEEL PLEASED
when you collected the coins?


Please rate from 0 to 100 on the scale
below, where

  0 =             and            100 = 
 ""not at all""                    ""most possible""",causal-attr-first,1
sub_30114,939,64,postBlock3,1,1,"During the last block, how much did you
FEEL PLEASED
when you collected the coins?


Please rate from 0 to 100 on the scale
below, where

  0 =             and            100 = 
 ""not at all""                    ""most possible""",causal-attr-first,1
sub_30114,940,60,postBlock2,1,1,"During the last block, how much did you
FEEL PLEASED
when you collected the coins?


Please rate from 0 to 100 on the scale
below, where

  0 =             and            100 = 
 ""not at all""                    ""most possible""",causal-attr-first,1
sub_30114,941,60,postBlock2,1,2,"During the last block, how much did you
FEEL A SENSE OF ACHIEVEMENT when you
sucessfully hit the required power level?


Please rate from 0 to 100 on the scale
below, where

  0 =             and            100 = 
 ""not at all""                    ""most possible""",causal-attr-first,1
sub_30114,942,33,postBlock0,1,2,"During the last block, how much did you
FEEL A SENSE OF ACHIEVEMENT when you
sucessfully hit the required power level?


Please rate from 0 to 100 on the scale
below, where

  0 =             and            100 = 
 ""not at all""                    ""most possible""",causal-attr-first,1
sub_30114,943,64,postBlock1,1,2,"During the last block, how much did you
FEEL A SENSE OF ACHIEVEMENT when you
sucessfully hit the required power level?


Please rate from 0 to 100 on the scale
below, where

  0 =             and            100 = 
 ""not at all""                    ""most possible""",causal-attr-first,1
sub_30114,944,64,postBlock3,1,2,"During the last block, how much did you
FEEL A SENSE OF ACHIEVEMENT when you
sucessfully hit the required power level?


Please rate from 0 to 100 on the scale
below, where

  0 =             and            100 = 
 ""not at all""                    ""most possible""",causal-attr-first,1
sub_30114,945,49,postBlock0,1,3,"During the last block, how much did you
FEEL BORED?
Please rate from 0 to 100 on the scale
below, where

  0 =             and            100 = 
 ""not at all""                    ""most possible""",causal-attr-first,1
sub_30114,946,50,postBlock1,1,3,"During the last block, how much did you
FEEL BORED?
Please rate from 0 to 100 on the scale
below, where

  0 =             and            100 = 
 ""not at all""                    ""most possible""",causal-attr-first,1
sub_30114,947,21,postBlock3,1,3,"During the last block, how much did you
FEEL BORED?
Please rate from 0 to 100 on the scale
below, where

  0 =             and            100 = 
 ""not at all""                    ""most possible""",causal-attr-first,1
sub_30114,948,22,postBlock2,1,3,"During the last block, how much did you
FEEL BORED?
Please rate from 0 to 100 on the scale
below, where

  0 =             and            100 = 
 ""not at all""                    ""most possible""",causal-attr-first,1
sub_65426,949,98,postBlock0,1,1,"During the last block, how much did you
FEEL PLEASED
when you collected the coins?


Please rate from 0 to 100 on the scale
below, where

  0 =             and            100 = 
 ""not at all""                    ""most possible""",causal-attr-first,1
sub_65426,950,99,postBlock1,1,1,"During the last block, how much did you
FEEL PLEASED
when you collected the coins?


Please rate from 0 to 100 on the scale
below, where

  0 =             and            100 = 
 ""not at all""                    ""most possible""",causal-attr-first,1
sub_65426,951,92,postBlock3,1,1,"During the last block, how much did you
FEEL PLEASED
when you collected the coins?


Please rate from 0 to 100 on the scale
below, where

  0 =             and            100 = 
 ""not at all""                    ""most possible""",causal-attr-first,1
sub_65426,952,94,postBlock2,1,1,"During the last block, how much did you
FEEL PLEASED
when you collected the coins?


Please rate from 0 to 100 on the scale
below, where

  0 =             and            100 = 
 ""not at all""                    ""most possible""",causal-attr-first,1
sub_65426,953,91,postBlock2,1,2,"During the last block, how much did you
FEEL A SENSE OF ACHIEVEMENT when you
sucessfully hit the required power level?


Please rate from 0 to 100 on the scale
below, where

  0 =             and            100 = 
 ""not at all""                    ""most possible""",causal-attr-first,1
sub_65426,954,100,postBlock0,1,2,"During the last block, how much did you
FEEL A SENSE OF ACHIEVEMENT when you
sucessfully hit the required power level?


Please rate from 0 to 100 on the scale
below, where

  0 =             and            100 = 
 ""not at all""                    ""most possible""",causal-attr-first,1
sub_65426,955,99,postBlock1,1,2,"During the last block, how much did you
FEEL A SENSE OF ACHIEVEMENT when you
sucessfully hit the required power level?


Please rate from 0 to 100 on the scale
below, where

  0 =             and            100 = 
 ""not at all""                    ""most possible""",causal-attr-first,1
sub_65426,956,85,postBlock3,1,2,"During the last block, how much did you
FEEL A SENSE OF ACHIEVEMENT when you
sucessfully hit the required power level?


Please rate from 0 to 100 on the scale
below, where

  0 =             and            100 = 
 ""not at all""                    ""most possible""",causal-attr-first,1
sub_65426,957,1,postBlock0,1,3,"During the last block, how much did you
FEEL BORED?
Please rate from 0 to 100 on the scale
below, where

  0 =             and            100 = 
 ""not at all""                    ""most possible""",causal-attr-first,1
sub_65426,958,0,postBlock1,1,3,"During the last block, how much did you
FEEL BORED?
Please rate from 0 to 100 on the scale
below, where

  0 =             and            100 = 
 ""not at all""                    ""most possible""",causal-attr-first,1
sub_65426,959,6,postBlock3,1,3,"During the last block, how much did you
FEEL BORED?
Please rate from 0 to 100 on the scale
below, where

  0 =             and            100 = 
 ""not at all""                    ""most possible""",causal-attr-first,1
sub_65426,960,1,postBlock2,1,3,"During the last block, how much did you
FEEL BORED?
Please rate from 0 to 100 on the scale
below, where

  0 =             and            100 = 
 ""not at all""                    ""most possible""",causal-attr-first,1
sub_80313,961,84,postBlock0,1,1,"During the last block, how much did you
FEEL PLEASED
when you collected the coins?


Please rate from 0 to 100 on the scale
below, where

  0 =             and            100 = 
 ""not at all""                    ""most possible""",rew-eff-first,1
sub_80313,962,89,postBlock1,1,1,"During the last block, how much did you
FEEL PLEASED
when you collected the coins?


Please rate from 0 to 100 on the scale
below, where

  0 =             and            100 = 
 ""not at all""                    ""most possible""",rew-eff-first,1
sub_80313,963,97,postBlock3,1,1,"During the last block, how much did you
FEEL PLEASED
when you collected the coins?


Please rate from 0 to 100 on the scale
below, where

  0 =             and            100 = 
 ""not at all""                    ""most possible""",rew-eff-first,1
sub_80313,964,95,postBlock2,1,1,"During the last block, how much did you
FEEL PLEASED
when you collected the coins?


Please rate from 0 to 100 on the scale
below, where

  0 =             and            100 = 
 ""not at all""                    ""most possible""",rew-eff-first,1
sub_80313,965,96,postBlock2,1,2,"During the last block, how much did you
FEEL A SENSE OF ACHIEVEMENT when you
sucessfully hit the required power level?


Please rate from 0 to 100 on the scale
below, where

  0 =             and            100 = 
 ""not at all""                    ""most possible""",rew-eff-first,1
sub_80313,966,84,postBlock0,1,2,"During the last block, how much did you
FEEL A SENSE OF ACHIEVEMENT when you
sucessfully hit the required power level?


Please rate from 0 to 100 on the scale
below, where

  0 =             and            100 = 
 ""not at all""                    ""most possible""",rew-eff-first,1
sub_80313,967,92,postBlock1,1,2,"During the last block, how much did you
FEEL A SENSE OF ACHIEVEMENT when you
sucessfully hit the required power level?


Please rate from 0 to 100 on the scale
below, where

  0 =             and            100 = 
 ""not at all""                    ""most possible""",rew-eff-first,1
sub_80313,968,95,postBlock3,1,2,"During the last block, how much did you
FEEL A SENSE OF ACHIEVEMENT when you
sucessfully hit the required power level?


Please rate from 0 to 100 on the scale
below, where

  0 =             and            100 = 
 ""not at all""                    ""most possible""",rew-eff-first,1
sub_80313,969,1,postBlock0,1,3,"During the last block, how much did you
FEEL BORED?
Please rate from 0 to 100 on the scale
below, where

  0 =             and            100 = 
 ""not at all""                    ""most possible""",rew-eff-first,1
sub_80313,970,0,postBlock1,1,3,"During the last block, how much did you
FEEL BORED?
Please rate from 0 to 100 on the scale
below, where

  0 =             and            100 = 
 ""not at all""                    ""most possible""",rew-eff-first,1
sub_80313,971,0,postBlock3,1,3,"During the last block, how much did you
FEEL BORED?
Please rate from 0 to 100 on the scale
below, where

  0 =             and            100 = 
 ""not at all""                    ""most possible""",rew-eff-first,1
sub_80313,972,0,postBlock2,1,3,"During the last block, how much did you
FEEL BORED?
Please rate from 0 to 100 on the scale
below, where

  0 =             and            100 = 
 ""not at all""                    ""most possible""",rew-eff-first,1
sub_66493,973,81,postBlock0,1,1,"During the last block, how much did you
FEEL PLEASED
when you collected the coins?


Please rate from 0 to 100 on the scale
below, where

  0 =             and            100 = 
 ""not at all""                    ""most possible""",rew-eff-first,1
sub_66493,974,74,postBlock1,1,1,"During the last block, how much did you
FEEL PLEASED
when you collected the coins?


Please rate from 0 to 100 on the scale
below, where

  0 =             and            100 = 
 ""not at all""                    ""most possible""",rew-eff-first,1
sub_66493,975,82,postBlock3,1,1,"During the last block, how much did you
FEEL PLEASED
when you collected the coins?


Please rate from 0 to 100 on the scale
below, where

  0 =             and            100 = 
 ""not at all""                    ""most possible""",rew-eff-first,1
sub_66493,976,66,postBlock2,1,1,"During the last block, how much did you
FEEL PLEASED
when you collected the coins?


Please rate from 0 to 100 on the scale
below, where

  0 =             and            100 = 
 ""not at all""                    ""most possible""",rew-eff-first,1
sub_66493,977,61,postBlock2,1,2,"During the last block, how much did you
FEEL A SENSE OF ACHIEVEMENT when you
sucessfully hit the required power level?


Please rate from 0 to 100 on the scale
below, where

  0 =             and            100 = 
 ""not at all""                    ""most possible""",rew-eff-first,1
sub_66493,978,39,postBlock0,1,2,"During the last block, how much did you
FEEL A SENSE OF ACHIEVEMENT when you
sucessfully hit the required power level?


Please rate from 0 to 100 on the scale
below, where

  0 =             and            100 = 
 ""not at all""                    ""most possible""",rew-eff-first,1
sub_66493,979,65,postBlock1,1,2,"During the last block, how much did you
FEEL A SENSE OF ACHIEVEMENT when you
sucessfully hit the required power level?


Please rate from 0 to 100 on the scale
below, where

  0 =             and            100 = 
 ""not at all""                    ""most possible""",rew-eff-first,1
sub_66493,980,74,postBlock3,1,2,"During the last block, how much did you
FEEL A SENSE OF ACHIEVEMENT when you
sucessfully hit the required power level?


Please rate from 0 to 100 on the scale
below, where

  0 =             and            100 = 
 ""not at all""                    ""most possible""",rew-eff-first,1
sub_66493,981,43,postBlock0,1,3,"During the last block, how much did you
FEEL BORED?
Please rate from 0 to 100 on the scale
below, where

  0 =             and            100 = 
 ""not at all""                    ""most possible""",rew-eff-first,1
sub_66493,982,31,postBlock1,1,3,"During the last block, how much did you
FEEL BORED?
Please rate from 0 to 100 on the scale
below, where

  0 =             and            100 = 
 ""not at all""                    ""most possible""",rew-eff-first,1
sub_66493,983,67,postBlock3,1,3,"During the last block, how much did you
FEEL BORED?
Please rate from 0 to 100 on the scale
below, where

  0 =             and            100 = 
 ""not at all""                    ""most possible""",rew-eff-first,1
sub_66493,984,71,postBlock2,1,3,"During the last block, how much did you
FEEL BORED?
Please rate from 0 to 100 on the scale
below, where

  0 =             and            100 = 
 ""not at all""                    ""most possible""",rew-eff-first,1
sub_40385,985,75,postBlock0,1,1,"During the last block, how much did you
FEEL PLEASED
when you collected the coins?


Please rate from 0 to 100 on the scale
below, where

  0 =             and            100 = 
 ""not at all""                    ""most possible""",causal-attr-first,1
sub_40385,986,71,postBlock1,1,1,"During the last block, how much did you
FEEL PLEASED
when you collected the coins?


Please rate from 0 to 100 on the scale
below, where

  0 =             and            100 = 
 ""not at all""                    ""most possible""",causal-attr-first,1
sub_40385,987,72,postBlock3,1,1,"During the last block, how much did you
FEEL PLEASED
when you collected the coins?


Please rate from 0 to 100 on the scale
below, where

  0 =             and            100 = 
 ""not at all""                    ""most possible""",causal-attr-first,1
sub_40385,988,68,postBlock2,1,1,"During the last block, how much did you
FEEL PLEASED
when you collected the coins?


Please rate from 0 to 100 on the scale
below, where

  0 =             and            100 = 
 ""not at all""                    ""most possible""",causal-attr-first,1
sub_40385,989,72,postBlock2,1,2,"During the last block, how much did you
FEEL A SENSE OF ACHIEVEMENT when you
sucessfully hit the required power level?


Please rate from 0 to 100 on the scale
below, where

  0 =             and            100 = 
 ""not at all""                    ""most possible""",causal-attr-first,1
sub_40385,990,77,postBlock0,1,2,"During the last block, how much did you
FEEL A SENSE OF ACHIEVEMENT when you
sucessfully hit the required power level?


Please rate from 0 to 100 on the scale
below, where

  0 =             and            100 = 
 ""not at all""                    ""most possible""",causal-attr-first,1
sub_40385,991,73,postBlock1,1,2,"During the last block, how much did you
FEEL A SENSE OF ACHIEVEMENT when you
sucessfully hit the required power level?


Please rate from 0 to 100 on the scale
below, where

  0 =             and            100 = 
 ""not at all""                    ""most possible""",causal-attr-first,1
sub_40385,992,69,postBlock3,1,2,"During the last block, how much did you
FEEL A SENSE OF ACHIEVEMENT when you
sucessfully hit the required power level?


Please rate from 0 to 100 on the scale
below, where

  0 =             and            100 = 
 ""not at all""                    ""most possible""",causal-attr-first,1
sub_40385,993,67,postBlock0,1,3,"During the last block, how much did you
FEEL BORED?
Please rate from 0 to 100 on the scale
below, where

  0 =             and            100 = 
 ""not at all""                    ""most possible""",causal-attr-first,1
sub_40385,994,72,postBlock1,1,3,"During the last block, how much did you
FEEL BORED?
Please rate from 0 to 100 on the scale
below, where

  0 =             and            100 = 
 ""not at all""                    ""most possible""",causal-attr-first,1
sub_40385,995,77,postBlock3,1,3,"During the last block, how much did you
FEEL BORED?
Please rate from 0 to 100 on the scale
below, where

  0 =             and            100 = 
 ""not at all""                    ""most possible""",causal-attr-first,1
sub_40385,996,78,postBlock2,1,3,"During the last block, how much did you
FEEL BORED?
Please rate from 0 to 100 on the scale
below, where

  0 =             and            100 = 
 ""not at all""                    ""most possible""",causal-attr-first,1
sub_84200,997,100,postBlock0,1,1,"During the last block, how much did you
FEEL PLEASED
when you collected the coins?


Please rate from 0 to 100 on the scale
below, where

  0 =             and            100 = 
 ""not at all""                    ""most possible""",rew-eff-first,1
sub_84200,998,100,postBlock1,1,1,"During the last block, how much did you
FEEL PLEASED
when you collected the coins?


Please rate from 0 to 100 on the scale
below, where

  0 =             and            100 = 
 ""not at all""                    ""most possible""",rew-eff-first,1
sub_84200,999,100,postBlock3,1,1,"During the last block, how much did you
FEEL PLEASED
when you collected the coins?


Please rate from 0 to 100 on the scale
below, where

  0 =             and            100 = 
 ""not at all""                    ""most possible""",rew-eff-first,1
sub_84200,1000,100,postBlock2,1,1,"During the last block, how much did you
FEEL PLEASED
when you collected the coins?


Please rate from 0 to 100 on the scale
below, where

  0 =             and            100 = 
 ""not at all""                    ""most possible""",rew-eff-first,1
sub_84200,1001,100,postBlock2,1,2,"During the last block, how much did you
FEEL A SENSE OF ACHIEVEMENT when you
sucessfully hit the required power level?


Please rate from 0 to 100 on the scale
below, where

  0 =             and            100 = 
 ""not at all""                    ""most possible""",rew-eff-first,1
sub_84200,1002,100,postBlock0,1,2,"During the last block, how much did you
FEEL A SENSE OF ACHIEVEMENT when you
sucessfully hit the required power level?


Please rate from 0 to 100 on the scale
below, where

  0 =             and            100 = 
 ""not at all""                    ""most possible""",rew-eff-first,1
sub_84200,1003,100,postBlock1,1,2,"During the last block, how much did you
FEEL A SENSE OF ACHIEVEMENT when you
sucessfully hit the required power level?


Please rate from 0 to 100 on the scale
below, where

  0 =             and            100 = 
 ""not at all""                    ""most possible""",rew-eff-first,1
sub_84200,1004,100,postBlock3,1,2,"During the last block, how much did you
FEEL A SENSE OF ACHIEVEMENT when you
sucessfully hit the required power level?


Please rate from 0 to 100 on the scale
below, where

  0 =             and            100 = 
 ""not at all""                    ""most possible""",rew-eff-first,1
sub_84200,1005,0,postBlock0,1,3,"During the last block, how much did you
FEEL BORED?
Please rate from 0 to 100 on the scale
below, where

  0 =             and            100 = 
 ""not at all""                    ""most possible""",rew-eff-first,1
sub_84200,1006,0,postBlock1,1,3,"During the last block, how much did you
FEEL BORED?
Please rate from 0 to 100 on the scale
below, where

  0 =             and            100 = 
 ""not at all""                    ""most possible""",rew-eff-first,1
sub_84200,1007,0,postBlock3,1,3,"During the last block, how much did you
FEEL BORED?
Please rate from 0 to 100 on the scale
below, where

  0 =             and            100 = 
 ""not at all""                    ""most possible""",rew-eff-first,1
sub_84200,1008,0,postBlock2,1,3,"During the last block, how much did you
FEEL BORED?
Please rate from 0 to 100 on the scale
below, where

  0 =             and            100 = 
 ""not at all""                    ""most possible""",rew-eff-first,1
sub_87547,1009,90,postBlock0,1,1,"During the last block, how much did you
FEEL PLEASED
when you collected the coins?


Please rate from 0 to 100 on the scale
below, where

  0 =             and            100 = 
 ""not at all""                    ""most possible""",causal-attr-first,1
sub_87547,1010,100,postBlock1,1,1,"During the last block, how much did you
FEEL PLEASED
when you collected the coins?


Please rate from 0 to 100 on the scale
below, where

  0 =             and            100 = 
 ""not at all""                    ""most possible""",causal-attr-first,1
sub_87547,1011,95,postBlock3,1,1,"During the last block, how much did you
FEEL PLEASED
when you collected the coins?


Please rate from 0 to 100 on the scale
below, where

  0 =             and            100 = 
 ""not at all""                    ""most possible""",causal-attr-first,1
sub_87547,1012,100,postBlock2,1,1,"During the last block, how much did you
FEEL PLEASED
when you collected the coins?


Please rate from 0 to 100 on the scale
below, where

  0 =             and            100 = 
 ""not at all""                    ""most possible""",causal-attr-first,1
sub_87547,1013,100,postBlock2,1,2,"During the last block, how much did you
FEEL A SENSE OF ACHIEVEMENT when you
sucessfully hit the required power level?


Please rate from 0 to 100 on the scale
below, where

  0 =             and            100 = 
 ""not at all""                    ""most possible""",causal-attr-first,1
sub_87547,1014,100,postBlock0,1,2,"During the last block, how much did you
FEEL A SENSE OF ACHIEVEMENT when you
sucessfully hit the required power level?


Please rate from 0 to 100 on the scale
below, where

  0 =             and            100 = 
 ""not at all""                    ""most possible""",causal-attr-first,1
sub_87547,1015,100,postBlock1,1,2,"During the last block, how much did you
FEEL A SENSE OF ACHIEVEMENT when you
sucessfully hit the required power level?


Please rate from 0 to 100 on the scale
below, where

  0 =             and            100 = 
 ""not at all""                    ""most possible""",causal-attr-first,1
sub_87547,1016,100,postBlock3,1,2,"During the last block, how much did you
FEEL A SENSE OF ACHIEVEMENT when you
sucessfully hit the required power level?


Please rate from 0 to 100 on the scale
below, where

  0 =             and            100 = 
 ""not at all""                    ""most possible""",causal-attr-first,1
sub_87547,1017,0,postBlock0,1,3,"During the last block, how much did you
FEEL BORED?
Please rate from 0 to 100 on the scale
below, where

  0 =             and            100 = 
 ""not at all""                    ""most possible""",causal-attr-first,1
sub_87547,1018,1,postBlock1,1,3,"During the last block, how much did you
FEEL BORED?
Please rate from 0 to 100 on the scale
below, where

  0 =             and            100 = 
 ""not at all""                    ""most possible""",causal-attr-first,1
sub_87547,1019,65,postBlock3,1,3,"During the last block, how much did you
FEEL BORED?
Please rate from 0 to 100 on the scale
below, where

  0 =             and            100 = 
 ""not at all""                    ""most possible""",causal-attr-first,1
sub_87547,1020,57,postBlock2,1,3,"During the last block, how much did you
FEEL BORED?
Please rate from 0 to 100 on the scale
below, where

  0 =             and            100 = 
 ""not at all""                    ""most possible""",causal-attr-first,1
sub_29997,1021,23,postBlock0,1,1,"During the last block, how much did you
FEEL PLEASED
when you collected the coins?


Please rate from 0 to 100 on the scale
below, where

  0 =             and            100 = 
 ""not at all""                    ""most possible""",rew-eff-first,1
sub_29997,1022,29,postBlock1,1,1,"During the last block, how much did you
FEEL PLEASED
when you collected the coins?


Please rate from 0 to 100 on the scale
below, where

  0 =             and            100 = 
 ""not at all""                    ""most possible""",rew-eff-first,1
sub_29997,1023,26,postBlock3,1,1,"During the last block, how much did you
FEEL PLEASED
when you collected the coins?


Please rate from 0 to 100 on the scale
below, where

  0 =             and            100 = 
 ""not at all""                    ""most possible""",rew-eff-first,1
sub_29997,1024,16,postBlock2,1,1,"During the last block, how much did you
FEEL PLEASED
when you collected the coins?


Please rate from 0 to 100 on the scale
below, where

  0 =             and            100 = 
 ""not at all""                    ""most possible""",rew-eff-first,1
sub_29997,1025,20,postBlock2,1,2,"During the last block, how much did you
FEEL A SENSE OF ACHIEVEMENT when you
sucessfully hit the required power level?


Please rate from 0 to 100 on the scale
below, where

  0 =             and            100 = 
 ""not at all""                    ""most possible""",rew-eff-first,1
sub_29997,1026,22,postBlock0,1,2,"During the last block, how much did you
FEEL A SENSE OF ACHIEVEMENT when you
sucessfully hit the required power level?


Please rate from 0 to 100 on the scale
below, where

  0 =             and            100 = 
 ""not at all""                    ""most possible""",rew-eff-first,1
sub_29997,1027,16,postBlock1,1,2,"During the last block, how much did you
FEEL A SENSE OF ACHIEVEMENT when you
sucessfully hit the required power level?


Please rate from 0 to 100 on the scale
below, where

  0 =             and            100 = 
 ""not at all""                    ""most possible""",rew-eff-first,1
sub_29997,1028,18,postBlock3,1,2,"During the last block, how much did you
FEEL A SENSE OF ACHIEVEMENT when you
sucessfully hit the required power level?


Please rate from 0 to 100 on the scale
below, where

  0 =             and            100 = 
 ""not at all""                    ""most possible""",rew-eff-first,1
sub_29997,1029,65,postBlock0,1,3,"During the last block, how much did you
FEEL BORED?
Please rate from 0 to 100 on the scale
below, where

  0 =             and            100 = 
 ""not at all""                    ""most possible""",rew-eff-first,1
sub_29997,1030,63,postBlock1,1,3,"During the last block, how much did you
FEEL BORED?
Please rate from 0 to 100 on the scale
below, where

  0 =             and            100 = 
 ""not at all""                    ""most possible""",rew-eff-first,1
sub_29997,1031,63,postBlock3,1,3,"During the last block, how much did you
FEEL BORED?
Please rate from 0 to 100 on the scale
below, where

  0 =             and            100 = 
 ""not at all""                    ""most possible""",rew-eff-first,1
sub_29997,1032,67,postBlock2,1,3,"During the last block, how much did you
FEEL BORED?
Please rate from 0 to 100 on the scale
below, where

  0 =             and            100 = 
 ""not at all""                    ""most possible""",rew-eff-first,1
sub_77686,1033,82,postBlock0,1,1,"During the last block, how much did you
FEEL PLEASED
when you collected the coins?


Please rate from 0 to 100 on the scale
below, where

  0 =             and            100 = 
 ""not at all""                    ""most possible""",rew-eff-first,1
sub_77686,1034,63,postBlock1,1,1,"During the last block, how much did you
FEEL PLEASED
when you collected the coins?


Please rate from 0 to 100 on the scale
below, where

  0 =             and            100 = 
 ""not at all""                    ""most possible""",rew-eff-first,1
sub_77686,1035,70,postBlock3,1,1,"During the last block, how much did you
FEEL PLEASED
when you collected the coins?


Please rate from 0 to 100 on the scale
below, where

  0 =             and            100 = 
 ""not at all""                    ""most possible""",rew-eff-first,1
sub_77686,1036,71,postBlock2,1,1,"During the last block, how much did you
FEEL PLEASED
when you collected the coins?


Please rate from 0 to 100 on the scale
below, where

  0 =             and            100 = 
 ""not at all""                    ""most possible""",rew-eff-first,1
sub_77686,1037,80,postBlock2,1,2,"During the last block, how much did you
FEEL A SENSE OF ACHIEVEMENT when you
sucessfully hit the required power level?


Please rate from 0 to 100 on the scale
below, where

  0 =             and            100 = 
 ""not at all""                    ""most possible""",rew-eff-first,1
sub_77686,1038,73,postBlock0,1,2,"During the last block, how much did you
FEEL A SENSE OF ACHIEVEMENT when you
sucessfully hit the required power level?


Please rate from 0 to 100 on the scale
below, where

  0 =             and            100 = 
 ""not at all""                    ""most possible""",rew-eff-first,1
sub_77686,1039,68,postBlock1,1,2,"During the last block, how much did you
FEEL A SENSE OF ACHIEVEMENT when you
sucessfully hit the required power level?


Please rate from 0 to 100 on the scale
below, where

  0 =             and            100 = 
 ""not at all""                    ""most possible""",rew-eff-first,1
sub_77686,1040,73,postBlock3,1,2,"During the last block, how much did you
FEEL A SENSE OF ACHIEVEMENT when you
sucessfully hit the required power level?


Please rate from 0 to 100 on the scale
below, where

  0 =             and            100 = 
 ""not at all""                    ""most possible""",rew-eff-first,1
sub_77686,1041,74,postBlock0,1,3,"During the last block, how much did you
FEEL BORED?
Please rate from 0 to 100 on the scale
below, where

  0 =             and            100 = 
 ""not at all""                    ""most possible""",rew-eff-first,1
sub_77686,1042,73,postBlock1,1,3,"During the last block, how much did you
FEEL BORED?
Please rate from 0 to 100 on the scale
below, where

  0 =             and            100 = 
 ""not at all""                    ""most possible""",rew-eff-first,1
sub_77686,1043,79,postBlock3,1,3,"During the last block, how much did you
FEEL BORED?
Please rate from 0 to 100 on the scale
below, where

  0 =             and            100 = 
 ""not at all""                    ""most possible""",rew-eff-first,1
sub_77686,1044,85,postBlock2,1,3,"During the last block, how much did you
FEEL BORED?
Please rate from 0 to 100 on the scale
below, where

  0 =             and            100 = 
 ""not at all""                    ""most possible""",rew-eff-first,1
sub_21608,1045,40,postBlock0,1,1,"During the last block, how much did you
FEEL PLEASED
when you collected the coins?


Please rate from 0 to 100 on the scale
below, where

  0 =             and            100 = 
 ""not at all""                    ""most possible""",causal-attr-first,1
sub_21608,1046,42,postBlock1,1,1,"During the last block, how much did you
FEEL PLEASED
when you collected the coins?


Please rate from 0 to 100 on the scale
below, where

  0 =             and            100 = 
 ""not at all""                    ""most possible""",causal-attr-first,1
sub_21608,1047,47,postBlock3,1,1,"During the last block, how much did you
FEEL PLEASED
when you collected the coins?


Please rate from 0 to 100 on the scale
below, where

  0 =             and            100 = 
 ""not at all""                    ""most possible""",causal-attr-first,1
sub_21608,1048,46,postBlock2,1,1,"During the last block, how much did you
FEEL PLEASED
when you collected the coins?


Please rate from 0 to 100 on the scale
below, where

  0 =             and            100 = 
 ""not at all""                    ""most possible""",causal-attr-first,1
sub_21608,1049,49,postBlock2,1,2,"During the last block, how much did you
FEEL A SENSE OF ACHIEVEMENT when you
sucessfully hit the required power level?


Please rate from 0 to 100 on the scale
below, where

  0 =             and            100 = 
 ""not at all""                    ""most possible""",causal-attr-first,1
sub_21608,1050,30,postBlock0,1,2,"During the last block, how much did you
FEEL A SENSE OF ACHIEVEMENT when you
sucessfully hit the required power level?


Please rate from 0 to 100 on the scale
below, where

  0 =             and            100 = 
 ""not at all""                    ""most possible""",causal-attr-first,1
sub_21608,1051,41,postBlock1,1,2,"During the last block, how much did you
FEEL A SENSE OF ACHIEVEMENT when you
sucessfully hit the required power level?


Please rate from 0 to 100 on the scale
below, where

  0 =             and            100 = 
 ""not at all""                    ""most possible""",causal-attr-first,1
sub_21608,1052,48,postBlock3,1,2,"During the last block, how much did you
FEEL A SENSE OF ACHIEVEMENT when you
sucessfully hit the required power level?


Please rate from 0 to 100 on the scale
below, where

  0 =             and            100 = 
 ""not at all""                    ""most possible""",causal-attr-first,1
sub_21608,1053,89,postBlock0,1,3,"During the last block, how much did you
FEEL BORED?
Please rate from 0 to 100 on the scale
below, where

  0 =             and            100 = 
 ""not at all""                    ""most possible""",causal-attr-first,1
sub_21608,1054,88,postBlock1,1,3,"During the last block, how much did you
FEEL BORED?
Please rate from 0 to 100 on the scale
below, where

  0 =             and            100 = 
 ""not at all""                    ""most possible""",causal-attr-first,1
sub_21608,1055,88,postBlock3,1,3,"During the last block, how much did you
FEEL BORED?
Please rate from 0 to 100 on the scale
below, where

  0 =             and            100 = 
 ""not at all""                    ""most possible""",causal-attr-first,1
sub_21608,1056,79,postBlock2,1,3,"During the last block, how much did you
FEEL BORED?
Please rate from 0 to 100 on the scale
below, where

  0 =             and            100 = 
 ""not at all""                    ""most possible""",causal-attr-first,1
sub_19605,1057,88,postBlock0,1,1,"During the last block, how much did you
FEEL PLEASED
when you collected the coins?


Please rate from 0 to 100 on the scale
below, where

  0 =             and            100 = 
 ""not at all""                    ""most possible""",causal-attr-first,1
sub_19605,1058,87,postBlock1,1,1,"During the last block, how much did you
FEEL PLEASED
when you collected the coins?


Please rate from 0 to 100 on the scale
below, where

  0 =             and            100 = 
 ""not at all""                    ""most possible""",causal-attr-first,1
sub_19605,1059,87,postBlock3,1,1,"During the last block, how much did you
FEEL PLEASED
when you collected the coins?


Please rate from 0 to 100 on the scale
below, where

  0 =             and            100 = 
 ""not at all""                    ""most possible""",causal-attr-first,1
sub_19605,1060,82,postBlock2,1,1,"During the last block, how much did you
FEEL PLEASED
when you collected the coins?


Please rate from 0 to 100 on the scale
below, where

  0 =             and            100 = 
 ""not at all""                    ""most possible""",causal-attr-first,1
sub_19605,1061,82,postBlock2,1,2,"During the last block, how much did you
FEEL A SENSE OF ACHIEVEMENT when you
sucessfully hit the required power level?


Please rate from 0 to 100 on the scale
below, where

  0 =             and            100 = 
 ""not at all""                    ""most possible""",causal-attr-first,1
sub_19605,1062,90,postBlock0,1,2,"During the last block, how much did you
FEEL A SENSE OF ACHIEVEMENT when you
sucessfully hit the required power level?


Please rate from 0 to 100 on the scale
below, where

  0 =             and            100 = 
 ""not at all""                    ""most possible""",causal-attr-first,1
sub_19605,1063,100,postBlock1,1,2,"During the last block, how much did you
FEEL A SENSE OF ACHIEVEMENT when you
sucessfully hit the required power level?


Please rate from 0 to 100 on the scale
below, where

  0 =             and            100 = 
 ""not at all""                    ""most possible""",causal-attr-first,1
sub_19605,1064,72,postBlock3,1,2,"During the last block, how much did you
FEEL A SENSE OF ACHIEVEMENT when you
sucessfully hit the required power level?


Please rate from 0 to 100 on the scale
below, where

  0 =             and            100 = 
 ""not at all""                    ""most possible""",causal-attr-first,1
sub_19605,1065,35,postBlock0,1,3,"During the last block, how much did you
FEEL BORED?
Please rate from 0 to 100 on the scale
below, where

  0 =             and            100 = 
 ""not at all""                    ""most possible""",causal-attr-first,1
sub_19605,1066,67,postBlock1,1,3,"During the last block, how much did you
FEEL BORED?
Please rate from 0 to 100 on the scale
below, where

  0 =             and            100 = 
 ""not at all""                    ""most possible""",causal-attr-first,1
sub_19605,1067,90,postBlock3,1,3,"During the last block, how much did you
FEEL BORED?
Please rate from 0 to 100 on the scale
below, where

  0 =             and            100 = 
 ""not at all""                    ""most possible""",causal-attr-first,1
sub_19605,1068,86,postBlock2,1,3,"During the last block, how much did you
FEEL BORED?
Please rate from 0 to 100 on the scale
below, where

  0 =             and            100 = 
 ""not at all""                    ""most possible""",causal-attr-first,1
sub_26580,1069,57,postBlock0,1,1,"During the last block, how much did you
FEEL PLEASED
when you collected the coins?


Please rate from 0 to 100 on the scale
below, where

  0 =             and            100 = 
 ""not at all""                    ""most possible""",causal-attr-first,1
sub_26580,1070,60,postBlock1,1,1,"During the last block, how much did you
FEEL PLEASED
when you collected the coins?


Please rate from 0 to 100 on the scale
below, where

  0 =             and            100 = 
 ""not at all""                    ""most possible""",causal-attr-first,1
sub_26580,1071,58,postBlock3,1,1,"During the last block, how much did you
FEEL PLEASED
when you collected the coins?


Please rate from 0 to 100 on the scale
below, where

  0 =             and            100 = 
 ""not at all""                    ""most possible""",causal-attr-first,1
sub_26580,1072,58,postBlock2,1,1,"During the last block, how much did you
FEEL PLEASED
when you collected the coins?


Please rate from 0 to 100 on the scale
below, where

  0 =             and            100 = 
 ""not at all""                    ""most possible""",causal-attr-first,1
sub_26580,1073,60,postBlock2,1,2,"During the last block, how much did you
FEEL A SENSE OF ACHIEVEMENT when you
sucessfully hit the required power level?


Please rate from 0 to 100 on the scale
below, where

  0 =             and            100 = 
 ""not at all""                    ""most possible""",causal-attr-first,1
sub_26580,1074,67,postBlock0,1,2,"During the last block, how much did you
FEEL A SENSE OF ACHIEVEMENT when you
sucessfully hit the required power level?


Please rate from 0 to 100 on the scale
below, where

  0 =             and            100 = 
 ""not at all""                    ""most possible""",causal-attr-first,1
sub_26580,1075,58,postBlock1,1,2,"During the last block, how much did you
FEEL A SENSE OF ACHIEVEMENT when you
sucessfully hit the required power level?


Please rate from 0 to 100 on the scale
below, where

  0 =             and            100 = 
 ""not at all""                    ""most possible""",causal-attr-first,1
sub_26580,1076,57,postBlock3,1,2,"During the last block, how much did you
FEEL A SENSE OF ACHIEVEMENT when you
sucessfully hit the required power level?


Please rate from 0 to 100 on the scale
below, where

  0 =             and            100 = 
 ""not at all""                    ""most possible""",causal-attr-first,1
sub_26580,1077,46,postBlock0,1,3,"During the last block, how much did you
FEEL BORED?
Please rate from 0 to 100 on the scale
below, where

  0 =             and            100 = 
 ""not at all""                    ""most possible""",causal-attr-first,1
sub_26580,1078,44,postBlock1,1,3,"During the last block, how much did you
FEEL BORED?
Please rate from 0 to 100 on the scale
below, where

  0 =             and            100 = 
 ""not at all""                    ""most possible""",causal-attr-first,1
sub_26580,1079,77,postBlock3,1,3,"During the last block, how much did you
FEEL BORED?
Please rate from 0 to 100 on the scale
below, where

  0 =             and            100 = 
 ""not at all""                    ""most possible""",causal-attr-first,1
sub_26580,1080,64,postBlock2,1,3,"During the last block, how much did you
FEEL BORED?
Please rate from 0 to 100 on the scale
below, where

  0 =             and            100 = 
 ""not at all""                    ""most possible""",causal-attr-first,1
sub_95550,1081,83,postBlock0,1,1,"During the last block, how much did you
FEEL PLEASED
when you collected the coins?


Please rate from 0 to 100 on the scale
below, where

  0 =             and            100 = 
 ""not at all""                    ""most possible""",rew-eff-first,1
sub_95550,1082,71,postBlock1,1,1,"During the last block, how much did you
FEEL PLEASED
when you collected the coins?


Please rate from 0 to 100 on the scale
below, where

  0 =             and            100 = 
 ""not at all""                    ""most possible""",rew-eff-first,1
sub_95550,1083,54,postBlock3,1,1,"During the last block, how much did you
FEEL PLEASED
when you collected the coins?


Please rate from 0 to 100 on the scale
below, where

  0 =             and            100 = 
 ""not at all""                    ""most possible""",rew-eff-first,1
sub_95550,1084,67,postBlock2,1,1,"During the last block, how much did you
FEEL PLEASED
when you collected the coins?


Please rate from 0 to 100 on the scale
below, where

  0 =             and            100 = 
 ""not at all""                    ""most possible""",rew-eff-first,1
sub_95550,1085,54,postBlock2,1,2,"During the last block, how much did you
FEEL A SENSE OF ACHIEVEMENT when you
sucessfully hit the required power level?


Please rate from 0 to 100 on the scale
below, where

  0 =             and            100 = 
 ""not at all""                    ""most possible""",rew-eff-first,1
sub_95550,1086,69,postBlock0,1,2,"During the last block, how much did you
FEEL A SENSE OF ACHIEVEMENT when you
sucessfully hit the required power level?


Please rate from 0 to 100 on the scale
below, where

  0 =             and            100 = 
 ""not at all""                    ""most possible""",rew-eff-first,1
sub_95550,1087,59,postBlock1,1,2,"During the last block, how much did you
FEEL A SENSE OF ACHIEVEMENT when you
sucessfully hit the required power level?


Please rate from 0 to 100 on the scale
below, where

  0 =             and            100 = 
 ""not at all""                    ""most possible""",rew-eff-first,1
sub_95550,1088,48,postBlock3,1,2,"During the last block, how much did you
FEEL A SENSE OF ACHIEVEMENT when you
sucessfully hit the required power level?


Please rate from 0 to 100 on the scale
below, where

  0 =             and            100 = 
 ""not at all""                    ""most possible""",rew-eff-first,1
sub_95550,1089,57,postBlock0,1,3,"During the last block, how much did you
FEEL BORED?
Please rate from 0 to 100 on the scale
below, where

  0 =             and            100 = 
 ""not at all""                    ""most possible""",rew-eff-first,1
sub_95550,1090,54,postBlock1,1,3,"During the last block, how much did you
FEEL BORED?
Please rate from 0 to 100 on the scale
below, where

  0 =             and            100 = 
 ""not at all""                    ""most possible""",rew-eff-first,1
sub_95550,1091,35,postBlock3,1,3,"During the last block, how much did you
FEEL BORED?
Please rate from 0 to 100 on the scale
below, where

  0 =             and            100 = 
 ""not at all""                    ""most possible""",rew-eff-first,1
sub_95550,1092,44,postBlock2,1,3,"During the last block, how much did you
FEEL BORED?
Please rate from 0 to 100 on the scale
below, where

  0 =             and            100 = 
 ""not at all""                    ""most possible""",rew-eff-first,1
sub_31928,1093,80,postBlock0,1,1,"During the last block, how much did you
FEEL PLEASED
when you collected the coins?


Please rate from 0 to 100 on the scale
below, where

  0 =             and            100 = 
 ""not at all""                    ""most possible""",rew-eff-first,1
sub_31928,1094,73,postBlock1,1,1,"During the last block, how much did you
FEEL PLEASED
when you collected the coins?


Please rate from 0 to 100 on the scale
below, where

  0 =             and            100 = 
 ""not at all""                    ""most possible""",rew-eff-first,1
sub_31928,1095,58,postBlock3,1,1,"During the last block, how much did you
FEEL PLEASED
when you collected the coins?


Please rate from 0 to 100 on the scale
below, where

  0 =             and            100 = 
 ""not at all""                    ""most possible""",rew-eff-first,1
sub_31928,1096,71,postBlock2,1,1,"During the last block, how much did you
FEEL PLEASED
when you collected the coins?


Please rate from 0 to 100 on the scale
below, where

  0 =             and            100 = 
 ""not at all""                    ""most possible""",rew-eff-first,1
sub_31928,1097,71,postBlock2,1,2,"During the last block, how much did you
FEEL A SENSE OF ACHIEVEMENT when you
sucessfully hit the required power level?


Please rate from 0 to 100 on the scale
below, where

  0 =             and            100 = 
 ""not at all""                    ""most possible""",rew-eff-first,1
sub_31928,1098,74,postBlock0,1,2,"During the last block, how much did you
FEEL A SENSE OF ACHIEVEMENT when you
sucessfully hit the required power level?


Please rate from 0 to 100 on the scale
below, where

  0 =             and            100 = 
 ""not at all""                    ""most possible""",rew-eff-first,1
sub_31928,1099,73,postBlock1,1,2,"During the last block, how much did you
FEEL A SENSE OF ACHIEVEMENT when you
sucessfully hit the required power level?


Please rate from 0 to 100 on the scale
below, where

  0 =             and            100 = 
 ""not at all""                    ""most possible""",rew-eff-first,1
sub_31928,1100,60,postBlock3,1,2,"During the last block, how much did you
FEEL A SENSE OF ACHIEVEMENT when you
sucessfully hit the required power level?


Please rate from 0 to 100 on the scale
below, where

  0 =             and            100 = 
 ""not at all""                    ""most possible""",rew-eff-first,1
sub_31928,1101,24,postBlock0,1,3,"During the last block, how much did you
FEEL BORED?
Please rate from 0 to 100 on the scale
below, where

  0 =             and            100 = 
 ""not at all""                    ""most possible""",rew-eff-first,1
sub_31928,1102,24,postBlock1,1,3,"During the last block, how much did you
FEEL BORED?
Please rate from 0 to 100 on the scale
below, where

  0 =             and            100 = 
 ""not at all""                    ""most possible""",rew-eff-first,1
sub_31928,1103,65,postBlock3,1,3,"During the last block, how much did you
FEEL BORED?
Please rate from 0 to 100 on the scale
below, where

  0 =             and            100 = 
 ""not at all""                    ""most possible""",rew-eff-first,1
sub_31928,1104,53,postBlock2,1,3,"During the last block, how much did you
FEEL BORED?
Please rate from 0 to 100 on the scale
below, where

  0 =             and            100 = 
 ""not at all""                    ""most possible""",rew-eff-first,1
sub_71162,1105,65,postBlock0,1,1,"During the last block, how much did you
FEEL PLEASED
when you collected the coins?


Please rate from 0 to 100 on the scale
below, where

  0 =             and            100 = 
 ""not at all""                    ""most possible""",causal-attr-first,1
sub_71162,1106,50,postBlock1,1,1,"During the last block, how much did you
FEEL PLEASED
when you collected the coins?


Please rate from 0 to 100 on the scale
below, where

  0 =             and            100 = 
 ""not at all""                    ""most possible""",causal-attr-first,1
sub_71162,1107,47,postBlock3,1,1,"During the last block, how much did you
FEEL PLEASED
when you collected the coins?


Please rate from 0 to 100 on the scale
below, where

  0 =             and            100 = 
 ""not at all""                    ""most possible""",causal-attr-first,1
sub_71162,1108,39,postBlock2,1,1,"During the last block, how much did you
FEEL PLEASED
when you collected the coins?


Please rate from 0 to 100 on the scale
below, where

  0 =             and            100 = 
 ""not at all""                    ""most possible""",causal-attr-first,1
sub_71162,1109,32,postBlock2,1,2,"During the last block, how much did you
FEEL A SENSE OF ACHIEVEMENT when you
sucessfully hit the required power level?


Please rate from 0 to 100 on the scale
below, where

  0 =             and            100 = 
 ""not at all""                    ""most possible""",causal-attr-first,1
sub_71162,1110,100,postBlock0,1,2,"During the last block, how much did you
FEEL A SENSE OF ACHIEVEMENT when you
sucessfully hit the required power level?


Please rate from 0 to 100 on the scale
below, where

  0 =             and            100 = 
 ""not at all""                    ""most possible""",causal-attr-first,1
sub_71162,1111,73,postBlock1,1,2,"During the last block, how much did you
FEEL A SENSE OF ACHIEVEMENT when you
sucessfully hit the required power level?


Please rate from 0 to 100 on the scale
below, where

  0 =             and            100 = 
 ""not at all""                    ""most possible""",causal-attr-first,1
sub_71162,1112,45,postBlock3,1,2,"During the last block, how much did you
FEEL A SENSE OF ACHIEVEMENT when you
sucessfully hit the required power level?


Please rate from 0 to 100 on the scale
below, where

  0 =             and            100 = 
 ""not at all""                    ""most possible""",causal-attr-first,1
sub_71162,1113,61,postBlock0,1,3,"During the last block, how much did you
FEEL BORED?
Please rate from 0 to 100 on the scale
below, where

  0 =             and            100 = 
 ""not at all""                    ""most possible""",causal-attr-first,1
sub_71162,1114,91,postBlock1,1,3,"During the last block, how much did you
FEEL BORED?
Please rate from 0 to 100 on the scale
below, where

  0 =             and            100 = 
 ""not at all""                    ""most possible""",causal-attr-first,1
sub_71162,1115,87,postBlock3,1,3,"During the last block, how much did you
FEEL BORED?
Please rate from 0 to 100 on the scale
below, where

  0 =             and            100 = 
 ""not at all""                    ""most possible""",causal-attr-first,1
sub_71162,1116,26,postBlock2,1,3,"During the last block, how much did you
FEEL BORED?
Please rate from 0 to 100 on the scale
below, where

  0 =             and            100 = 
 ""not at all""                    ""most possible""",causal-attr-first,1
sub_18323,1117,24,postBlock0,1,1,"During the last block, how much did you
FEEL PLEASED
when you collected the coins?


Please rate from 0 to 100 on the scale
below, where

  0 =             and            100 = 
 ""not at all""                    ""most possible""",rew-eff-first,1
sub_18323,1118,6,postBlock1,1,1,"During the last block, how much did you
FEEL PLEASED
when you collected the coins?


Please rate from 0 to 100 on the scale
below, where

  0 =             and            100 = 
 ""not at all""                    ""most possible""",rew-eff-first,1
sub_18323,1119,17,postBlock3,1,1,"During the last block, how much did you
FEEL PLEASED
when you collected the coins?


Please rate from 0 to 100 on the scale
below, where

  0 =             and            100 = 
 ""not at all""                    ""most possible""",rew-eff-first,1
sub_18323,1120,63,postBlock2,1,1,"During the last block, how much did you
FEEL PLEASED
when you collected the coins?


Please rate from 0 to 100 on the scale
below, where

  0 =             and            100 = 
 ""not at all""                    ""most possible""",rew-eff-first,1
sub_18323,1121,33,postBlock2,1,2,"During the last block, how much did you
FEEL A SENSE OF ACHIEVEMENT when you
sucessfully hit the required power level?


Please rate from 0 to 100 on the scale
below, where

  0 =             and            100 = 
 ""not at all""                    ""most possible""",rew-eff-first,1
sub_18323,1122,65,postBlock0,1,2,"During the last block, how much did you
FEEL A SENSE OF ACHIEVEMENT when you
sucessfully hit the required power level?


Please rate from 0 to 100 on the scale
below, where

  0 =             and            100 = 
 ""not at all""                    ""most possible""",rew-eff-first,1
sub_18323,1123,12,postBlock1,1,2,"During the last block, how much did you
FEEL A SENSE OF ACHIEVEMENT when you
sucessfully hit the required power level?


Please rate from 0 to 100 on the scale
below, where

  0 =             and            100 = 
 ""not at all""                    ""most possible""",rew-eff-first,1
sub_18323,1124,7,postBlock3,1,2,"During the last block, how much did you
FEEL A SENSE OF ACHIEVEMENT when you
sucessfully hit the required power level?


Please rate from 0 to 100 on the scale
below, where

  0 =             and            100 = 
 ""not at all""                    ""most possible""",rew-eff-first,1
sub_18323,1125,95,postBlock0,1,3,"During the last block, how much did you
FEEL BORED?
Please rate from 0 to 100 on the scale
below, where

  0 =             and            100 = 
 ""not at all""                    ""most possible""",rew-eff-first,1
sub_18323,1126,98,postBlock1,1,3,"During the last block, how much did you
FEEL BORED?
Please rate from 0 to 100 on the scale
below, where

  0 =             and            100 = 
 ""not at all""                    ""most possible""",rew-eff-first,1
sub_18323,1127,99,postBlock3,1,3,"During the last block, how much did you
FEEL BORED?
Please rate from 0 to 100 on the scale
below, where

  0 =             and            100 = 
 ""not at all""                    ""most possible""",rew-eff-first,1
sub_18323,1128,94,postBlock2,1,3,"During the last block, how much did you
FEEL BORED?
Please rate from 0 to 100 on the scale
below, where

  0 =             and            100 = 
 ""not at all""                    ""most possible""",rew-eff-first,1
sub_55242,1129,85,postBlock0,1,1,"During the last block, how much did you
FEEL PLEASED
when you collected the coins?


Please rate from 0 to 100 on the scale
below, where

  0 =             and            100 = 
 ""not at all""                    ""most possible""",rew-eff-first,1
sub_55242,1130,92,postBlock1,1,1,"During the last block, how much did you
FEEL PLEASED
when you collected the coins?


Please rate from 0 to 100 on the scale
below, where

  0 =             and            100 = 
 ""not at all""                    ""most possible""",rew-eff-first,1
sub_55242,1131,53,postBlock3,1,1,"During the last block, how much did you
FEEL PLEASED
when you collected the coins?


Please rate from 0 to 100 on the scale
below, where

  0 =             and            100 = 
 ""not at all""                    ""most possible""",rew-eff-first,1
sub_55242,1132,68,postBlock2,1,1,"During the last block, how much did you
FEEL PLEASED
when you collected the coins?


Please rate from 0 to 100 on the scale
below, where

  0 =             and            100 = 
 ""not at all""                    ""most possible""",rew-eff-first,1
sub_55242,1133,64,postBlock2,1,2,"During the last block, how much did you
FEEL A SENSE OF ACHIEVEMENT when you
sucessfully hit the required power level?


Please rate from 0 to 100 on the scale
below, where

  0 =             and            100 = 
 ""not at all""                    ""most possible""",rew-eff-first,1
sub_55242,1134,99,postBlock0,1,2,"During the last block, how much did you
FEEL A SENSE OF ACHIEVEMENT when you
sucessfully hit the required power level?


Please rate from 0 to 100 on the scale
below, where

  0 =             and            100 = 
 ""not at all""                    ""most possible""",rew-eff-first,1
sub_55242,1135,73,postBlock1,1,2,"During the last block, how much did you
FEEL A SENSE OF ACHIEVEMENT when you
sucessfully hit the required power level?


Please rate from 0 to 100 on the scale
below, where

  0 =             and            100 = 
 ""not at all""                    ""most possible""",rew-eff-first,1
sub_55242,1136,55,postBlock3,1,2,"During the last block, how much did you
FEEL A SENSE OF ACHIEVEMENT when you
sucessfully hit the required power level?


Please rate from 0 to 100 on the scale
below, where

  0 =             and            100 = 
 ""not at all""                    ""most possible""",rew-eff-first,1
sub_55242,1137,89,postBlock0,1,3,"During the last block, how much did you
FEEL BORED?
Please rate from 0 to 100 on the scale
below, where

  0 =             and            100 = 
 ""not at all""                    ""most possible""",rew-eff-first,1
sub_55242,1138,93,postBlock1,1,3,"During the last block, how much did you
FEEL BORED?
Please rate from 0 to 100 on the scale
below, where

  0 =             and            100 = 
 ""not at all""                    ""most possible""",rew-eff-first,1
sub_55242,1139,99,postBlock3,1,3,"During the last block, how much did you
FEEL BORED?
Please rate from 0 to 100 on the scale
below, where

  0 =             and            100 = 
 ""not at all""                    ""most possible""",rew-eff-first,1
sub_55242,1140,97,postBlock2,1,3,"During the last block, how much did you
FEEL BORED?
Please rate from 0 to 100 on the scale
below, where

  0 =             and            100 = 
 ""not at all""                    ""most possible""",rew-eff-first,1
sub_70325,1141,80,postBlock0,1,1,"During the last block, how much did you
FEEL PLEASED
when you collected the coins?


Please rate from 0 to 100 on the scale
below, where

  0 =             and            100 = 
 ""not at all""                    ""most possible""",rew-eff-first,1
sub_70325,1142,75,postBlock1,1,1,"During the last block, how much did you
FEEL PLEASED
when you collected the coins?


Please rate from 0 to 100 on the scale
below, where

  0 =             and            100 = 
 ""not at all""                    ""most possible""",rew-eff-first,1
sub_70325,1143,60,postBlock3,1,1,"During the last block, how much did you
FEEL PLEASED
when you collected the coins?


Please rate from 0 to 100 on the scale
below, where

  0 =             and            100 = 
 ""not at all""                    ""most possible""",rew-eff-first,1
sub_70325,1144,65,postBlock2,1,1,"During the last block, how much did you
FEEL PLEASED
when you collected the coins?


Please rate from 0 to 100 on the scale
below, where

  0 =             and            100 = 
 ""not at all""                    ""most possible""",rew-eff-first,1
sub_70325,1145,65,postBlock2,1,2,"During the last block, how much did you
FEEL A SENSE OF ACHIEVEMENT when you
sucessfully hit the required power level?


Please rate from 0 to 100 on the scale
below, where

  0 =             and            100 = 
 ""not at all""                    ""most possible""",rew-eff-first,1
sub_70325,1146,80,postBlock0,1,2,"During the last block, how much did you
FEEL A SENSE OF ACHIEVEMENT when you
sucessfully hit the required power level?


Please rate from 0 to 100 on the scale
below, where

  0 =             and            100 = 
 ""not at all""                    ""most possible""",rew-eff-first,1
sub_70325,1147,75,postBlock1,1,2,"During the last block, how much did you
FEEL A SENSE OF ACHIEVEMENT when you
sucessfully hit the required power level?


Please rate from 0 to 100 on the scale
below, where

  0 =             and            100 = 
 ""not at all""                    ""most possible""",rew-eff-first,1
sub_70325,1148,61,postBlock3,1,2,"During the last block, how much did you
FEEL A SENSE OF ACHIEVEMENT when you
sucessfully hit the required power level?


Please rate from 0 to 100 on the scale
below, where

  0 =             and            100 = 
 ""not at all""                    ""most possible""",rew-eff-first,1
sub_70325,1149,55,postBlock0,1,3,"During the last block, how much did you
FEEL BORED?
Please rate from 0 to 100 on the scale
below, where

  0 =             and            100 = 
 ""not at all""                    ""most possible""",rew-eff-first,1
sub_70325,1150,50,postBlock1,1,3,"During the last block, how much did you
FEEL BORED?
Please rate from 0 to 100 on the scale
below, where

  0 =             and            100 = 
 ""not at all""                    ""most possible""",rew-eff-first,1
sub_70325,1151,45,postBlock3,1,3,"During the last block, how much did you
FEEL BORED?
Please rate from 0 to 100 on the scale
below, where

  0 =             and            100 = 
 ""not at all""                    ""most possible""",rew-eff-first,1
sub_70325,1152,45,postBlock2,1,3,"During the last block, how much did you
FEEL BORED?
Please rate from 0 to 100 on the scale
below, where

  0 =             and            100 = 
 ""not at all""                    ""most possible""",rew-eff-first,1
